loan_id,month_index,prob_next_3m_delinquency,prob_next_6m_delinquency,prob_next_12m_default,prob_next_12m_prepayment,next_state,exception_required,exception_type,anomaly_score,top_drivers,action,confidence
LN003001,1,0.0,0.0,0.0,0.0,Current,0,,0.0,,REVIEW,0.8
LN003001,2,0.0,0.0,0.0,0.0,Current,0,,0.0,,REVIEW,0.8
LN003001,3,0.0,0.0,0.0,0.0,Current,0,,0.0,,REVIEW,0.8
LN003001,4,0.0,0.0,0.0,0.0,Current,0,,0.0,,REVIEW,0.8
LN003001,5,0.0,0.0,0.0,0.0,Current,0,,0.0,,REVIEW,0.8
LN003001,6,0.0,0.0,0.0,0.0,Current,0,,0.0,,REVIEW,0.8
LN003001,7,0.0,0.0,0.0,0.0,Current,0,,0.0,,REVIEW,0.8
LN003001,8,0.0,0.0,0.0,0.0,Current,0,,0.0,,REVIEW,0.8
LN003001,9,0.0,0.0,0.0,0.0,Current,0,,0.0,,REVIEW,0.8
LN003001,10,0.0,0.0,0.0,0.0,Current,0,,0.0,,REVIEW,0.8
LN003001,11,0.0,0.0,0.0,0.0,Current,0,,0.0,,REVIEW,0.8
LN003001,12,0.0,0.0,0.0,0.0,Current,0,,0.0,,REVIEW,0.8
LN003001,13,0.0,0.0,0.0,0.0,Current,0,,0.0,,REVIEW,0.8
LN003001,14,0.0,0.0,0.0,0.0,Current,0,,0.0,,REVIEW,0.8
LN003001,15,0.0,0.0,0.0,0.0,Current,0,,0.0,,REVIEW,0.8
LN003001,16,0.0,0.0,0.0,0.0,Current,0,,0.0,,REVIEW,0.8
LN003001,17,0.0,0.0,0.0,0.0,Current,0,,0.0,,REVIEW,0.8
LN003001,18,0.0,0.0,0.0,0.0,Current,0,,0.0,,REVIEW,0.8
LN003001,19,0.0,0.0,0.0,0.0,Current,0,,0.0,,REVIEW,0.8
LN003001,20,0.0,0.0,0.0,0.0,Current,0,,0.0,,REVIEW,0.8
LN003001,21,0.0,0.0,0.0,0.0,Current,0,,0.0,,REVIEW,0.8
LN003001,22,0.0,0.0,0.0,0.0,Current,0,,0.0,,REVIEW,0.8
LN003001,23,0.0,0.0,0.0,0.0,Current,0,,0.0,,REVIEW,0.8
LN003001,24,0.0,0.0,0.0,0.0,Current,0,,0.0,,REVIEW,0.8
LN003002,1,0.0,0.0,0.0,0.0,Current,0,,0.0,,REVIEW,0.8
LN003002,2,0.0,0.0,0.0,0.0,Current,0,,0.0,,REVIEW,0.8
LN003002,3,0.0,0.0,0.0,0.0,Current,0,,0.0,,REVIEW,0.8
LN003002,4,0.0,0.0,0.0,0.0,Current,0,,0.0,,REVIEW,0.8
LN003002,5,0.0,0.0,0.0,0.0,Current,0,,0.0,,REVIEW,0.8
LN003002,6,0.0,0.0,0.0,0.0,Current,0,,0.0,,REVIEW,0.8
LN003002,7,0.0,0.0,0.0,0.0,Current,0,,0.0,,REVIEW,0.8
LN003002,8,0.0,0.0,0.0,0.0,Current,0,,0.0,,REVIEW,0.8
LN003002,9,0.0,0.0,0.0,0.0,Current,0,,0.0,,REVIEW,0.8
LN003002,10,0.0,0.0,0.0,0.0,Current,0,,0.0,,REVIEW,0.8
LN003002,11,0.0,0.0,0.0,0.0,Current,0,,0.0,,REVIEW,0.8
LN003002,12,0.0,0.0,0.0,0.0,Current,0,,0.0,,REVIEW,0.8
LN003002,13,0.0,0.0,0.0,0.0,Current,0,,0.0,,REVIEW,0.8
LN003002,14,0.0,0.0,0.0,0.0,Current,0,,0.0,,REVIEW,0.8
LN003002,15,0.0,0.0,0.0,0.0,Current,0,,0.0,,REVIEW,0.8
LN003002,16,0.0,0.0,0.0,0.0,Current,0,,0.0,,REVIEW,0.8
LN003002,17,0.0,0.0,0.0,0.0,Current,0,,0.0,,REVIEW,0.8
LN003002,18,0.0,0.0,0.0,0.0,Current,0,,0.0,,REVIEW,0.8
LN003002,19,0.0,0.0,0.0,0.0,Current,0,,0.0,,REVIEW,0.8
LN003002,20,0.0,0.0,0.0,0.0,Current,0,,0.0,,REVIEW,0.8
LN003002,21,0.0,0.0,0.0,0.0,Current,0,,0.0,,REVIEW,0.8
LN003002,22,0.0,0.0,0.0,0.0,Current,0,,0.0,,REVIEW,0.8
LN003002,23,0.0,0.0,0.0,0.0,Current,0,,0.0,,REVIEW,0.8
LN003002,24,0.0,0.0,0.0,0.0,Current,0,,0.0,,REVIEW,0.8
LN003003,1,0.0,0.0,0.0,0.0,Current,0,,0.0,,REVIEW,0.8
LN003003,2,0.0,0.0,0.0,0.0,Current,0,,0.0,,REVIEW,0.8
LN003003,3,0.0,0.0,0.0,0.0,Current,0,,0.0,,REVIEW,0.8
LN003003,4,0.0,0.0,0.0,0.0,Current,0,,0.0,,REVIEW,0.8
LN003003,5,0.0,0.0,0.0,0.0,Current,0,,0.0,,REVIEW,0.8
LN003003,6,0.0,0.0,0.0,0.0,Current,0,,0.0,,REVIEW,0.8
LN003003,7,0.0,0.0,0.0,0.0,Current,0,,0.0,,REVIEW,0.8
LN003003,8,0.0,0.0,0.0,0.0,Current,0,,0.0,,REVIEW,0.8
LN003003,9,0.0,0.0,0.0,0.0,Current,0,,0.0,,REVIEW,0.8
LN003003,10,0.0,0.0,0.0,0.0,Current,0,,0.0,,REVIEW,0.8
LN003003,11,0.0,0.0,0.0,0.0,Current,0,,0.0,,REVIEW,0.8
LN003003,12,0.0,0.0,0.0,0.0,Current,0,,0.0,,REVIEW,0.8
LN003003,13,0.0,0.0,0.0,0.0,Current,0,,0.0,,REVIEW,0.8
LN003003,14,0.0,0.0,0.0,0.0,Current,0,,0.0,,REVIEW,0.8
LN003003,15,0.0,0.0,0.0,0.0,Current,0,,0.0,,REVIEW,0.8
LN003003,16,0.0,0.0,0.0,0.0,Current,0,,0.0,,REVIEW,0.8
LN003003,17,0.0,0.0,0.0,0.0,Current,0,,0.0,,REVIEW,0.8
LN003003,18,0.0,0.0,0.0,0.0,Current,0,,0.0,,REVIEW,0.8
LN003003,19,0.0,0.0,0.0,0.0,Current,0,,0.0,,REVIEW,0.8
LN003003,20,0.0,0.0,0.0,0.0,Current,0,,0.0,,REVIEW,0.8
LN003003,21,0.0,0.0,0.0,0.0,Current,0,,0.0,,REVIEW,0.8
LN003003,22,0.0,0.0,0.0,0.0,Current,0,,0.0,,REVIEW,0.8
LN003003,23,0.0,0.0,0.0,0.0,Current,0,,0.0,,REVIEW,0.8
LN003003,24,0.0,0.0,0.0,0.0,Current,0,,0.0,,REVIEW,0.8
LN003004,1,0.0,0.0,0.0,0.0,Current,0,,0.0,,REVIEW,0.8
LN003004,2,0.0,0.0,0.0,0.0,Current,0,,0.0,,REVIEW,0.8
LN003004,3,0.0,0.0,0.0,0.0,Current,0,,0.0,,REVIEW,0.8
LN003004,4,0.0,0.0,0.0,0.0,Current,0,,0.0,,REVIEW,0.8
LN003004,5,0.0,0.0,0.0,0.0,Current,0,,0.0,,REVIEW,0.8
LN003004,6,0.0,0.0,0.0,0.0,Current,0,,0.0,,REVIEW,0.8
LN003004,7,0.0,0.0,0.0,0.0,Current,0,,0.0,,REVIEW,0.8
LN003004,8,0.0,0.0,0.0,0.0,Current,0,,0.0,,REVIEW,0.8
LN003004,9,0.0,0.0,0.0,0.0,Current,0,,0.0,,REVIEW,0.8
LN003004,10,0.0,0.0,0.0,0.0,Current,0,,0.0,,REVIEW,0.8
LN003004,11,0.0,0.0,0.0,0.0,Current,0,,0.0,,REVIEW,0.8
LN003004,12,0.0,0.0,0.0,0.0,Current,0,,0.0,,REVIEW,0.8
LN003004,13,0.0,0.0,0.0,0.0,Current,0,,0.0,,REVIEW,0.8
LN003004,14,0.0,0.0,0.0,0.0,Current,0,,0.0,,REVIEW,0.8
LN003004,15,0.0,0.0,0.0,0.0,Current,0,,0.0,,REVIEW,0.8
LN003004,16,0.0,0.0,0.0,0.0,Current,0,,0.0,,REVIEW,0.8
LN003004,17,0.0,0.0,0.0,0.0,Current,0,,0.0,,REVIEW,0.8
LN003004,18,0.0,0.0,0.0,0.0,Current,0,,0.0,,REVIEW,0.8
LN003004,19,0.0,0.0,0.0,0.0,Current,0,,0.0,,REVIEW,0.8
LN003004,20,0.0,0.0,0.0,0.0,Current,0,,0.0,,REVIEW,0.8
LN003004,21,0.0,0.0,0.0,0.0,Current,0,,0.0,,REVIEW,0.8
LN003004,22,0.0,0.0,0.0,0.0,Current,0,,0.0,,REVIEW,0.8
LN003004,23,0.0,0.0,0.0,0.0,Current,0,,0.0,,REVIEW,0.8
LN003004,24,0.0,0.0,0.0,0.0,Current,0,,0.0,,REVIEW,0.8
LN003005,1,0.0,0.0,0.0,0.0,Current,0,,0.0,,REVIEW,0.8
LN003006,1,0.0,0.0,0.0,0.0,Current,0,,0.0,,REVIEW,0.8
LN003006,2,0.0,0.0,0.0,0.0,Current,0,,0.0,,REVIEW,0.8
LN003006,3,0.0,0.0,0.0,0.0,Current,0,,0.0,,REVIEW,0.8
LN003006,4,0.0,0.0,0.0,0.0,Current,0,,0.0,,REVIEW,0.8
LN003006,5,0.0,0.0,0.0,0.0,Current,0,,0.0,,REVIEW,0.8
LN003006,6,0.0,0.0,0.0,0.0,Current,0,,0.0,,REVIEW,0.8
LN003006,7,0.0,0.0,0.0,0.0,Current,0,,0.0,,REVIEW,0.8
LN003006,8,0.0,0.0,0.0,0.0,Current,0,,0.0,,REVIEW,0.8
LN003006,9,0.0,0.0,0.0,0.0,Current,0,,0.0,,REVIEW,0.8
LN003006,10,0.0,0.0,0.0,0.0,Current,0,,0.0,,REVIEW,0.8
LN003006,11,0.0,0.0,0.0,0.0,Current,0,,0.0,,REVIEW,0.8
LN003006,12,0.0,0.0,0.0,0.0,Current,0,,0.0,,REVIEW,0.8
LN003006,13,0.0,0.0,0.0,0.0,Current,0,,0.0,,REVIEW,0.8
LN003006,14,0.0,0.0,0.0,0.0,Current,0,,0.0,,REVIEW,0.8
LN003007,1,0.0,0.0,0.0,0.0,Current,0,,0.0,,REVIEW,0.8
LN003007,2,0.0,0.0,0.0,0.0,Current,0,,0.0,,REVIEW,0.8
LN003007,3,0.0,0.0,0.0,0.0,Current,0,,0.0,,REVIEW,0.8
LN003007,4,0.0,0.0,0.0,0.0,Current,0,,0.0,,REVIEW,0.8
LN003007,5,0.0,0.0,0.0,0.0,Current,0,,0.0,,REVIEW,0.8
LN003007,6,0.0,0.0,0.0,0.0,Current,0,,0.0,,REVIEW,0.8
LN003007,7,0.0,0.0,0.0,0.0,Current,0,,0.0,,REVIEW,0.8
LN003007,8,0.0,0.0,0.0,0.0,Current,0,,0.0,,REVIEW,0.8
LN003007,9,0.0,0.0,0.0,0.0,Current,0,,0.0,,REVIEW,0.8
LN003007,10,0.0,0.0,0.0,0.0,Current,0,,0.0,,REVIEW,0.8
LN003007,11,0.0,0.0,0.0,0.0,Current,0,,0.0,,REVIEW,0.8
LN003007,12,0.0,0.0,0.0,0.0,Current,0,,0.0,,REVIEW,0.8
LN003007,13,0.0,0.0,0.0,0.0,Current,0,,0.0,,REVIEW,0.8
LN003007,14,0.0,0.0,0.0,0.0,Current,0,,0.0,,REVIEW,0.8
LN003007,15,0.0,0.0,0.0,0.0,Current,0,,0.0,,REVIEW,0.8
LN003007,16,0.0,0.0,0.0,0.0,Current,0,,0.0,,REVIEW,0.8
LN003007,17,0.0,0.0,0.0,0.0,Current,0,,0.0,,REVIEW,0.8
LN003007,18,0.0,0.0,0.0,0.0,Current,0,,0.0,,REVIEW,0.8
LN003007,19,0.0,0.0,0.0,0.0,Current,0,,0.0,,REVIEW,0.8
LN003007,20,0.0,0.0,0.0,0.0,Current,0,,0.0,,REVIEW,0.8
LN003007,21,0.0,0.0,0.0,0.0,Current,0,,0.0,,REVIEW,0.8
LN003007,22,0.0,0.0,0.0,0.0,Current,0,,0.0,,REVIEW,0.8
LN003007,23,0.0,0.0,0.0,0.0,Current,0,,0.0,,REVIEW,0.8
LN003007,24,0.0,0.0,0.0,0.0,Current,0,,0.0,,REVIEW,0.8
LN003008,1,0.0,0.0,0.0,0.0,Current,0,,0.0,,REVIEW,0.8
LN003008,2,0.0,0.0,0.0,0.0,Current,0,,0.0,,REVIEW,0.8
LN003008,3,0.0,0.0,0.0,0.0,Current,0,,0.0,,REVIEW,0.8
LN003008,4,0.0,0.0,0.0,0.0,Current,0,,0.0,,REVIEW,0.8
LN003008,5,0.0,0.0,0.0,0.0,Current,0,,0.0,,REVIEW,0.8
LN003008,6,0.0,0.0,0.0,0.0,Current,0,,0.0,,REVIEW,0.8
LN003008,7,0.0,0.0,0.0,0.0,Current,0,,0.0,,REVIEW,0.8
LN003008,8,0.0,0.0,0.0,0.0,Current,0,,0.0,,REVIEW,0.8
LN003008,9,0.0,0.0,0.0,0.0,Current,0,,0.0,,REVIEW,0.8
LN003008,10,0.0,0.0,0.0,0.0,Current,0,,0.0,,REVIEW,0.8
LN003008,11,0.0,0.0,0.0,0.0,Current,0,,0.0,,REVIEW,0.8
LN003008,12,0.0,0.0,0.0,0.0,Current,0,,0.0,,REVIEW,0.8
LN003008,13,0.0,0.0,0.0,0.0,Current,0,,0.0,,REVIEW,0.8
LN003008,14,0.0,0.0,0.0,0.0,Current,0,,0.0,,REVIEW,0.8
LN003008,15,0.0,0.0,0.0,0.0,Current,0,,0.0,,REVIEW,0.8
LN003008,16,0.0,0.0,0.0,0.0,Current,0,,0.0,,REVIEW,0.8
LN003008,17,0.0,0.0,0.0,0.0,Current,0,,0.0,,REVIEW,0.8
LN003009,1,0.0,0.0,0.0,0.0,Current,0,,0.0,,REVIEW,0.8
LN003009,2,0.0,0.0,0.0,0.0,Current,0,,0.0,,REVIEW,0.8
LN003009,3,0.0,0.0,0.0,0.0,Current,0,,0.0,,REVIEW,0.8
LN003009,4,0.0,0.0,0.0,0.0,Current,0,,0.0,,REVIEW,0.8
LN003009,5,0.0,0.0,0.0,0.0,Current,0,,0.0,,REVIEW,0.8
LN003009,6,0.0,0.0,0.0,0.0,Current,0,,0.0,,REVIEW,0.8
LN003009,7,0.0,0.0,0.0,0.0,Current,0,,0.0,,REVIEW,0.8
LN003009,8,0.0,0.0,0.0,0.0,Current,0,,0.0,,REVIEW,0.8
LN003009,9,0.0,0.0,0.0,0.0,Current,0,,0.0,,REVIEW,0.8
LN003009,10,0.0,0.0,0.0,0.0,Current,0,,0.0,,REVIEW,0.8
LN003009,11,0.0,0.0,0.0,0.0,Current,0,,0.0,,REVIEW,0.8
LN003009,12,0.0,0.0,0.0,0.0,Current,0,,0.0,,REVIEW,0.8
LN003009,13,0.0,0.0,0.0,0.0,Current,0,,0.0,,REVIEW,0.8
LN003009,14,0.0,0.0,0.0,0.0,Current,0,,0.0,,REVIEW,0.8
LN003009,15,0.0,0.0,0.0,0.0,Current,0,,0.0,,REVIEW,0.8
LN003009,16,0.0,0.0,0.0,0.0,Current,0,,0.0,,REVIEW,0.8
LN003009,17,0.0,0.0,0.0,0.0,Current,0,,0.0,,REVIEW,0.8
LN003009,18,0.0,0.0,0.0,0.0,Current,0,,0.0,,REVIEW,0.8
LN003009,19,0.0,0.0,0.0,0.0,Current,0,,0.0,,REVIEW,0.8
LN003009,20,0.0,0.0,0.0,0.0,Current,0,,0.0,,REVIEW,0.8
LN003009,21,0.0,0.0,0.0,0.0,Current,0,,0.0,,REVIEW,0.8
LN003009,22,0.0,0.0,0.0,0.0,Current,0,,0.0,,REVIEW,0.8
LN003009,23,0.0,0.0,0.0,0.0,Current,0,,0.0,,REVIEW,0.8
LN003009,24,0.0,0.0,0.0,0.0,Current,0,,0.0,,REVIEW,0.8
LN003010,1,0.0,0.0,0.0,0.0,Current,0,,0.0,,REVIEW,0.8
LN003010,2,0.0,0.0,0.0,0.0,Current,0,,0.0,,REVIEW,0.8
LN003010,3,0.0,0.0,0.0,0.0,Current,0,,0.0,,REVIEW,0.8
LN003010,4,0.0,0.0,0.0,0.0,Current,0,,0.0,,REVIEW,0.8
LN003010,5,0.0,0.0,0.0,0.0,Current,0,,0.0,,REVIEW,0.8
LN003010,6,0.0,0.0,0.0,0.0,Current,0,,0.0,,REVIEW,0.8
LN003010,7,0.0,0.0,0.0,0.0,Current,0,,0.0,,REVIEW,0.8
LN003010,8,0.0,0.0,0.0,0.0,Current,0,,0.0,,REVIEW,0.8
LN003010,9,0.0,0.0,0.0,0.0,Current,0,,0.0,,REVIEW,0.8
LN003010,10,0.0,0.0,0.0,0.0,Current,0,,0.0,,REVIEW,0.8
LN003010,11,0.0,0.0,0.0,0.0,Current,0,,0.0,,REVIEW,0.8
LN003010,12,0.0,0.0,0.0,0.0,Current,0,,0.0,,REVIEW,0.8
LN003010,13,0.0,0.0,0.0,0.0,Current,0,,0.0,,REVIEW,0.8
LN003010,14,0.0,0.0,0.0,0.0,Current,0,,0.0,,REVIEW,0.8
LN003010,15,0.0,0.0,0.0,0.0,Current,0,,0.0,,REVIEW,0.8
LN003010,16,0.0,0.0,0.0,0.0,Current,0,,0.0,,REVIEW,0.8
LN003010,17,0.0,0.0,0.0,0.0,Current,0,,0.0,,REVIEW,0.8
LN003010,18,0.0,0.0,0.0,0.0,Current,0,,0.0,,REVIEW,0.8
LN003010,19,0.0,0.0,0.0,0.0,Current,0,,0.0,,REVIEW,0.8
LN003010,20,0.0,0.0,0.0,0.0,Current,0,,0.0,,REVIEW,0.8
LN003010,21,0.0,0.0,0.0,0.0,Current,0,,0.0,,REVIEW,0.8
LN003010,22,0.0,0.0,0.0,0.0,Current,0,,0.0,,REVIEW,0.8
LN003010,23,0.0,0.0,0.0,0.0,Current,0,,0.0,,REVIEW,0.8
LN003011,1,0.0,0.0,0.0,0.0,Current,0,,0.0,,REVIEW,0.8
LN003011,2,0.0,0.0,0.0,0.0,Current,0,,0.0,,REVIEW,0.8
LN003011,3,0.0,0.0,0.0,0.0,Current,0,,0.0,,REVIEW,0.8
LN003011,4,0.0,0.0,0.0,0.0,Current,0,,0.0,,REVIEW,0.8
LN003011,5,0.0,0.0,0.0,0.0,Current,0,,0.0,,REVIEW,0.8
LN003011,6,0.0,0.0,0.0,0.0,Current,0,,0.0,,REVIEW,0.8
LN003011,7,0.0,0.0,0.0,0.0,Current,0,,0.0,,REVIEW,0.8
LN003011,8,0.0,0.0,0.0,0.0,Current,0,,0.0,,REVIEW,0.8
LN003011,9,0.0,0.0,0.0,0.0,Current,0,,0.0,,REVIEW,0.8
LN003011,10,0.0,0.0,0.0,0.0,Current,0,,0.0,,REVIEW,0.8
LN003011,11,0.0,0.0,0.0,0.0,Current,0,,0.0,,REVIEW,0.8
LN003012,1,0.0,0.0,0.0,0.0,Current,0,,0.0,,REVIEW,0.8
LN003012,2,0.0,0.0,0.0,0.0,Current,0,,0.0,,REVIEW,0.8
LN003012,3,0.0,0.0,0.0,0.0,Current,0,,0.0,,REVIEW,0.8
LN003012,4,0.0,0.0,0.0,0.0,Current,0,,0.0,,REVIEW,0.8
LN003012,5,0.0,0.0,0.0,0.0,Current,0,,0.0,,REVIEW,0.8
LN003012,6,0.0,0.0,0.0,0.0,Current,0,,0.0,,REVIEW,0.8
LN003012,7,0.0,0.0,0.0,0.0,Current,0,,0.0,,REVIEW,0.8
LN003012,8,0.0,0.0,0.0,0.0,Current,0,,0.0,,REVIEW,0.8
LN003012,9,0.0,0.0,0.0,0.0,Current,0,,0.0,,REVIEW,0.8
LN003012,10,0.0,0.0,0.0,0.0,Current,0,,0.0,,REVIEW,0.8
LN003012,11,0.0,0.0,0.0,0.0,Current,0,,0.0,,REVIEW,0.8
LN003012,12,0.0,0.0,0.0,0.0,Current,0,,0.0,,REVIEW,0.8
LN003012,13,0.0,0.0,0.0,0.0,Current,0,,0.0,,REVIEW,0.8
LN003012,14,0.0,0.0,0.0,0.0,Current,0,,0.0,,REVIEW,0.8
LN003012,15,0.0,0.0,0.0,0.0,Current,0,,0.0,,REVIEW,0.8
LN003013,1,0.0,0.0,0.0,0.0,Current,0,,0.0,,REVIEW,0.8
LN003013,2,0.0,0.0,0.0,0.0,Current,0,,0.0,,REVIEW,0.8
LN003013,3,0.0,0.0,0.0,0.0,Current,0,,0.0,,REVIEW,0.8
LN003013,4,0.0,0.0,0.0,0.0,Current,0,,0.0,,REVIEW,0.8
LN003013,5,0.0,0.0,0.0,0.0,Current,0,,0.0,,REVIEW,0.8
LN003013,6,0.0,0.0,0.0,0.0,Current,0,,0.0,,REVIEW,0.8
LN003013,7,0.0,0.0,0.0,0.0,Current,0,,0.0,,REVIEW,0.8
LN003013,8,0.0,0.0,0.0,0.0,Current,0,,0.0,,REVIEW,0.8
LN003013,9,0.0,0.0,0.0,0.0,Current,0,,0.0,,REVIEW,0.8
LN003013,10,0.0,0.0,0.0,0.0,Current,0,,0.0,,REVIEW,0.8
LN003013,11,0.0,0.0,0.0,0.0,Current,0,,0.0,,REVIEW,0.8
LN003013,12,0.0,0.0,0.0,0.0,Current,0,,0.0,,REVIEW,0.8
LN003013,13,0.0,0.0,0.0,0.0,Current,0,,0.0,,REVIEW,0.8
LN003013,14,0.0,0.0,0.0,0.0,Current,0,,0.0,,REVIEW,0.8
LN003013,15,0.0,0.0,0.0,0.0,Current,0,,0.0,,REVIEW,0.8
LN003013,16,0.0,0.0,0.0,0.0,Current,0,,0.0,,REVIEW,0.8
LN003013,17,0.0,0.0,0.0,0.0,Current,0,,0.0,,REVIEW,0.8
LN003014,1,0.0,0.0,0.0,0.0,Current,0,,0.0,,REVIEW,0.8
LN003014,2,0.0,0.0,0.0,0.0,Current,0,,0.0,,REVIEW,0.8
LN003014,3,0.0,0.0,0.0,0.0,Current,0,,0.0,,REVIEW,0.8
LN003014,4,0.0,0.0,0.0,0.0,Current,0,,0.0,,REVIEW,0.8
LN003014,5,0.0,0.0,0.0,0.0,Current,0,,0.0,,REVIEW,0.8
LN003014,6,0.0,0.0,0.0,0.0,Current,0,,0.0,,REVIEW,0.8
LN003014,7,0.0,0.0,0.0,0.0,Current,0,,0.0,,REVIEW,0.8
LN003014,8,0.0,0.0,0.0,0.0,Current,0,,0.0,,REVIEW,0.8
LN003014,9,0.0,0.0,0.0,0.0,Current,0,,0.0,,REVIEW,0.8
LN003014,10,0.0,0.0,0.0,0.0,Current,0,,0.0,,REVIEW,0.8
LN003014,11,0.0,0.0,0.0,0.0,Current,0,,0.0,,REVIEW,0.8
LN003014,12,0.0,0.0,0.0,0.0,Current,0,,0.0,,REVIEW,0.8
LN003014,13,0.0,0.0,0.0,0.0,Current,0,,0.0,,REVIEW,0.8
LN003014,14,0.0,0.0,0.0,0.0,Current,0,,0.0,,REVIEW,0.8
LN003014,15,0.0,0.0,0.0,0.0,Current,0,,0.0,,REVIEW,0.8
LN003014,16,0.0,0.0,0.0,0.0,Current,0,,0.0,,REVIEW,0.8
LN003014,17,0.0,0.0,0.0,0.0,Current,0,,0.0,,REVIEW,0.8
LN003014,18,0.0,0.0,0.0,0.0,Current,0,,0.0,,REVIEW,0.8
LN003014,19,0.0,0.0,0.0,0.0,Current,0,,0.0,,REVIEW,0.8
LN003014,20,0.0,0.0,0.0,0.0,Current,0,,0.0,,REVIEW,0.8
LN003014,21,0.0,0.0,0.0,0.0,Current,0,,0.0,,REVIEW,0.8
LN003014,22,0.0,0.0,0.0,0.0,Current,0,,0.0,,REVIEW,0.8
LN003014,23,0.0,0.0,0.0,0.0,Current,0,,0.0,,REVIEW,0.8
LN003014,24,0.0,0.0,0.0,0.0,Current,0,,0.0,,REVIEW,0.8
LN003015,1,0.0,0.0,0.0,0.0,Current,0,,0.0,,REVIEW,0.8
LN003015,2,0.0,0.0,0.0,0.0,Current,0,,0.0,,REVIEW,0.8
LN003015,3,0.0,0.0,0.0,0.0,Current,0,,0.0,,REVIEW,0.8
LN003015,4,0.0,0.0,0.0,0.0,Current,0,,0.0,,REVIEW,0.8
LN003015,5,0.0,0.0,0.0,0.0,Current,0,,0.0,,REVIEW,0.8
LN003015,6,0.0,0.0,0.0,0.0,Current,0,,0.0,,REVIEW,0.8
LN003015,7,0.0,0.0,0.0,0.0,Current,0,,0.0,,REVIEW,0.8
LN003015,8,0.0,0.0,0.0,0.0,Current,0,,0.0,,REVIEW,0.8
LN003015,9,0.0,0.0,0.0,0.0,Current,0,,0.0,,REVIEW,0.8
LN003015,10,0.0,0.0,0.0,0.0,Current,0,,0.0,,REVIEW,0.8
LN003015,11,0.0,0.0,0.0,0.0,Current,0,,0.0,,REVIEW,0.8
LN003015,12,0.0,0.0,0.0,0.0,Current,0,,0.0,,REVIEW,0.8
LN003015,13,0.0,0.0,0.0,0.0,Current,0,,0.0,,REVIEW,0.8
LN003015,14,0.0,0.0,0.0,0.0,Current,0,,0.0,,REVIEW,0.8
LN003015,15,0.0,0.0,0.0,0.0,Current,0,,0.0,,REVIEW,0.8
LN003015,16,0.0,0.0,0.0,0.0,Current,0,,0.0,,REVIEW,0.8
LN003015,17,0.0,0.0,0.0,0.0,Current,0,,0.0,,REVIEW,0.8
LN003015,18,0.0,0.0,0.0,0.0,Current,0,,0.0,,REVIEW,0.8
LN003015,19,0.0,0.0,0.0,0.0,Current,0,,0.0,,REVIEW,0.8
LN003015,20,0.0,0.0,0.0,0.0,Current,0,,0.0,,REVIEW,0.8
LN003015,21,0.0,0.0,0.0,0.0,Current,0,,0.0,,REVIEW,0.8
LN003015,22,0.0,0.0,0.0,0.0,Current,0,,0.0,,REVIEW,0.8
LN003015,23,0.0,0.0,0.0,0.0,Current,0,,0.0,,REVIEW,0.8
LN003015,24,0.0,0.0,0.0,0.0,Current,0,,0.0,,REVIEW,0.8
LN003016,1,0.0,0.0,0.0,0.0,Current,0,,0.0,,REVIEW,0.8
LN003016,2,0.0,0.0,0.0,0.0,Current,0,,0.0,,REVIEW,0.8
LN003016,3,0.0,0.0,0.0,0.0,Current,0,,0.0,,REVIEW,0.8
LN003016,4,0.0,0.0,0.0,0.0,Current,0,,0.0,,REVIEW,0.8
LN003016,5,0.0,0.0,0.0,0.0,Current,0,,0.0,,REVIEW,0.8
LN003016,6,0.0,0.0,0.0,0.0,Current,0,,0.0,,REVIEW,0.8
LN003016,7,0.0,0.0,0.0,0.0,Current,0,,0.0,,REVIEW,0.8
LN003016,8,0.0,0.0,0.0,0.0,Current,0,,0.0,,REVIEW,0.8
LN003016,9,0.0,0.0,0.0,0.0,Current,0,,0.0,,REVIEW,0.8
LN003016,10,0.0,0.0,0.0,0.0,Current,0,,0.0,,REVIEW,0.8
LN003016,11,0.0,0.0,0.0,0.0,Current,0,,0.0,,REVIEW,0.8
LN003016,12,0.0,0.0,0.0,0.0,Current,0,,0.0,,REVIEW,0.8
LN003016,13,0.0,0.0,0.0,0.0,Current,0,,0.0,,REVIEW,0.8
LN003016,14,0.0,0.0,0.0,0.0,Current,0,,0.0,,REVIEW,0.8
LN003016,15,0.0,0.0,0.0,0.0,Current,0,,0.0,,REVIEW,0.8
LN003016,16,0.0,0.0,0.0,0.0,Current,0,,0.0,,REVIEW,0.8
LN003016,17,0.0,0.0,0.0,0.0,Current,0,,0.0,,REVIEW,0.8
LN003016,18,0.0,0.0,0.0,0.0,Current,0,,0.0,,REVIEW,0.8
LN003016,19,0.0,0.0,0.0,0.0,Current,0,,0.0,,REVIEW,0.8
LN003016,20,0.0,0.0,0.0,0.0,Current,0,,0.0,,REVIEW,0.8
LN003016,21,0.0,0.0,0.0,0.0,Current,0,,0.0,,REVIEW,0.8
LN003016,22,0.0,0.0,0.0,0.0,Current,0,,0.0,,REVIEW,0.8
LN003016,23,0.0,0.0,0.0,0.0,Current,0,,0.0,,REVIEW,0.8
LN003017,1,0.0,0.0,0.0,0.0,Current,0,,0.0,,REVIEW,0.8
LN003017,2,0.0,0.0,0.0,0.0,Current,0,,0.0,,REVIEW,0.8
LN003017,3,0.0,0.0,0.0,0.0,Current,0,,0.0,,REVIEW,0.8
LN003017,4,0.0,0.0,0.0,0.0,Current,0,,0.0,,REVIEW,0.8
LN003017,5,0.0,0.0,0.0,0.0,Current,0,,0.0,,REVIEW,0.8
LN003017,6,0.0,0.0,0.0,0.0,Current,0,,0.0,,REVIEW,0.8
LN003017,7,0.0,0.0,0.0,0.0,Current,0,,0.0,,REVIEW,0.8
LN003017,8,0.0,0.0,0.0,0.0,Current,0,,0.0,,REVIEW,0.8
LN003017,9,0.0,0.0,0.0,0.0,Current,0,,0.0,,REVIEW,0.8
LN003017,10,0.0,0.0,0.0,0.0,Current,0,,0.0,,REVIEW,0.8
LN003017,11,0.0,0.0,0.0,0.0,Current,0,,0.0,,REVIEW,0.8
LN003017,12,0.0,0.0,0.0,0.0,Current,0,,0.0,,REVIEW,0.8
LN003017,13,0.0,0.0,0.0,0.0,Current,0,,0.0,,REVIEW,0.8
LN003017,14,0.0,0.0,0.0,0.0,Current,0,,0.0,,REVIEW,0.8
LN003017,15,0.0,0.0,0.0,0.0,Current,0,,0.0,,REVIEW,0.8
LN003017,16,0.0,0.0,0.0,0.0,Current,0,,0.0,,REVIEW,0.8
LN003017,17,0.0,0.0,0.0,0.0,Current,0,,0.0,,REVIEW,0.8
LN003017,18,0.0,0.0,0.0,0.0,Current,0,,0.0,,REVIEW,0.8
LN003017,19,0.0,0.0,0.0,0.0,Current,0,,0.0,,REVIEW,0.8
LN003017,20,0.0,0.0,0.0,0.0,Current,0,,0.0,,REVIEW,0.8
LN003017,21,0.0,0.0,0.0,0.0,Current,0,,0.0,,REVIEW,0.8
LN003017,22,0.0,0.0,0.0,0.0,Current,0,,0.0,,REVIEW,0.8
LN003017,23,0.0,0.0,0.0,0.0,Current,0,,0.0,,REVIEW,0.8
LN003017,24,0.0,0.0,0.0,0.0,Current,0,,0.0,,REVIEW,0.8
LN003018,1,0.0,0.0,0.0,0.0,Current,0,,0.0,,REVIEW,0.8
LN003018,2,0.0,0.0,0.0,0.0,Current,0,,0.0,,REVIEW,0.8
LN003018,3,0.0,0.0,0.0,0.0,Current,0,,0.0,,REVIEW,0.8
LN003018,4,0.0,0.0,0.0,0.0,Current,0,,0.0,,REVIEW,0.8
LN003018,5,0.0,0.0,0.0,0.0,Current,0,,0.0,,REVIEW,0.8
LN003018,6,0.0,0.0,0.0,0.0,Current,0,,0.0,,REVIEW,0.8
LN003018,7,0.0,0.0,0.0,0.0,Current,0,,0.0,,REVIEW,0.8
LN003018,8,0.0,0.0,0.0,0.0,Current,0,,0.0,,REVIEW,0.8
LN003018,9,0.0,0.0,0.0,0.0,Current,0,,0.0,,REVIEW,0.8
LN003018,10,0.0,0.0,0.0,0.0,Current,0,,0.0,,REVIEW,0.8
LN003018,11,0.0,0.0,0.0,0.0,Current,0,,0.0,,REVIEW,0.8
LN003018,12,0.0,0.0,0.0,0.0,Current,0,,0.0,,REVIEW,0.8
LN003018,13,0.0,0.0,0.0,0.0,Current,0,,0.0,,REVIEW,0.8
LN003018,14,0.0,0.0,0.0,0.0,Current,0,,0.0,,REVIEW,0.8
LN003018,15,0.0,0.0,0.0,0.0,Current,0,,0.0,,REVIEW,0.8
LN003018,16,0.0,0.0,0.0,0.0,Current,0,,0.0,,REVIEW,0.8
LN003018,17,0.0,0.0,0.0,0.0,Current,0,,0.0,,REVIEW,0.8
LN003018,18,0.0,0.0,0.0,0.0,Current,0,,0.0,,REVIEW,0.8
LN003018,19,0.0,0.0,0.0,0.0,Current,0,,0.0,,REVIEW,0.8
LN003018,20,0.0,0.0,0.0,0.0,Current,0,,0.0,,REVIEW,0.8
LN003018,21,0.0,0.0,0.0,0.0,Current,0,,0.0,,REVIEW,0.8
LN003018,22,0.0,0.0,0.0,0.0,Current,0,,0.0,,REVIEW,0.8
LN003018,23,0.0,0.0,0.0,0.0,Current,0,,0.0,,REVIEW,0.8
LN003018,24,0.0,0.0,0.0,0.0,Current,0,,0.0,,REVIEW,0.8
LN003019,1,0.0,0.0,0.0,0.0,Current,0,,0.0,,REVIEW,0.8
LN003019,2,0.0,0.0,0.0,0.0,Current,0,,0.0,,REVIEW,0.8
LN003019,3,0.0,0.0,0.0,0.0,Current,0,,0.0,,REVIEW,0.8
LN003019,4,0.0,0.0,0.0,0.0,Current,0,,0.0,,REVIEW,0.8
LN003019,5,0.0,0.0,0.0,0.0,Current,0,,0.0,,REVIEW,0.8
LN003019,6,0.0,0.0,0.0,0.0,Current,0,,0.0,,REVIEW,0.8
LN003019,7,0.0,0.0,0.0,0.0,Current,0,,0.0,,REVIEW,0.8
LN003019,8,0.0,0.0,0.0,0.0,Current,0,,0.0,,REVIEW,0.8
LN003019,9,0.0,0.0,0.0,0.0,Current,0,,0.0,,REVIEW,0.8
LN003019,10,0.0,0.0,0.0,0.0,Current,0,,0.0,,REVIEW,0.8
LN003019,11,0.0,0.0,0.0,0.0,Current,0,,0.0,,REVIEW,0.8
LN003019,12,0.0,0.0,0.0,0.0,Current,0,,0.0,,REVIEW,0.8
LN003019,13,0.0,0.0,0.0,0.0,Current,0,,0.0,,REVIEW,0.8
LN003019,14,0.0,0.0,0.0,0.0,Current,0,,0.0,,REVIEW,0.8
LN003019,15,0.0,0.0,0.0,0.0,Current,0,,0.0,,REVIEW,0.8
LN003019,16,0.0,0.0,0.0,0.0,Current,0,,0.0,,REVIEW,0.8
LN003019,17,0.0,0.0,0.0,0.0,Current,0,,0.0,,REVIEW,0.8
LN003019,18,0.0,0.0,0.0,0.0,Current,0,,0.0,,REVIEW,0.8
LN003019,19,0.0,0.0,0.0,0.0,Current,0,,0.0,,REVIEW,0.8
LN003019,20,0.0,0.0,0.0,0.0,Current,0,,0.0,,REVIEW,0.8
LN003019,21,0.0,0.0,0.0,0.0,Current,0,,0.0,,REVIEW,0.8
LN003019,22,0.0,0.0,0.0,0.0,Current,0,,0.0,,REVIEW,0.8
LN003019,23,0.0,0.0,0.0,0.0,Current,0,,0.0,,REVIEW,0.8
LN003019,24,0.0,0.0,0.0,0.0,Current,0,,0.0,,REVIEW,0.8
LN003020,1,0.0,0.0,0.0,0.0,Current,0,,0.0,,REVIEW,0.8
LN003020,2,0.0,0.0,0.0,0.0,Current,0,,0.0,,REVIEW,0.8
LN003020,3,0.0,0.0,0.0,0.0,Current,0,,0.0,,REVIEW,0.8
LN003020,4,0.0,0.0,0.0,0.0,Current,0,,0.0,,REVIEW,0.8
LN003020,5,0.0,0.0,0.0,0.0,Current,0,,0.0,,REVIEW,0.8
LN003020,6,0.0,0.0,0.0,0.0,Current,0,,0.0,,REVIEW,0.8
LN003020,7,0.0,0.0,0.0,0.0,Current,0,,0.0,,REVIEW,0.8
LN003020,8,0.0,0.0,0.0,0.0,Current,0,,0.0,,REVIEW,0.8
LN003020,9,0.0,0.0,0.0,0.0,Current,0,,0.0,,REVIEW,0.8
LN003020,10,0.0,0.0,0.0,0.0,Current,0,,0.0,,REVIEW,0.8
LN003020,11,0.0,0.0,0.0,0.0,Current,0,,0.0,,REVIEW,0.8
LN003020,12,0.0,0.0,0.0,0.0,Current,0,,0.0,,REVIEW,0.8
LN003020,13,0.0,0.0,0.0,0.0,Current,0,,0.0,,REVIEW,0.8
LN003020,14,0.0,0.0,0.0,0.0,Current,0,,0.0,,REVIEW,0.8
LN003021,1,0.0,0.0,0.0,0.0,Current,0,,0.0,,REVIEW,0.8
LN003021,2,0.0,0.0,0.0,0.0,Current,0,,0.0,,REVIEW,0.8
LN003021,3,0.0,0.0,0.0,0.0,Current,0,,0.0,,REVIEW,0.8
LN003021,4,0.0,0.0,0.0,0.0,Current,0,,0.0,,REVIEW,0.8
LN003021,5,0.0,0.0,0.0,0.0,Current,0,,0.0,,REVIEW,0.8
LN003021,6,0.0,0.0,0.0,0.0,Current,0,,0.0,,REVIEW,0.8
LN003021,7,0.0,0.0,0.0,0.0,Current,0,,0.0,,REVIEW,0.8
LN003021,8,0.0,0.0,0.0,0.0,Current,0,,0.0,,REVIEW,0.8
LN003021,9,0.0,0.0,0.0,0.0,Current,0,,0.0,,REVIEW,0.8
LN003021,10,0.0,0.0,0.0,0.0,Current,0,,0.0,,REVIEW,0.8
LN003021,11,0.0,0.0,0.0,0.0,Current,0,,0.0,,REVIEW,0.8
LN003021,12,0.0,0.0,0.0,0.0,Current,0,,0.0,,REVIEW,0.8
LN003021,13,0.0,0.0,0.0,0.0,Current,0,,0.0,,REVIEW,0.8
LN003021,14,0.0,0.0,0.0,0.0,Current,0,,0.0,,REVIEW,0.8
LN003021,15,0.0,0.0,0.0,0.0,Current,0,,0.0,,REVIEW,0.8
LN003021,16,0.0,0.0,0.0,0.0,Current,0,,0.0,,REVIEW,0.8
LN003021,17,0.0,0.0,0.0,0.0,Current,0,,0.0,,REVIEW,0.8
LN003021,18,0.0,0.0,0.0,0.0,Current,0,,0.0,,REVIEW,0.8
LN003021,19,0.0,0.0,0.0,0.0,Current,0,,0.0,,REVIEW,0.8
LN003021,20,0.0,0.0,0.0,0.0,Current,0,,0.0,,REVIEW,0.8
LN003021,21,0.0,0.0,0.0,0.0,Current,0,,0.0,,REVIEW,0.8
LN003021,22,0.0,0.0,0.0,0.0,Current,0,,0.0,,REVIEW,0.8
LN003021,23,0.0,0.0,0.0,0.0,Current,0,,0.0,,REVIEW,0.8
LN003021,24,0.0,0.0,0.0,0.0,Current,0,,0.0,,REVIEW,0.8
LN003022,1,0.0,0.0,0.0,0.0,Current,0,,0.0,,REVIEW,0.8
LN003022,2,0.0,0.0,0.0,0.0,Current,0,,0.0,,REVIEW,0.8
LN003022,3,0.0,0.0,0.0,0.0,Current,0,,0.0,,REVIEW,0.8
LN003022,4,0.0,0.0,0.0,0.0,Current,0,,0.0,,REVIEW,0.8
LN003022,5,0.0,0.0,0.0,0.0,Current,0,,0.0,,REVIEW,0.8
LN003022,6,0.0,0.0,0.0,0.0,Current,0,,0.0,,REVIEW,0.8
LN003022,7,0.0,0.0,0.0,0.0,Current,0,,0.0,,REVIEW,0.8
LN003022,8,0.0,0.0,0.0,0.0,Current,0,,0.0,,REVIEW,0.8
LN003022,9,0.0,0.0,0.0,0.0,Current,0,,0.0,,REVIEW,0.8
LN003022,10,0.0,0.0,0.0,0.0,Current,0,,0.0,,REVIEW,0.8
LN003022,11,0.0,0.0,0.0,0.0,Current,0,,0.0,,REVIEW,0.8
LN003022,12,0.0,0.0,0.0,0.0,Current,0,,0.0,,REVIEW,0.8
LN003022,13,0.0,0.0,0.0,0.0,Current,0,,0.0,,REVIEW,0.8
LN003022,14,0.0,0.0,0.0,0.0,Current,0,,0.0,,REVIEW,0.8
LN003022,15,0.0,0.0,0.0,0.0,Current,0,,0.0,,REVIEW,0.8
LN003022,16,0.0,0.0,0.0,0.0,Current,0,,0.0,,REVIEW,0.8
LN003022,17,0.0,0.0,0.0,0.0,Current,0,,0.0,,REVIEW,0.8
LN003022,18,0.0,0.0,0.0,0.0,Current,0,,0.0,,REVIEW,0.8
LN003022,19,0.0,0.0,0.0,0.0,Current,0,,0.0,,REVIEW,0.8
LN003023,1,0.0,0.0,0.0,0.0,Current,0,,0.0,,REVIEW,0.8
LN003023,2,0.0,0.0,0.0,0.0,Current,0,,0.0,,REVIEW,0.8
LN003023,3,0.0,0.0,0.0,0.0,Current,0,,0.0,,REVIEW,0.8
LN003023,4,0.0,0.0,0.0,0.0,Current,0,,0.0,,REVIEW,0.8
LN003023,5,0.0,0.0,0.0,0.0,Current,0,,0.0,,REVIEW,0.8
LN003023,6,0.0,0.0,0.0,0.0,Current,0,,0.0,,REVIEW,0.8
LN003023,7,0.0,0.0,0.0,0.0,Current,0,,0.0,,REVIEW,0.8
LN003023,8,0.0,0.0,0.0,0.0,Current,0,,0.0,,REVIEW,0.8
LN003023,9,0.0,0.0,0.0,0.0,Current,0,,0.0,,REVIEW,0.8
LN003023,10,0.0,0.0,0.0,0.0,Current,0,,0.0,,REVIEW,0.8
LN003023,11,0.0,0.0,0.0,0.0,Current,0,,0.0,,REVIEW,0.8
LN003023,12,0.0,0.0,0.0,0.0,Current,0,,0.0,,REVIEW,0.8
LN003023,13,0.0,0.0,0.0,0.0,Current,0,,0.0,,REVIEW,0.8
LN003023,14,0.0,0.0,0.0,0.0,Current,0,,0.0,,REVIEW,0.8
LN003023,15,0.0,0.0,0.0,0.0,Current,0,,0.0,,REVIEW,0.8
LN003023,16,0.0,0.0,0.0,0.0,Current,0,,0.0,,REVIEW,0.8
LN003023,17,0.0,0.0,0.0,0.0,Current,0,,0.0,,REVIEW,0.8
LN003023,18,0.0,0.0,0.0,0.0,Current,0,,0.0,,REVIEW,0.8
LN003023,19,0.0,0.0,0.0,0.0,Current,0,,0.0,,REVIEW,0.8
LN003023,20,0.0,0.0,0.0,0.0,Current,0,,0.0,,REVIEW,0.8
LN003024,1,0.0,0.0,0.0,0.0,Current,0,,0.0,,REVIEW,0.8
LN003024,2,0.0,0.0,0.0,0.0,Current,0,,0.0,,REVIEW,0.8
LN003024,3,0.0,0.0,0.0,0.0,Current,0,,0.0,,REVIEW,0.8
LN003024,4,0.0,0.0,0.0,0.0,Current,0,,0.0,,REVIEW,0.8
LN003024,5,0.0,0.0,0.0,0.0,Current,0,,0.0,,REVIEW,0.8
LN003024,6,0.0,0.0,0.0,0.0,Current,0,,0.0,,REVIEW,0.8
LN003024,7,0.0,0.0,0.0,0.0,Current,0,,0.0,,REVIEW,0.8
LN003024,8,0.0,0.0,0.0,0.0,Current,0,,0.0,,REVIEW,0.8
LN003024,9,0.0,0.0,0.0,0.0,Current,0,,0.0,,REVIEW,0.8
LN003024,10,0.0,0.0,0.0,0.0,Current,0,,0.0,,REVIEW,0.8
LN003024,11,0.0,0.0,0.0,0.0,Current,0,,0.0,,REVIEW,0.8
LN003024,12,0.0,0.0,0.0,0.0,Current,0,,0.0,,REVIEW,0.8
LN003024,13,0.0,0.0,0.0,0.0,Current,0,,0.0,,REVIEW,0.8
LN003024,14,0.0,0.0,0.0,0.0,Current,0,,0.0,,REVIEW,0.8
LN003024,15,0.0,0.0,0.0,0.0,Current,0,,0.0,,REVIEW,0.8
LN003024,16,0.0,0.0,0.0,0.0,Current,0,,0.0,,REVIEW,0.8
LN003024,17,0.0,0.0,0.0,0.0,Current,0,,0.0,,REVIEW,0.8
LN003024,18,0.0,0.0,0.0,0.0,Current,0,,0.0,,REVIEW,0.8
LN003024,19,0.0,0.0,0.0,0.0,Current,0,,0.0,,REVIEW,0.8
LN003025,1,0.0,0.0,0.0,0.0,Current,0,,0.0,,REVIEW,0.8
LN003025,2,0.0,0.0,0.0,0.0,Current,0,,0.0,,REVIEW,0.8
LN003025,3,0.0,0.0,0.0,0.0,Current,0,,0.0,,REVIEW,0.8
LN003025,4,0.0,0.0,0.0,0.0,Current,0,,0.0,,REVIEW,0.8
LN003025,5,0.0,0.0,0.0,0.0,Current,0,,0.0,,REVIEW,0.8
LN003025,6,0.0,0.0,0.0,0.0,Current,0,,0.0,,REVIEW,0.8
LN003025,7,0.0,0.0,0.0,0.0,Current,0,,0.0,,REVIEW,0.8
LN003025,8,0.0,0.0,0.0,0.0,Current,0,,0.0,,REVIEW,0.8
LN003025,9,0.0,0.0,0.0,0.0,Current,0,,0.0,,REVIEW,0.8
LN003025,10,0.0,0.0,0.0,0.0,Current,0,,0.0,,REVIEW,0.8
LN003025,11,0.0,0.0,0.0,0.0,Current,0,,0.0,,REVIEW,0.8
LN003025,12,0.0,0.0,0.0,0.0,Current,0,,0.0,,REVIEW,0.8
LN003026,1,0.0,0.0,0.0,0.0,Current,0,,0.0,,REVIEW,0.8
LN003026,2,0.0,0.0,0.0,0.0,Current,0,,0.0,,REVIEW,0.8
LN003026,3,0.0,0.0,0.0,0.0,Current,0,,0.0,,REVIEW,0.8
LN003026,4,0.0,0.0,0.0,0.0,Current,0,,0.0,,REVIEW,0.8
LN003026,5,0.0,0.0,0.0,0.0,Current,0,,0.0,,REVIEW,0.8
LN003026,6,0.0,0.0,0.0,0.0,Current,0,,0.0,,REVIEW,0.8
LN003026,7,0.0,0.0,0.0,0.0,Current,0,,0.0,,REVIEW,0.8
LN003026,8,0.0,0.0,0.0,0.0,Current,0,,0.0,,REVIEW,0.8
LN003026,9,0.0,0.0,0.0,0.0,Current,0,,0.0,,REVIEW,0.8
LN003026,10,0.0,0.0,0.0,0.0,Current,0,,0.0,,REVIEW,0.8
LN003026,11,0.0,0.0,0.0,0.0,Current,0,,0.0,,REVIEW,0.8
LN003026,12,0.0,0.0,0.0,0.0,Current,0,,0.0,,REVIEW,0.8
LN003026,13,0.0,0.0,0.0,0.0,Current,0,,0.0,,REVIEW,0.8
LN003026,14,0.0,0.0,0.0,0.0,Current,0,,0.0,,REVIEW,0.8
LN003026,15,0.0,0.0,0.0,0.0,Current,0,,0.0,,REVIEW,0.8
LN003027,1,0.0,0.0,0.0,0.0,Current,0,,0.0,,REVIEW,0.8
LN003027,2,0.0,0.0,0.0,0.0,Current,0,,0.0,,REVIEW,0.8
LN003027,3,0.0,0.0,0.0,0.0,Current,0,,0.0,,REVIEW,0.8
LN003027,4,0.0,0.0,0.0,0.0,Current,0,,0.0,,REVIEW,0.8
LN003027,5,0.0,0.0,0.0,0.0,Current,0,,0.0,,REVIEW,0.8
LN003027,6,0.0,0.0,0.0,0.0,Current,0,,0.0,,REVIEW,0.8
LN003027,7,0.0,0.0,0.0,0.0,Current,0,,0.0,,REVIEW,0.8
LN003027,8,0.0,0.0,0.0,0.0,Current,0,,0.0,,REVIEW,0.8
LN003027,9,0.0,0.0,0.0,0.0,Current,0,,0.0,,REVIEW,0.8
LN003027,10,0.0,0.0,0.0,0.0,Current,0,,0.0,,REVIEW,0.8
LN003027,11,0.0,0.0,0.0,0.0,Current,0,,0.0,,REVIEW,0.8
LN003027,12,0.0,0.0,0.0,0.0,Current,0,,0.0,,REVIEW,0.8
LN003027,13,0.0,0.0,0.0,0.0,Current,0,,0.0,,REVIEW,0.8
LN003027,14,0.0,0.0,0.0,0.0,Current,0,,0.0,,REVIEW,0.8
LN003027,15,0.0,0.0,0.0,0.0,Current,0,,0.0,,REVIEW,0.8
LN003027,16,0.0,0.0,0.0,0.0,Current,0,,0.0,,REVIEW,0.8
LN003027,17,0.0,0.0,0.0,0.0,Current,0,,0.0,,REVIEW,0.8
LN003027,18,0.0,0.0,0.0,0.0,Current,0,,0.0,,REVIEW,0.8
LN003027,19,0.0,0.0,0.0,0.0,Current,0,,0.0,,REVIEW,0.8
LN003027,20,0.0,0.0,0.0,0.0,Current,0,,0.0,,REVIEW,0.8
LN003027,21,0.0,0.0,0.0,0.0,Current,0,,0.0,,REVIEW,0.8
LN003027,22,0.0,0.0,0.0,0.0,Current,0,,0.0,,REVIEW,0.8
LN003027,23,0.0,0.0,0.0,0.0,Current,0,,0.0,,REVIEW,0.8
LN003027,24,0.0,0.0,0.0,0.0,Current,0,,0.0,,REVIEW,0.8
LN003028,1,0.0,0.0,0.0,0.0,Current,0,,0.0,,REVIEW,0.8
LN003028,2,0.0,0.0,0.0,0.0,Current,0,,0.0,,REVIEW,0.8
LN003028,3,0.0,0.0,0.0,0.0,Current,0,,0.0,,REVIEW,0.8
LN003028,4,0.0,0.0,0.0,0.0,Current,0,,0.0,,REVIEW,0.8
LN003028,5,0.0,0.0,0.0,0.0,Current,0,,0.0,,REVIEW,0.8
LN003028,6,0.0,0.0,0.0,0.0,Current,0,,0.0,,REVIEW,0.8
LN003028,7,0.0,0.0,0.0,0.0,Current,0,,0.0,,REVIEW,0.8
LN003028,8,0.0,0.0,0.0,0.0,Current,0,,0.0,,REVIEW,0.8
LN003028,9,0.0,0.0,0.0,0.0,Current,0,,0.0,,REVIEW,0.8
LN003028,10,0.0,0.0,0.0,0.0,Current,0,,0.0,,REVIEW,0.8
LN003028,11,0.0,0.0,0.0,0.0,Current,0,,0.0,,REVIEW,0.8
LN003028,12,0.0,0.0,0.0,0.0,Current,0,,0.0,,REVIEW,0.8
LN003028,13,0.0,0.0,0.0,0.0,Current,0,,0.0,,REVIEW,0.8
LN003028,14,0.0,0.0,0.0,0.0,Current,0,,0.0,,REVIEW,0.8
LN003028,15,0.0,0.0,0.0,0.0,Current,0,,0.0,,REVIEW,0.8
LN003028,16,0.0,0.0,0.0,0.0,Current,0,,0.0,,REVIEW,0.8
LN003028,17,0.0,0.0,0.0,0.0,Current,0,,0.0,,REVIEW,0.8
LN003028,18,0.0,0.0,0.0,0.0,Current,0,,0.0,,REVIEW,0.8
LN003028,19,0.0,0.0,0.0,0.0,Current,0,,0.0,,REVIEW,0.8
LN003028,20,0.0,0.0,0.0,0.0,Current,0,,0.0,,REVIEW,0.8
LN003028,21,0.0,0.0,0.0,0.0,Current,0,,0.0,,REVIEW,0.8
LN003028,22,0.0,0.0,0.0,0.0,Current,0,,0.0,,REVIEW,0.8
LN003028,23,0.0,0.0,0.0,0.0,Current,0,,0.0,,REVIEW,0.8
LN003028,24,0.0,0.0,0.0,0.0,Current,0,,0.0,,REVIEW,0.8
LN003029,1,0.0,0.0,0.0,0.0,Current,0,,0.0,,REVIEW,0.8
LN003029,2,0.0,0.0,0.0,0.0,Current,0,,0.0,,REVIEW,0.8
LN003029,3,0.0,0.0,0.0,0.0,Current,0,,0.0,,REVIEW,0.8
LN003029,4,0.0,0.0,0.0,0.0,Current,0,,0.0,,REVIEW,0.8
LN003029,5,0.0,0.0,0.0,0.0,Current,0,,0.0,,REVIEW,0.8
LN003029,6,0.0,0.0,0.0,0.0,Current,0,,0.0,,REVIEW,0.8
LN003029,7,0.0,0.0,0.0,0.0,Current,0,,0.0,,REVIEW,0.8
LN003029,8,0.0,0.0,0.0,0.0,Current,0,,0.0,,REVIEW,0.8
LN003029,9,0.0,0.0,0.0,0.0,Current,0,,0.0,,REVIEW,0.8
LN003029,10,0.0,0.0,0.0,0.0,Current,0,,0.0,,REVIEW,0.8
LN003029,11,0.0,0.0,0.0,0.0,Current,0,,0.0,,REVIEW,0.8
LN003029,12,0.0,0.0,0.0,0.0,Current,0,,0.0,,REVIEW,0.8
LN003029,13,0.0,0.0,0.0,0.0,Current,0,,0.0,,REVIEW,0.8
LN003029,14,0.0,0.0,0.0,0.0,Current,0,,0.0,,REVIEW,0.8
LN003029,15,0.0,0.0,0.0,0.0,Current,0,,0.0,,REVIEW,0.8
LN003029,16,0.0,0.0,0.0,0.0,Current,0,,0.0,,REVIEW,0.8
LN003029,17,0.0,0.0,0.0,0.0,Current,0,,0.0,,REVIEW,0.8
LN003029,18,0.0,0.0,0.0,0.0,Current,0,,0.0,,REVIEW,0.8
LN003029,19,0.0,0.0,0.0,0.0,Current,0,,0.0,,REVIEW,0.8
LN003029,20,0.0,0.0,0.0,0.0,Current,0,,0.0,,REVIEW,0.8
LN003029,21,0.0,0.0,0.0,0.0,Current,0,,0.0,,REVIEW,0.8
LN003029,22,0.0,0.0,0.0,0.0,Current,0,,0.0,,REVIEW,0.8
LN003029,23,0.0,0.0,0.0,0.0,Current,0,,0.0,,REVIEW,0.8
LN003029,24,0.0,0.0,0.0,0.0,Current,0,,0.0,,REVIEW,0.8
LN003030,1,0.0,0.0,0.0,0.0,Current,0,,0.0,,REVIEW,0.8
LN003030,2,0.0,0.0,0.0,0.0,Current,0,,0.0,,REVIEW,0.8
LN003030,3,0.0,0.0,0.0,0.0,Current,0,,0.0,,REVIEW,0.8
LN003030,4,0.0,0.0,0.0,0.0,Current,0,,0.0,,REVIEW,0.8
LN003030,5,0.0,0.0,0.0,0.0,Current,0,,0.0,,REVIEW,0.8
LN003030,6,0.0,0.0,0.0,0.0,Current,0,,0.0,,REVIEW,0.8
LN003030,7,0.0,0.0,0.0,0.0,Current,0,,0.0,,REVIEW,0.8
LN003030,8,0.0,0.0,0.0,0.0,Current,0,,0.0,,REVIEW,0.8
LN003030,9,0.0,0.0,0.0,0.0,Current,0,,0.0,,REVIEW,0.8
LN003030,10,0.0,0.0,0.0,0.0,Current,0,,0.0,,REVIEW,0.8
LN003030,11,0.0,0.0,0.0,0.0,Current,0,,0.0,,REVIEW,0.8
LN003030,12,0.0,0.0,0.0,0.0,Current,0,,0.0,,REVIEW,0.8
LN003030,13,0.0,0.0,0.0,0.0,Current,0,,0.0,,REVIEW,0.8
LN003030,14,0.0,0.0,0.0,0.0,Current,0,,0.0,,REVIEW,0.8
LN003030,15,0.0,0.0,0.0,0.0,Current,0,,0.0,,REVIEW,0.8
LN003030,16,0.0,0.0,0.0,0.0,Current,0,,0.0,,REVIEW,0.8
LN003030,17,0.0,0.0,0.0,0.0,Current,0,,0.0,,REVIEW,0.8
LN003030,18,0.0,0.0,0.0,0.0,Current,0,,0.0,,REVIEW,0.8
LN003030,19,0.0,0.0,0.0,0.0,Current,0,,0.0,,REVIEW,0.8
LN003030,20,0.0,0.0,0.0,0.0,Current,0,,0.0,,REVIEW,0.8
LN003030,21,0.0,0.0,0.0,0.0,Current,0,,0.0,,REVIEW,0.8
LN003030,22,0.0,0.0,0.0,0.0,Current,0,,0.0,,REVIEW,0.8
LN003030,23,0.0,0.0,0.0,0.0,Current,0,,0.0,,REVIEW,0.8
LN003030,24,0.0,0.0,0.0,0.0,Current,0,,0.0,,REVIEW,0.8
LN003031,1,0.0,0.0,0.0,0.0,Current,0,,0.0,,REVIEW,0.8
LN003031,2,0.0,0.0,0.0,0.0,Current,0,,0.0,,REVIEW,0.8
LN003031,3,0.0,0.0,0.0,0.0,Current,0,,0.0,,REVIEW,0.8
LN003031,4,0.0,0.0,0.0,0.0,Current,0,,0.0,,REVIEW,0.8
LN003031,5,0.0,0.0,0.0,0.0,Current,0,,0.0,,REVIEW,0.8
LN003031,6,0.0,0.0,0.0,0.0,Current,0,,0.0,,REVIEW,0.8
LN003031,7,0.0,0.0,0.0,0.0,Current,0,,0.0,,REVIEW,0.8
LN003031,8,0.0,0.0,0.0,0.0,Current,0,,0.0,,REVIEW,0.8
LN003031,9,0.0,0.0,0.0,0.0,Current,0,,0.0,,REVIEW,0.8
LN003031,10,0.0,0.0,0.0,0.0,Current,0,,0.0,,REVIEW,0.8
LN003031,11,0.0,0.0,0.0,0.0,Current,0,,0.0,,REVIEW,0.8
LN003031,12,0.0,0.0,0.0,0.0,Current,0,,0.0,,REVIEW,0.8
LN003031,13,0.0,0.0,0.0,0.0,Current,0,,0.0,,REVIEW,0.8
LN003031,14,0.0,0.0,0.0,0.0,Current,0,,0.0,,REVIEW,0.8
LN003031,15,0.0,0.0,0.0,0.0,Current,0,,0.0,,REVIEW,0.8
LN003031,16,0.0,0.0,0.0,0.0,Current,0,,0.0,,REVIEW,0.8
LN003031,17,0.0,0.0,0.0,0.0,Current,0,,0.0,,REVIEW,0.8
LN003031,18,0.0,0.0,0.0,0.0,Current,0,,0.0,,REVIEW,0.8
LN003031,19,0.0,0.0,0.0,0.0,Current,0,,0.0,,REVIEW,0.8
LN003031,20,0.0,0.0,0.0,0.0,Current,0,,0.0,,REVIEW,0.8
LN003031,21,0.0,0.0,0.0,0.0,Current,0,,0.0,,REVIEW,0.8
LN003031,22,0.0,0.0,0.0,0.0,Current,0,,0.0,,REVIEW,0.8
LN003031,23,0.0,0.0,0.0,0.0,Current,0,,0.0,,REVIEW,0.8
LN003031,24,0.0,0.0,0.0,0.0,Current,0,,0.0,,REVIEW,0.8
LN003032,1,0.0,0.0,0.0,0.0,Current,0,,0.0,,REVIEW,0.8
LN003032,2,0.0,0.0,0.0,0.0,Current,0,,0.0,,REVIEW,0.8
LN003032,3,0.0,0.0,0.0,0.0,Current,0,,0.0,,REVIEW,0.8
LN003032,4,0.0,0.0,0.0,0.0,Current,0,,0.0,,REVIEW,0.8
LN003032,5,0.0,0.0,0.0,0.0,Current,0,,0.0,,REVIEW,0.8
LN003032,6,0.0,0.0,0.0,0.0,Current,0,,0.0,,REVIEW,0.8
LN003032,7,0.0,0.0,0.0,0.0,Current,0,,0.0,,REVIEW,0.8
LN003032,8,0.0,0.0,0.0,0.0,Current,0,,0.0,,REVIEW,0.8
LN003032,9,0.0,0.0,0.0,0.0,Current,0,,0.0,,REVIEW,0.8
LN003032,10,0.0,0.0,0.0,0.0,Current,0,,0.0,,REVIEW,0.8
LN003032,11,0.0,0.0,0.0,0.0,Current,0,,0.0,,REVIEW,0.8
LN003032,12,0.0,0.0,0.0,0.0,Current,0,,0.0,,REVIEW,0.8
LN003032,13,0.0,0.0,0.0,0.0,Current,0,,0.0,,REVIEW,0.8
LN003032,14,0.0,0.0,0.0,0.0,Current,0,,0.0,,REVIEW,0.8
LN003032,15,0.0,0.0,0.0,0.0,Current,0,,0.0,,REVIEW,0.8
LN003032,16,0.0,0.0,0.0,0.0,Current,0,,0.0,,REVIEW,0.8
LN003032,17,0.0,0.0,0.0,0.0,Current,0,,0.0,,REVIEW,0.8
LN003032,18,0.0,0.0,0.0,0.0,Current,0,,0.0,,REVIEW,0.8
LN003032,19,0.0,0.0,0.0,0.0,Current,0,,0.0,,REVIEW,0.8
LN003032,20,0.0,0.0,0.0,0.0,Current,0,,0.0,,REVIEW,0.8
LN003032,21,0.0,0.0,0.0,0.0,Current,0,,0.0,,REVIEW,0.8
LN003032,22,0.0,0.0,0.0,0.0,Current,0,,0.0,,REVIEW,0.8
LN003032,23,0.0,0.0,0.0,0.0,Current,0,,0.0,,REVIEW,0.8
LN003032,24,0.0,0.0,0.0,0.0,Current,0,,0.0,,REVIEW,0.8
LN003033,1,0.0,0.0,0.0,0.0,Current,0,,0.0,,REVIEW,0.8
LN003033,2,0.0,0.0,0.0,0.0,Current,0,,0.0,,REVIEW,0.8
LN003033,3,0.0,0.0,0.0,0.0,Current,0,,0.0,,REVIEW,0.8
LN003033,4,0.0,0.0,0.0,0.0,Current,0,,0.0,,REVIEW,0.8
LN003033,5,0.0,0.0,0.0,0.0,Current,0,,0.0,,REVIEW,0.8
LN003033,6,0.0,0.0,0.0,0.0,Current,0,,0.0,,REVIEW,0.8
LN003033,7,0.0,0.0,0.0,0.0,Current,0,,0.0,,REVIEW,0.8
LN003033,8,0.0,0.0,0.0,0.0,Current,0,,0.0,,REVIEW,0.8
LN003033,9,0.0,0.0,0.0,0.0,Current,0,,0.0,,REVIEW,0.8
LN003033,10,0.0,0.0,0.0,0.0,Current,0,,0.0,,REVIEW,0.8
LN003033,11,0.0,0.0,0.0,0.0,Current,0,,0.0,,REVIEW,0.8
LN003033,12,0.0,0.0,0.0,0.0,Current,0,,0.0,,REVIEW,0.8
LN003033,13,0.0,0.0,0.0,0.0,Current,0,,0.0,,REVIEW,0.8
LN003033,14,0.0,0.0,0.0,0.0,Current,0,,0.0,,REVIEW,0.8
LN003033,15,0.0,0.0,0.0,0.0,Current,0,,0.0,,REVIEW,0.8
LN003033,16,0.0,0.0,0.0,0.0,Current,0,,0.0,,REVIEW,0.8
LN003033,17,0.0,0.0,0.0,0.0,Current,0,,0.0,,REVIEW,0.8
LN003033,18,0.0,0.0,0.0,0.0,Current,0,,0.0,,REVIEW,0.8
LN003033,19,0.0,0.0,0.0,0.0,Current,0,,0.0,,REVIEW,0.8
LN003033,20,0.0,0.0,0.0,0.0,Current,0,,0.0,,REVIEW,0.8
LN003033,21,0.0,0.0,0.0,0.0,Current,0,,0.0,,REVIEW,0.8
LN003033,22,0.0,0.0,0.0,0.0,Current,0,,0.0,,REVIEW,0.8
LN003033,23,0.0,0.0,0.0,0.0,Current,0,,0.0,,REVIEW,0.8
LN003033,24,0.0,0.0,0.0,0.0,Current,0,,0.0,,REVIEW,0.8
LN003034,1,0.0,0.0,0.0,0.0,Current,0,,0.0,,REVIEW,0.8
LN003034,2,0.0,0.0,0.0,0.0,Current,0,,0.0,,REVIEW,0.8
LN003034,3,0.0,0.0,0.0,0.0,Current,0,,0.0,,REVIEW,0.8
LN003034,4,0.0,0.0,0.0,0.0,Current,0,,0.0,,REVIEW,0.8
LN003034,5,0.0,0.0,0.0,0.0,Current,0,,0.0,,REVIEW,0.8
LN003034,6,0.0,0.0,0.0,0.0,Current,0,,0.0,,REVIEW,0.8
LN003034,7,0.0,0.0,0.0,0.0,Current,0,,0.0,,REVIEW,0.8
LN003034,8,0.0,0.0,0.0,0.0,Current,0,,0.0,,REVIEW,0.8
LN003034,9,0.0,0.0,0.0,0.0,Current,0,,0.0,,REVIEW,0.8
LN003034,10,0.0,0.0,0.0,0.0,Current,0,,0.0,,REVIEW,0.8
LN003034,11,0.0,0.0,0.0,0.0,Current,0,,0.0,,REVIEW,0.8
LN003034,12,0.0,0.0,0.0,0.0,Current,0,,0.0,,REVIEW,0.8
LN003034,13,0.0,0.0,0.0,0.0,Current,0,,0.0,,REVIEW,0.8
LN003035,1,0.0,0.0,0.0,0.0,Current,0,,0.0,,REVIEW,0.8
LN003035,2,0.0,0.0,0.0,0.0,Current,0,,0.0,,REVIEW,0.8
LN003035,3,0.0,0.0,0.0,0.0,Current,0,,0.0,,REVIEW,0.8
LN003035,4,0.0,0.0,0.0,0.0,Current,0,,0.0,,REVIEW,0.8
LN003035,5,0.0,0.0,0.0,0.0,Current,0,,0.0,,REVIEW,0.8
LN003035,6,0.0,0.0,0.0,0.0,Current,0,,0.0,,REVIEW,0.8
LN003035,7,0.0,0.0,0.0,0.0,Current,0,,0.0,,REVIEW,0.8
LN003035,8,0.0,0.0,0.0,0.0,Current,0,,0.0,,REVIEW,0.8
LN003035,9,0.0,0.0,0.0,0.0,Current,0,,0.0,,REVIEW,0.8
LN003035,10,0.0,0.0,0.0,0.0,Current,0,,0.0,,REVIEW,0.8
LN003035,11,0.0,0.0,0.0,0.0,Current,0,,0.0,,REVIEW,0.8
LN003035,12,0.0,0.0,0.0,0.0,Current,0,,0.0,,REVIEW,0.8
LN003035,13,0.0,0.0,0.0,0.0,Current,0,,0.0,,REVIEW,0.8
LN003035,14,0.0,0.0,0.0,0.0,Current,0,,0.0,,REVIEW,0.8
LN003035,15,0.0,0.0,0.0,0.0,Current,0,,0.0,,REVIEW,0.8
LN003035,16,0.0,0.0,0.0,0.0,Current,0,,0.0,,REVIEW,0.8
LN003035,17,0.0,0.0,0.0,0.0,Current,0,,0.0,,REVIEW,0.8
LN003035,18,0.0,0.0,0.0,0.0,Current,0,,0.0,,REVIEW,0.8
LN003036,1,0.0,0.0,0.0,0.0,Current,0,,0.0,,REVIEW,0.8
LN003036,2,0.0,0.0,0.0,0.0,Current,0,,0.0,,REVIEW,0.8
LN003036,3,0.0,0.0,0.0,0.0,Current,0,,0.0,,REVIEW,0.8
LN003036,4,0.0,0.0,0.0,0.0,Current,0,,0.0,,REVIEW,0.8
LN003036,5,0.0,0.0,0.0,0.0,Current,0,,0.0,,REVIEW,0.8
LN003036,6,0.0,0.0,0.0,0.0,Current,0,,0.0,,REVIEW,0.8
LN003036,7,0.0,0.0,0.0,0.0,Current,0,,0.0,,REVIEW,0.8
LN003036,8,0.0,0.0,0.0,0.0,Current,0,,0.0,,REVIEW,0.8
LN003036,9,0.0,0.0,0.0,0.0,Current,0,,0.0,,REVIEW,0.8
LN003036,10,0.0,0.0,0.0,0.0,Current,0,,0.0,,REVIEW,0.8
LN003036,11,0.0,0.0,0.0,0.0,Current,0,,0.0,,REVIEW,0.8
LN003036,12,0.0,0.0,0.0,0.0,Current,0,,0.0,,REVIEW,0.8
LN003036,13,0.0,0.0,0.0,0.0,Current,0,,0.0,,REVIEW,0.8
LN003036,14,0.0,0.0,0.0,0.0,Current,0,,0.0,,REVIEW,0.8
LN003036,15,0.0,0.0,0.0,0.0,Current,0,,0.0,,REVIEW,0.8
LN003036,16,0.0,0.0,0.0,0.0,Current,0,,0.0,,REVIEW,0.8
LN003036,17,0.0,0.0,0.0,0.0,Current,0,,0.0,,REVIEW,0.8
LN003036,18,0.0,0.0,0.0,0.0,Current,0,,0.0,,REVIEW,0.8
LN003036,19,0.0,0.0,0.0,0.0,Current,0,,0.0,,REVIEW,0.8
LN003036,20,0.0,0.0,0.0,0.0,Current,0,,0.0,,REVIEW,0.8
LN003036,21,0.0,0.0,0.0,0.0,Current,0,,0.0,,REVIEW,0.8
LN003036,22,0.0,0.0,0.0,0.0,Current,0,,0.0,,REVIEW,0.8
LN003036,23,0.0,0.0,0.0,0.0,Current,0,,0.0,,REVIEW,0.8
LN003036,24,0.0,0.0,0.0,0.0,Current,0,,0.0,,REVIEW,0.8
LN003037,1,0.0,0.0,0.0,0.0,Current,0,,0.0,,REVIEW,0.8
LN003037,2,0.0,0.0,0.0,0.0,Current,0,,0.0,,REVIEW,0.8
LN003037,3,0.0,0.0,0.0,0.0,Current,0,,0.0,,REVIEW,0.8
LN003037,4,0.0,0.0,0.0,0.0,Current,0,,0.0,,REVIEW,0.8
LN003037,5,0.0,0.0,0.0,0.0,Current,0,,0.0,,REVIEW,0.8
LN003037,6,0.0,0.0,0.0,0.0,Current,0,,0.0,,REVIEW,0.8
LN003037,7,0.0,0.0,0.0,0.0,Current,0,,0.0,,REVIEW,0.8
LN003038,1,0.0,0.0,0.0,0.0,Current,0,,0.0,,REVIEW,0.8
LN003038,2,0.0,0.0,0.0,0.0,Current,0,,0.0,,REVIEW,0.8
LN003038,3,0.0,0.0,0.0,0.0,Current,0,,0.0,,REVIEW,0.8
LN003038,4,0.0,0.0,0.0,0.0,Current,0,,0.0,,REVIEW,0.8
LN003038,5,0.0,0.0,0.0,0.0,Current,0,,0.0,,REVIEW,0.8
LN003038,6,0.0,0.0,0.0,0.0,Current,0,,0.0,,REVIEW,0.8
LN003038,7,0.0,0.0,0.0,0.0,Current,0,,0.0,,REVIEW,0.8
LN003038,8,0.0,0.0,0.0,0.0,Current,0,,0.0,,REVIEW,0.8
LN003038,9,0.0,0.0,0.0,0.0,Current,0,,0.0,,REVIEW,0.8
LN003038,10,0.0,0.0,0.0,0.0,Current,0,,0.0,,REVIEW,0.8
LN003038,11,0.0,0.0,0.0,0.0,Current,0,,0.0,,REVIEW,0.8
LN003038,12,0.0,0.0,0.0,0.0,Current,0,,0.0,,REVIEW,0.8
LN003038,13,0.0,0.0,0.0,0.0,Current,0,,0.0,,REVIEW,0.8
LN003038,14,0.0,0.0,0.0,0.0,Current,0,,0.0,,REVIEW,0.8
LN003038,15,0.0,0.0,0.0,0.0,Current,0,,0.0,,REVIEW,0.8
LN003038,16,0.0,0.0,0.0,0.0,Current,0,,0.0,,REVIEW,0.8
LN003038,17,0.0,0.0,0.0,0.0,Current,0,,0.0,,REVIEW,0.8
LN003038,18,0.0,0.0,0.0,0.0,Current,0,,0.0,,REVIEW,0.8
LN003038,19,0.0,0.0,0.0,0.0,Current,0,,0.0,,REVIEW,0.8
LN003038,20,0.0,0.0,0.0,0.0,Current,0,,0.0,,REVIEW,0.8
LN003038,21,0.0,0.0,0.0,0.0,Current,0,,0.0,,REVIEW,0.8
LN003038,22,0.0,0.0,0.0,0.0,Current,0,,0.0,,REVIEW,0.8
LN003038,23,0.0,0.0,0.0,0.0,Current,0,,0.0,,REVIEW,0.8
LN003038,24,0.0,0.0,0.0,0.0,Current,0,,0.0,,REVIEW,0.8
LN003039,1,0.0,0.0,0.0,0.0,Current,0,,0.0,,REVIEW,0.8
LN003039,2,0.0,0.0,0.0,0.0,Current,0,,0.0,,REVIEW,0.8
LN003039,3,0.0,0.0,0.0,0.0,Current,0,,0.0,,REVIEW,0.8
LN003039,4,0.0,0.0,0.0,0.0,Current,0,,0.0,,REVIEW,0.8
LN003039,5,0.0,0.0,0.0,0.0,Current,0,,0.0,,REVIEW,0.8
LN003039,6,0.0,0.0,0.0,0.0,Current,0,,0.0,,REVIEW,0.8
LN003039,7,0.0,0.0,0.0,0.0,Current,0,,0.0,,REVIEW,0.8
LN003039,8,0.0,0.0,0.0,0.0,Current,0,,0.0,,REVIEW,0.8
LN003039,9,0.0,0.0,0.0,0.0,Current,0,,0.0,,REVIEW,0.8
LN003039,10,0.0,0.0,0.0,0.0,Current,0,,0.0,,REVIEW,0.8
LN003039,11,0.0,0.0,0.0,0.0,Current,0,,0.0,,REVIEW,0.8
LN003039,12,0.0,0.0,0.0,0.0,Current,0,,0.0,,REVIEW,0.8
LN003039,13,0.0,0.0,0.0,0.0,Current,0,,0.0,,REVIEW,0.8
LN003039,14,0.0,0.0,0.0,0.0,Current,0,,0.0,,REVIEW,0.8
LN003039,15,0.0,0.0,0.0,0.0,Current,0,,0.0,,REVIEW,0.8
LN003039,16,0.0,0.0,0.0,0.0,Current,0,,0.0,,REVIEW,0.8
LN003039,17,0.0,0.0,0.0,0.0,Current,0,,0.0,,REVIEW,0.8
LN003039,18,0.0,0.0,0.0,0.0,Current,0,,0.0,,REVIEW,0.8
LN003039,19,0.0,0.0,0.0,0.0,Current,0,,0.0,,REVIEW,0.8
LN003039,20,0.0,0.0,0.0,0.0,Current,0,,0.0,,REVIEW,0.8
LN003039,21,0.0,0.0,0.0,0.0,Current,0,,0.0,,REVIEW,0.8
LN003039,22,0.0,0.0,0.0,0.0,Current,0,,0.0,,REVIEW,0.8
LN003039,23,0.0,0.0,0.0,0.0,Current,0,,0.0,,REVIEW,0.8
LN003039,24,0.0,0.0,0.0,0.0,Current,0,,0.0,,REVIEW,0.8
LN003040,1,0.0,0.0,0.0,0.0,Current,0,,0.0,,REVIEW,0.8
LN003040,2,0.0,0.0,0.0,0.0,Current,0,,0.0,,REVIEW,0.8
LN003040,3,0.0,0.0,0.0,0.0,Current,0,,0.0,,REVIEW,0.8
LN003040,4,0.0,0.0,0.0,0.0,Current,0,,0.0,,REVIEW,0.8
LN003040,5,0.0,0.0,0.0,0.0,Current,0,,0.0,,REVIEW,0.8
LN003040,6,0.0,0.0,0.0,0.0,Current,0,,0.0,,REVIEW,0.8
LN003040,7,0.0,0.0,0.0,0.0,Current,0,,0.0,,REVIEW,0.8
LN003040,8,0.0,0.0,0.0,0.0,Current,0,,0.0,,REVIEW,0.8
LN003040,9,0.0,0.0,0.0,0.0,Current,0,,0.0,,REVIEW,0.8
LN003040,10,0.0,0.0,0.0,0.0,Current,0,,0.0,,REVIEW,0.8
LN003040,11,0.0,0.0,0.0,0.0,Current,0,,0.0,,REVIEW,0.8
LN003040,12,0.0,0.0,0.0,0.0,Current,0,,0.0,,REVIEW,0.8
LN003040,13,0.0,0.0,0.0,0.0,Current,0,,0.0,,REVIEW,0.8
LN003040,14,0.0,0.0,0.0,0.0,Current,0,,0.0,,REVIEW,0.8
LN003040,15,0.0,0.0,0.0,0.0,Current,0,,0.0,,REVIEW,0.8
LN003040,16,0.0,0.0,0.0,0.0,Current,0,,0.0,,REVIEW,0.8
LN003040,17,0.0,0.0,0.0,0.0,Current,0,,0.0,,REVIEW,0.8
LN003040,18,0.0,0.0,0.0,0.0,Current,0,,0.0,,REVIEW,0.8
LN003040,19,0.0,0.0,0.0,0.0,Current,0,,0.0,,REVIEW,0.8
LN003040,20,0.0,0.0,0.0,0.0,Current,0,,0.0,,REVIEW,0.8
LN003040,21,0.0,0.0,0.0,0.0,Current,0,,0.0,,REVIEW,0.8
LN003040,22,0.0,0.0,0.0,0.0,Current,0,,0.0,,REVIEW,0.8
LN003040,23,0.0,0.0,0.0,0.0,Current,0,,0.0,,REVIEW,0.8
LN003040,24,0.0,0.0,0.0,0.0,Current,0,,0.0,,REVIEW,0.8
LN003041,1,0.0,0.0,0.0,0.0,Current,0,,0.0,,REVIEW,0.8
LN003041,2,0.0,0.0,0.0,0.0,Current,0,,0.0,,REVIEW,0.8
LN003041,3,0.0,0.0,0.0,0.0,Current,0,,0.0,,REVIEW,0.8
LN003041,4,0.0,0.0,0.0,0.0,Current,0,,0.0,,REVIEW,0.8
LN003041,5,0.0,0.0,0.0,0.0,Current,0,,0.0,,REVIEW,0.8
LN003041,6,0.0,0.0,0.0,0.0,Current,0,,0.0,,REVIEW,0.8
LN003041,7,0.0,0.0,0.0,0.0,Current,0,,0.0,,REVIEW,0.8
LN003041,8,0.0,0.0,0.0,0.0,Current,0,,0.0,,REVIEW,0.8
LN003041,9,0.0,0.0,0.0,0.0,Current,0,,0.0,,REVIEW,0.8
LN003041,10,0.0,0.0,0.0,0.0,Current,0,,0.0,,REVIEW,0.8
LN003041,11,0.0,0.0,0.0,0.0,Current,0,,0.0,,REVIEW,0.8
LN003041,12,0.0,0.0,0.0,0.0,Current,0,,0.0,,REVIEW,0.8
LN003041,13,0.0,0.0,0.0,0.0,Current,0,,0.0,,REVIEW,0.8
LN003041,14,0.0,0.0,0.0,0.0,Current,0,,0.0,,REVIEW,0.8
LN003041,15,0.0,0.0,0.0,0.0,Current,0,,0.0,,REVIEW,0.8
LN003041,16,0.0,0.0,0.0,0.0,Current,0,,0.0,,REVIEW,0.8
LN003041,17,0.0,0.0,0.0,0.0,Current,0,,0.0,,REVIEW,0.8
LN003041,18,0.0,0.0,0.0,0.0,Current,0,,0.0,,REVIEW,0.8
LN003041,19,0.0,0.0,0.0,0.0,Current,0,,0.0,,REVIEW,0.8
LN003041,20,0.0,0.0,0.0,0.0,Current,0,,0.0,,REVIEW,0.8
LN003041,21,0.0,0.0,0.0,0.0,Current,0,,0.0,,REVIEW,0.8
LN003041,22,0.0,0.0,0.0,0.0,Current,0,,0.0,,REVIEW,0.8
LN003042,1,0.0,0.0,0.0,0.0,Current,0,,0.0,,REVIEW,0.8
LN003042,2,0.0,0.0,0.0,0.0,Current,0,,0.0,,REVIEW,0.8
LN003042,3,0.0,0.0,0.0,0.0,Current,0,,0.0,,REVIEW,0.8
LN003042,4,0.0,0.0,0.0,0.0,Current,0,,0.0,,REVIEW,0.8
LN003042,5,0.0,0.0,0.0,0.0,Current,0,,0.0,,REVIEW,0.8
LN003042,6,0.0,0.0,0.0,0.0,Current,0,,0.0,,REVIEW,0.8
LN003042,7,0.0,0.0,0.0,0.0,Current,0,,0.0,,REVIEW,0.8
LN003042,8,0.0,0.0,0.0,0.0,Current,0,,0.0,,REVIEW,0.8
LN003042,9,0.0,0.0,0.0,0.0,Current,0,,0.0,,REVIEW,0.8
LN003042,10,0.0,0.0,0.0,0.0,Current,0,,0.0,,REVIEW,0.8
LN003042,11,0.0,0.0,0.0,0.0,Current,0,,0.0,,REVIEW,0.8
LN003042,12,0.0,0.0,0.0,0.0,Current,0,,0.0,,REVIEW,0.8
LN003042,13,0.0,0.0,0.0,0.0,Current,0,,0.0,,REVIEW,0.8
LN003042,14,0.0,0.0,0.0,0.0,Current,0,,0.0,,REVIEW,0.8
LN003042,15,0.0,0.0,0.0,0.0,Current,0,,0.0,,REVIEW,0.8
LN003042,16,0.0,0.0,0.0,0.0,Current,0,,0.0,,REVIEW,0.8
LN003042,17,0.0,0.0,0.0,0.0,Current,0,,0.0,,REVIEW,0.8
LN003042,18,0.0,0.0,0.0,0.0,Current,0,,0.0,,REVIEW,0.8
LN003042,19,0.0,0.0,0.0,0.0,Current,0,,0.0,,REVIEW,0.8
LN003042,20,0.0,0.0,0.0,0.0,Current,0,,0.0,,REVIEW,0.8
LN003042,21,0.0,0.0,0.0,0.0,Current,0,,0.0,,REVIEW,0.8
LN003042,22,0.0,0.0,0.0,0.0,Current,0,,0.0,,REVIEW,0.8
LN003042,23,0.0,0.0,0.0,0.0,Current,0,,0.0,,REVIEW,0.8
LN003042,24,0.0,0.0,0.0,0.0,Current,0,,0.0,,REVIEW,0.8
LN003043,1,0.0,0.0,0.0,0.0,Current,0,,0.0,,REVIEW,0.8
LN003043,2,0.0,0.0,0.0,0.0,Current,0,,0.0,,REVIEW,0.8
LN003043,3,0.0,0.0,0.0,0.0,Current,0,,0.0,,REVIEW,0.8
LN003043,4,0.0,0.0,0.0,0.0,Current,0,,0.0,,REVIEW,0.8
LN003043,5,0.0,0.0,0.0,0.0,Current,0,,0.0,,REVIEW,0.8
LN003043,6,0.0,0.0,0.0,0.0,Current,0,,0.0,,REVIEW,0.8
LN003043,7,0.0,0.0,0.0,0.0,Current,0,,0.0,,REVIEW,0.8
LN003043,8,0.0,0.0,0.0,0.0,Current,0,,0.0,,REVIEW,0.8
LN003043,9,0.0,0.0,0.0,0.0,Current,0,,0.0,,REVIEW,0.8
LN003044,1,0.0,0.0,0.0,0.0,Current,0,,0.0,,REVIEW,0.8
LN003044,2,0.0,0.0,0.0,0.0,Current,0,,0.0,,REVIEW,0.8
LN003044,3,0.0,0.0,0.0,0.0,Current,0,,0.0,,REVIEW,0.8
LN003044,4,0.0,0.0,0.0,0.0,Current,0,,0.0,,REVIEW,0.8
LN003044,5,0.0,0.0,0.0,0.0,Current,0,,0.0,,REVIEW,0.8
LN003044,6,0.0,0.0,0.0,0.0,Current,0,,0.0,,REVIEW,0.8
LN003044,7,0.0,0.0,0.0,0.0,Current,0,,0.0,,REVIEW,0.8
LN003044,8,0.0,0.0,0.0,0.0,Current,0,,0.0,,REVIEW,0.8
LN003044,9,0.0,0.0,0.0,0.0,Current,0,,0.0,,REVIEW,0.8
LN003044,10,0.0,0.0,0.0,0.0,Current,0,,0.0,,REVIEW,0.8
LN003044,11,0.0,0.0,0.0,0.0,Current,0,,0.0,,REVIEW,0.8
LN003044,12,0.0,0.0,0.0,0.0,Current,0,,0.0,,REVIEW,0.8
LN003044,13,0.0,0.0,0.0,0.0,Current,0,,0.0,,REVIEW,0.8
LN003044,14,0.0,0.0,0.0,0.0,Current,0,,0.0,,REVIEW,0.8
LN003044,15,0.0,0.0,0.0,0.0,Current,0,,0.0,,REVIEW,0.8
LN003044,16,0.0,0.0,0.0,0.0,Current,0,,0.0,,REVIEW,0.8
LN003044,17,0.0,0.0,0.0,0.0,Current,0,,0.0,,REVIEW,0.8
LN003044,18,0.0,0.0,0.0,0.0,Current,0,,0.0,,REVIEW,0.8
LN003044,19,0.0,0.0,0.0,0.0,Current,0,,0.0,,REVIEW,0.8
LN003044,20,0.0,0.0,0.0,0.0,Current,0,,0.0,,REVIEW,0.8
LN003045,1,0.0,0.0,0.0,0.0,Current,0,,0.0,,REVIEW,0.8
LN003045,2,0.0,0.0,0.0,0.0,Current,0,,0.0,,REVIEW,0.8
LN003045,3,0.0,0.0,0.0,0.0,Current,0,,0.0,,REVIEW,0.8
LN003045,4,0.0,0.0,0.0,0.0,Current,0,,0.0,,REVIEW,0.8
LN003045,5,0.0,0.0,0.0,0.0,Current,0,,0.0,,REVIEW,0.8
LN003045,6,0.0,0.0,0.0,0.0,Current,0,,0.0,,REVIEW,0.8
LN003045,7,0.0,0.0,0.0,0.0,Current,0,,0.0,,REVIEW,0.8
LN003045,8,0.0,0.0,0.0,0.0,Current,0,,0.0,,REVIEW,0.8
LN003045,9,0.0,0.0,0.0,0.0,Current,0,,0.0,,REVIEW,0.8
LN003045,10,0.0,0.0,0.0,0.0,Current,0,,0.0,,REVIEW,0.8
LN003045,11,0.0,0.0,0.0,0.0,Current,0,,0.0,,REVIEW,0.8
LN003045,12,0.0,0.0,0.0,0.0,Current,0,,0.0,,REVIEW,0.8
LN003045,13,0.0,0.0,0.0,0.0,Current,0,,0.0,,REVIEW,0.8
LN003045,14,0.0,0.0,0.0,0.0,Current,0,,0.0,,REVIEW,0.8
LN003045,15,0.0,0.0,0.0,0.0,Current,0,,0.0,,REVIEW,0.8
LN003045,16,0.0,0.0,0.0,0.0,Current,0,,0.0,,REVIEW,0.8
LN003045,17,0.0,0.0,0.0,0.0,Current,0,,0.0,,REVIEW,0.8
LN003045,18,0.0,0.0,0.0,0.0,Current,0,,0.0,,REVIEW,0.8
LN003045,19,0.0,0.0,0.0,0.0,Current,0,,0.0,,REVIEW,0.8
LN003045,20,0.0,0.0,0.0,0.0,Current,0,,0.0,,REVIEW,0.8
LN003045,21,0.0,0.0,0.0,0.0,Current,0,,0.0,,REVIEW,0.8
LN003045,22,0.0,0.0,0.0,0.0,Current,0,,0.0,,REVIEW,0.8
LN003045,23,0.0,0.0,0.0,0.0,Current,0,,0.0,,REVIEW,0.8
LN003045,24,0.0,0.0,0.0,0.0,Current,0,,0.0,,REVIEW,0.8
LN003046,1,0.0,0.0,0.0,0.0,Current,0,,0.0,,REVIEW,0.8
LN003047,1,0.0,0.0,0.0,0.0,Current,0,,0.0,,REVIEW,0.8
LN003047,2,0.0,0.0,0.0,0.0,Current,0,,0.0,,REVIEW,0.8
LN003047,3,0.0,0.0,0.0,0.0,Current,0,,0.0,,REVIEW,0.8
LN003047,4,0.0,0.0,0.0,0.0,Current,0,,0.0,,REVIEW,0.8
LN003047,5,0.0,0.0,0.0,0.0,Current,0,,0.0,,REVIEW,0.8
LN003047,6,0.0,0.0,0.0,0.0,Current,0,,0.0,,REVIEW,0.8
LN003047,7,0.0,0.0,0.0,0.0,Current,0,,0.0,,REVIEW,0.8
LN003047,8,0.0,0.0,0.0,0.0,Current,0,,0.0,,REVIEW,0.8
LN003047,9,0.0,0.0,0.0,0.0,Current,0,,0.0,,REVIEW,0.8
LN003047,10,0.0,0.0,0.0,0.0,Current,0,,0.0,,REVIEW,0.8
LN003047,11,0.0,0.0,0.0,0.0,Current,0,,0.0,,REVIEW,0.8
LN003047,12,0.0,0.0,0.0,0.0,Current,0,,0.0,,REVIEW,0.8
LN003047,13,0.0,0.0,0.0,0.0,Current,0,,0.0,,REVIEW,0.8
LN003047,14,0.0,0.0,0.0,0.0,Current,0,,0.0,,REVIEW,0.8
LN003047,15,0.0,0.0,0.0,0.0,Current,0,,0.0,,REVIEW,0.8
LN003047,16,0.0,0.0,0.0,0.0,Current,0,,0.0,,REVIEW,0.8
LN003047,17,0.0,0.0,0.0,0.0,Current,0,,0.0,,REVIEW,0.8
LN003047,18,0.0,0.0,0.0,0.0,Current,0,,0.0,,REVIEW,0.8
LN003047,19,0.0,0.0,0.0,0.0,Current,0,,0.0,,REVIEW,0.8
LN003047,20,0.0,0.0,0.0,0.0,Current,0,,0.0,,REVIEW,0.8
LN003047,21,0.0,0.0,0.0,0.0,Current,0,,0.0,,REVIEW,0.8
LN003047,22,0.0,0.0,0.0,0.0,Current,0,,0.0,,REVIEW,0.8
LN003047,23,0.0,0.0,0.0,0.0,Current,0,,0.0,,REVIEW,0.8
LN003047,24,0.0,0.0,0.0,0.0,Current,0,,0.0,,REVIEW,0.8
LN003048,1,0.0,0.0,0.0,0.0,Current,0,,0.0,,REVIEW,0.8
LN003048,2,0.0,0.0,0.0,0.0,Current,0,,0.0,,REVIEW,0.8
LN003048,3,0.0,0.0,0.0,0.0,Current,0,,0.0,,REVIEW,0.8
LN003048,4,0.0,0.0,0.0,0.0,Current,0,,0.0,,REVIEW,0.8
LN003048,5,0.0,0.0,0.0,0.0,Current,0,,0.0,,REVIEW,0.8
LN003048,6,0.0,0.0,0.0,0.0,Current,0,,0.0,,REVIEW,0.8
LN003048,7,0.0,0.0,0.0,0.0,Current,0,,0.0,,REVIEW,0.8
LN003048,8,0.0,0.0,0.0,0.0,Current,0,,0.0,,REVIEW,0.8
LN003048,9,0.0,0.0,0.0,0.0,Current,0,,0.0,,REVIEW,0.8
LN003048,10,0.0,0.0,0.0,0.0,Current,0,,0.0,,REVIEW,0.8
LN003048,11,0.0,0.0,0.0,0.0,Current,0,,0.0,,REVIEW,0.8
LN003048,12,0.0,0.0,0.0,0.0,Current,0,,0.0,,REVIEW,0.8
LN003048,13,0.0,0.0,0.0,0.0,Current,0,,0.0,,REVIEW,0.8
LN003048,14,0.0,0.0,0.0,0.0,Current,0,,0.0,,REVIEW,0.8
LN003048,15,0.0,0.0,0.0,0.0,Current,0,,0.0,,REVIEW,0.8
LN003048,16,0.0,0.0,0.0,0.0,Current,0,,0.0,,REVIEW,0.8
LN003048,17,0.0,0.0,0.0,0.0,Current,0,,0.0,,REVIEW,0.8
LN003048,18,0.0,0.0,0.0,0.0,Current,0,,0.0,,REVIEW,0.8
LN003048,19,0.0,0.0,0.0,0.0,Current,0,,0.0,,REVIEW,0.8
LN003048,20,0.0,0.0,0.0,0.0,Current,0,,0.0,,REVIEW,0.8
LN003049,1,0.0,0.0,0.0,0.0,Current,0,,0.0,,REVIEW,0.8
LN003049,2,0.0,0.0,0.0,0.0,Current,0,,0.0,,REVIEW,0.8
LN003049,3,0.0,0.0,0.0,0.0,Current,0,,0.0,,REVIEW,0.8
LN003049,4,0.0,0.0,0.0,0.0,Current,0,,0.0,,REVIEW,0.8
LN003049,5,0.0,0.0,0.0,0.0,Current,0,,0.0,,REVIEW,0.8
LN003049,6,0.0,0.0,0.0,0.0,Current,0,,0.0,,REVIEW,0.8
LN003049,7,0.0,0.0,0.0,0.0,Current,0,,0.0,,REVIEW,0.8
LN003049,8,0.0,0.0,0.0,0.0,Current,0,,0.0,,REVIEW,0.8
LN003049,9,0.0,0.0,0.0,0.0,Current,0,,0.0,,REVIEW,0.8
LN003049,10,0.0,0.0,0.0,0.0,Current,0,,0.0,,REVIEW,0.8
LN003049,11,0.0,0.0,0.0,0.0,Current,0,,0.0,,REVIEW,0.8
LN003049,12,0.0,0.0,0.0,0.0,Current,0,,0.0,,REVIEW,0.8
LN003049,13,0.0,0.0,0.0,0.0,Current,0,,0.0,,REVIEW,0.8
LN003049,14,0.0,0.0,0.0,0.0,Current,0,,0.0,,REVIEW,0.8
LN003049,15,0.0,0.0,0.0,0.0,Current,0,,0.0,,REVIEW,0.8
LN003049,16,0.0,0.0,0.0,0.0,Current,0,,0.0,,REVIEW,0.8
LN003049,17,0.0,0.0,0.0,0.0,Current,0,,0.0,,REVIEW,0.8
LN003049,18,0.0,0.0,0.0,0.0,Current,0,,0.0,,REVIEW,0.8
LN003049,19,0.0,0.0,0.0,0.0,Current,0,,0.0,,REVIEW,0.8
LN003049,20,0.0,0.0,0.0,0.0,Current,0,,0.0,,REVIEW,0.8
LN003049,21,0.0,0.0,0.0,0.0,Current,0,,0.0,,REVIEW,0.8
LN003049,22,0.0,0.0,0.0,0.0,Current,0,,0.0,,REVIEW,0.8
LN003049,23,0.0,0.0,0.0,0.0,Current,0,,0.0,,REVIEW,0.8
LN003049,24,0.0,0.0,0.0,0.0,Current,0,,0.0,,REVIEW,0.8
LN003050,1,0.0,0.0,0.0,0.0,Current,0,,0.0,,REVIEW,0.8
LN003050,2,0.0,0.0,0.0,0.0,Current,0,,0.0,,REVIEW,0.8
LN003050,3,0.0,0.0,0.0,0.0,Current,0,,0.0,,REVIEW,0.8
LN003050,4,0.0,0.0,0.0,0.0,Current,0,,0.0,,REVIEW,0.8
LN003050,5,0.0,0.0,0.0,0.0,Current,0,,0.0,,REVIEW,0.8
LN003050,6,0.0,0.0,0.0,0.0,Current,0,,0.0,,REVIEW,0.8
LN003050,7,0.0,0.0,0.0,0.0,Current,0,,0.0,,REVIEW,0.8
LN003050,8,0.0,0.0,0.0,0.0,Current,0,,0.0,,REVIEW,0.8
LN003050,9,0.0,0.0,0.0,0.0,Current,0,,0.0,,REVIEW,0.8
LN003050,10,0.0,0.0,0.0,0.0,Current,0,,0.0,,REVIEW,0.8
LN003050,11,0.0,0.0,0.0,0.0,Current,0,,0.0,,REVIEW,0.8
LN003050,12,0.0,0.0,0.0,0.0,Current,0,,0.0,,REVIEW,0.8
LN003050,13,0.0,0.0,0.0,0.0,Current,0,,0.0,,REVIEW,0.8
LN003050,14,0.0,0.0,0.0,0.0,Current,0,,0.0,,REVIEW,0.8
LN003050,15,0.0,0.0,0.0,0.0,Current,0,,0.0,,REVIEW,0.8
LN003050,16,0.0,0.0,0.0,0.0,Current,0,,0.0,,REVIEW,0.8
LN003050,17,0.0,0.0,0.0,0.0,Current,0,,0.0,,REVIEW,0.8
LN003050,18,0.0,0.0,0.0,0.0,Current,0,,0.0,,REVIEW,0.8
LN003050,19,0.0,0.0,0.0,0.0,Current,0,,0.0,,REVIEW,0.8
LN003050,20,0.0,0.0,0.0,0.0,Current,0,,0.0,,REVIEW,0.8
LN003050,21,0.0,0.0,0.0,0.0,Current,0,,0.0,,REVIEW,0.8
LN003050,22,0.0,0.0,0.0,0.0,Current,0,,0.0,,REVIEW,0.8
LN003050,23,0.0,0.0,0.0,0.0,Current,0,,0.0,,REVIEW,0.8
LN003050,24,0.0,0.0,0.0,0.0,Current,0,,0.0,,REVIEW,0.8
LN003051,1,0.0,0.0,0.0,0.0,Current,0,,0.0,,REVIEW,0.8
LN003051,2,0.0,0.0,0.0,0.0,Current,0,,0.0,,REVIEW,0.8
LN003051,3,0.0,0.0,0.0,0.0,Current,0,,0.0,,REVIEW,0.8
LN003051,4,0.0,0.0,0.0,0.0,Current,0,,0.0,,REVIEW,0.8
LN003051,5,0.0,0.0,0.0,0.0,Current,0,,0.0,,REVIEW,0.8
LN003051,6,0.0,0.0,0.0,0.0,Current,0,,0.0,,REVIEW,0.8
LN003051,7,0.0,0.0,0.0,0.0,Current,0,,0.0,,REVIEW,0.8
LN003051,8,0.0,0.0,0.0,0.0,Current,0,,0.0,,REVIEW,0.8
LN003051,9,0.0,0.0,0.0,0.0,Current,0,,0.0,,REVIEW,0.8
LN003051,10,0.0,0.0,0.0,0.0,Current,0,,0.0,,REVIEW,0.8
LN003051,11,0.0,0.0,0.0,0.0,Current,0,,0.0,,REVIEW,0.8
LN003051,12,0.0,0.0,0.0,0.0,Current,0,,0.0,,REVIEW,0.8
LN003051,13,0.0,0.0,0.0,0.0,Current,0,,0.0,,REVIEW,0.8
LN003051,14,0.0,0.0,0.0,0.0,Current,0,,0.0,,REVIEW,0.8
LN003051,15,0.0,0.0,0.0,0.0,Current,0,,0.0,,REVIEW,0.8
LN003051,16,0.0,0.0,0.0,0.0,Current,0,,0.0,,REVIEW,0.8
LN003051,17,0.0,0.0,0.0,0.0,Current,0,,0.0,,REVIEW,0.8
LN003051,18,0.0,0.0,0.0,0.0,Current,0,,0.0,,REVIEW,0.8
LN003051,19,0.0,0.0,0.0,0.0,Current,0,,0.0,,REVIEW,0.8
LN003051,20,0.0,0.0,0.0,0.0,Current,0,,0.0,,REVIEW,0.8
LN003051,21,0.0,0.0,0.0,0.0,Current,0,,0.0,,REVIEW,0.8
LN003051,22,0.0,0.0,0.0,0.0,Current,0,,0.0,,REVIEW,0.8
LN003051,23,0.0,0.0,0.0,0.0,Current,0,,0.0,,REVIEW,0.8
LN003051,24,0.0,0.0,0.0,0.0,Current,0,,0.0,,REVIEW,0.8
LN003052,1,0.0,0.0,0.0,0.0,Current,0,,0.0,,REVIEW,0.8
LN003052,2,0.0,0.0,0.0,0.0,Current,0,,0.0,,REVIEW,0.8
LN003052,3,0.0,0.0,0.0,0.0,Current,0,,0.0,,REVIEW,0.8
LN003052,4,0.0,0.0,0.0,0.0,Current,0,,0.0,,REVIEW,0.8
LN003052,5,0.0,0.0,0.0,0.0,Current,0,,0.0,,REVIEW,0.8
LN003052,6,0.0,0.0,0.0,0.0,Current,0,,0.0,,REVIEW,0.8
LN003052,7,0.0,0.0,0.0,0.0,Current,0,,0.0,,REVIEW,0.8
LN003052,8,0.0,0.0,0.0,0.0,Current,0,,0.0,,REVIEW,0.8
LN003052,9,0.0,0.0,0.0,0.0,Current,0,,0.0,,REVIEW,0.8
LN003052,10,0.0,0.0,0.0,0.0,Current,0,,0.0,,REVIEW,0.8
LN003052,11,0.0,0.0,0.0,0.0,Current,0,,0.0,,REVIEW,0.8
LN003052,12,0.0,0.0,0.0,0.0,Current,0,,0.0,,REVIEW,0.8
LN003052,13,0.0,0.0,0.0,0.0,Current,0,,0.0,,REVIEW,0.8
LN003052,14,0.0,0.0,0.0,0.0,Current,0,,0.0,,REVIEW,0.8
LN003052,15,0.0,0.0,0.0,0.0,Current,0,,0.0,,REVIEW,0.8
LN003052,16,0.0,0.0,0.0,0.0,Current,0,,0.0,,REVIEW,0.8
LN003052,17,0.0,0.0,0.0,0.0,Current,0,,0.0,,REVIEW,0.8
LN003052,18,0.0,0.0,0.0,0.0,Current,0,,0.0,,REVIEW,0.8
LN003052,19,0.0,0.0,0.0,0.0,Current,0,,0.0,,REVIEW,0.8
LN003052,20,0.0,0.0,0.0,0.0,Current,0,,0.0,,REVIEW,0.8
LN003052,21,0.0,0.0,0.0,0.0,Current,0,,0.0,,REVIEW,0.8
LN003052,22,0.0,0.0,0.0,0.0,Current,0,,0.0,,REVIEW,0.8
LN003052,23,0.0,0.0,0.0,0.0,Current,0,,0.0,,REVIEW,0.8
LN003052,24,0.0,0.0,0.0,0.0,Current,0,,0.0,,REVIEW,0.8
LN003053,1,0.0,0.0,0.0,0.0,Current,0,,0.0,,REVIEW,0.8
LN003053,2,0.0,0.0,0.0,0.0,Current,0,,0.0,,REVIEW,0.8
LN003053,3,0.0,0.0,0.0,0.0,Current,0,,0.0,,REVIEW,0.8
LN003053,4,0.0,0.0,0.0,0.0,Current,0,,0.0,,REVIEW,0.8
LN003053,5,0.0,0.0,0.0,0.0,Current,0,,0.0,,REVIEW,0.8
LN003053,6,0.0,0.0,0.0,0.0,Current,0,,0.0,,REVIEW,0.8
LN003053,7,0.0,0.0,0.0,0.0,Current,0,,0.0,,REVIEW,0.8
LN003053,8,0.0,0.0,0.0,0.0,Current,0,,0.0,,REVIEW,0.8
LN003053,9,0.0,0.0,0.0,0.0,Current,0,,0.0,,REVIEW,0.8
LN003054,1,0.0,0.0,0.0,0.0,Current,0,,0.0,,REVIEW,0.8
LN003054,2,0.0,0.0,0.0,0.0,Current,0,,0.0,,REVIEW,0.8
LN003054,3,0.0,0.0,0.0,0.0,Current,0,,0.0,,REVIEW,0.8
LN003054,4,0.0,0.0,0.0,0.0,Current,0,,0.0,,REVIEW,0.8
LN003054,5,0.0,0.0,0.0,0.0,Current,0,,0.0,,REVIEW,0.8
LN003054,6,0.0,0.0,0.0,0.0,Current,0,,0.0,,REVIEW,0.8
LN003054,7,0.0,0.0,0.0,0.0,Current,0,,0.0,,REVIEW,0.8
LN003054,8,0.0,0.0,0.0,0.0,Current,0,,0.0,,REVIEW,0.8
LN003054,9,0.0,0.0,0.0,0.0,Current,0,,0.0,,REVIEW,0.8
LN003054,10,0.0,0.0,0.0,0.0,Current,0,,0.0,,REVIEW,0.8
LN003054,11,0.0,0.0,0.0,0.0,Current,0,,0.0,,REVIEW,0.8
LN003054,12,0.0,0.0,0.0,0.0,Current,0,,0.0,,REVIEW,0.8
LN003054,13,0.0,0.0,0.0,0.0,Current,0,,0.0,,REVIEW,0.8
LN003054,14,0.0,0.0,0.0,0.0,Current,0,,0.0,,REVIEW,0.8
LN003054,15,0.0,0.0,0.0,0.0,Current,0,,0.0,,REVIEW,0.8
LN003054,16,0.0,0.0,0.0,0.0,Current,0,,0.0,,REVIEW,0.8
LN003054,17,0.0,0.0,0.0,0.0,Current,0,,0.0,,REVIEW,0.8
LN003054,18,0.0,0.0,0.0,0.0,Current,0,,0.0,,REVIEW,0.8
LN003054,19,0.0,0.0,0.0,0.0,Current,0,,0.0,,REVIEW,0.8
LN003054,20,0.0,0.0,0.0,0.0,Current,0,,0.0,,REVIEW,0.8
LN003054,21,0.0,0.0,0.0,0.0,Current,0,,0.0,,REVIEW,0.8
LN003054,22,0.0,0.0,0.0,0.0,Current,0,,0.0,,REVIEW,0.8
LN003054,23,0.0,0.0,0.0,0.0,Current,0,,0.0,,REVIEW,0.8
LN003054,24,0.0,0.0,0.0,0.0,Current,0,,0.0,,REVIEW,0.8
LN003055,1,0.0,0.0,0.0,0.0,Current,0,,0.0,,REVIEW,0.8
LN003055,2,0.0,0.0,0.0,0.0,Current,0,,0.0,,REVIEW,0.8
LN003055,3,0.0,0.0,0.0,0.0,Current,0,,0.0,,REVIEW,0.8
LN003055,4,0.0,0.0,0.0,0.0,Current,0,,0.0,,REVIEW,0.8
LN003055,5,0.0,0.0,0.0,0.0,Current,0,,0.0,,REVIEW,0.8
LN003055,6,0.0,0.0,0.0,0.0,Current,0,,0.0,,REVIEW,0.8
LN003055,7,0.0,0.0,0.0,0.0,Current,0,,0.0,,REVIEW,0.8
LN003055,8,0.0,0.0,0.0,0.0,Current,0,,0.0,,REVIEW,0.8
LN003055,9,0.0,0.0,0.0,0.0,Current,0,,0.0,,REVIEW,0.8
LN003055,10,0.0,0.0,0.0,0.0,Current,0,,0.0,,REVIEW,0.8
LN003055,11,0.0,0.0,0.0,0.0,Current,0,,0.0,,REVIEW,0.8
LN003055,12,0.0,0.0,0.0,0.0,Current,0,,0.0,,REVIEW,0.8
LN003055,13,0.0,0.0,0.0,0.0,Current,0,,0.0,,REVIEW,0.8
LN003055,14,0.0,0.0,0.0,0.0,Current,0,,0.0,,REVIEW,0.8
LN003055,15,0.0,0.0,0.0,0.0,Current,0,,0.0,,REVIEW,0.8
LN003055,16,0.0,0.0,0.0,0.0,Current,0,,0.0,,REVIEW,0.8
LN003055,17,0.0,0.0,0.0,0.0,Current,0,,0.0,,REVIEW,0.8
LN003055,18,0.0,0.0,0.0,0.0,Current,0,,0.0,,REVIEW,0.8
LN003055,19,0.0,0.0,0.0,0.0,Current,0,,0.0,,REVIEW,0.8
LN003055,20,0.0,0.0,0.0,0.0,Current,0,,0.0,,REVIEW,0.8
LN003055,21,0.0,0.0,0.0,0.0,Current,0,,0.0,,REVIEW,0.8
LN003055,22,0.0,0.0,0.0,0.0,Current,0,,0.0,,REVIEW,0.8
LN003055,23,0.0,0.0,0.0,0.0,Current,0,,0.0,,REVIEW,0.8
LN003055,24,0.0,0.0,0.0,0.0,Current,0,,0.0,,REVIEW,0.8
LN003056,1,0.0,0.0,0.0,0.0,Current,0,,0.0,,REVIEW,0.8
LN003056,2,0.0,0.0,0.0,0.0,Current,0,,0.0,,REVIEW,0.8
LN003056,3,0.0,0.0,0.0,0.0,Current,0,,0.0,,REVIEW,0.8
LN003056,4,0.0,0.0,0.0,0.0,Current,0,,0.0,,REVIEW,0.8
LN003056,5,0.0,0.0,0.0,0.0,Current,0,,0.0,,REVIEW,0.8
LN003056,6,0.0,0.0,0.0,0.0,Current,0,,0.0,,REVIEW,0.8
LN003056,7,0.0,0.0,0.0,0.0,Current,0,,0.0,,REVIEW,0.8
LN003056,8,0.0,0.0,0.0,0.0,Current,0,,0.0,,REVIEW,0.8
LN003056,9,0.0,0.0,0.0,0.0,Current,0,,0.0,,REVIEW,0.8
LN003056,10,0.0,0.0,0.0,0.0,Current,0,,0.0,,REVIEW,0.8
LN003056,11,0.0,0.0,0.0,0.0,Current,0,,0.0,,REVIEW,0.8
LN003056,12,0.0,0.0,0.0,0.0,Current,0,,0.0,,REVIEW,0.8
LN003056,13,0.0,0.0,0.0,0.0,Current,0,,0.0,,REVIEW,0.8
LN003056,14,0.0,0.0,0.0,0.0,Current,0,,0.0,,REVIEW,0.8
LN003056,15,0.0,0.0,0.0,0.0,Current,0,,0.0,,REVIEW,0.8
LN003056,16,0.0,0.0,0.0,0.0,Current,0,,0.0,,REVIEW,0.8
LN003056,17,0.0,0.0,0.0,0.0,Current,0,,0.0,,REVIEW,0.8
LN003056,18,0.0,0.0,0.0,0.0,Current,0,,0.0,,REVIEW,0.8
LN003056,19,0.0,0.0,0.0,0.0,Current,0,,0.0,,REVIEW,0.8
LN003056,20,0.0,0.0,0.0,0.0,Current,0,,0.0,,REVIEW,0.8
LN003056,21,0.0,0.0,0.0,0.0,Current,0,,0.0,,REVIEW,0.8
LN003056,22,0.0,0.0,0.0,0.0,Current,0,,0.0,,REVIEW,0.8
LN003056,23,0.0,0.0,0.0,0.0,Current,0,,0.0,,REVIEW,0.8
LN003056,24,0.0,0.0,0.0,0.0,Current,0,,0.0,,REVIEW,0.8
LN003057,1,0.0,0.0,0.0,0.0,Current,0,,0.0,,REVIEW,0.8
LN003057,2,0.0,0.0,0.0,0.0,Current,0,,0.0,,REVIEW,0.8
LN003057,3,0.0,0.0,0.0,0.0,Current,0,,0.0,,REVIEW,0.8
LN003057,4,0.0,0.0,0.0,0.0,Current,0,,0.0,,REVIEW,0.8
LN003057,5,0.0,0.0,0.0,0.0,Current,0,,0.0,,REVIEW,0.8
LN003057,6,0.0,0.0,0.0,0.0,Current,0,,0.0,,REVIEW,0.8
LN003057,7,0.0,0.0,0.0,0.0,Current,0,,0.0,,REVIEW,0.8
LN003057,8,0.0,0.0,0.0,0.0,Current,0,,0.0,,REVIEW,0.8
LN003057,9,0.0,0.0,0.0,0.0,Current,0,,0.0,,REVIEW,0.8
LN003057,10,0.0,0.0,0.0,0.0,Current,0,,0.0,,REVIEW,0.8
LN003057,11,0.0,0.0,0.0,0.0,Current,0,,0.0,,REVIEW,0.8
LN003057,12,0.0,0.0,0.0,0.0,Current,0,,0.0,,REVIEW,0.8
LN003058,1,0.0,0.0,0.0,0.0,Current,0,,0.0,,REVIEW,0.8
LN003058,2,0.0,0.0,0.0,0.0,Current,0,,0.0,,REVIEW,0.8
LN003058,3,0.0,0.0,0.0,0.0,Current,0,,0.0,,REVIEW,0.8
LN003058,4,0.0,0.0,0.0,0.0,Current,0,,0.0,,REVIEW,0.8
LN003058,5,0.0,0.0,0.0,0.0,Current,0,,0.0,,REVIEW,0.8
LN003058,6,0.0,0.0,0.0,0.0,Current,0,,0.0,,REVIEW,0.8
LN003058,7,0.0,0.0,0.0,0.0,Current,0,,0.0,,REVIEW,0.8
LN003058,8,0.0,0.0,0.0,0.0,Current,0,,0.0,,REVIEW,0.8
LN003058,9,0.0,0.0,0.0,0.0,Current,0,,0.0,,REVIEW,0.8
LN003058,10,0.0,0.0,0.0,0.0,Current,0,,0.0,,REVIEW,0.8
LN003058,11,0.0,0.0,0.0,0.0,Current,0,,0.0,,REVIEW,0.8
LN003058,12,0.0,0.0,0.0,0.0,Current,0,,0.0,,REVIEW,0.8
LN003058,13,0.0,0.0,0.0,0.0,Current,0,,0.0,,REVIEW,0.8
LN003058,14,0.0,0.0,0.0,0.0,Current,0,,0.0,,REVIEW,0.8
LN003058,15,0.0,0.0,0.0,0.0,Current,0,,0.0,,REVIEW,0.8
LN003058,16,0.0,0.0,0.0,0.0,Current,0,,0.0,,REVIEW,0.8
LN003058,17,0.0,0.0,0.0,0.0,Current,0,,0.0,,REVIEW,0.8
LN003058,18,0.0,0.0,0.0,0.0,Current,0,,0.0,,REVIEW,0.8
LN003058,19,0.0,0.0,0.0,0.0,Current,0,,0.0,,REVIEW,0.8
LN003058,20,0.0,0.0,0.0,0.0,Current,0,,0.0,,REVIEW,0.8
LN003058,21,0.0,0.0,0.0,0.0,Current,0,,0.0,,REVIEW,0.8
LN003058,22,0.0,0.0,0.0,0.0,Current,0,,0.0,,REVIEW,0.8
LN003058,23,0.0,0.0,0.0,0.0,Current,0,,0.0,,REVIEW,0.8
LN003058,24,0.0,0.0,0.0,0.0,Current,0,,0.0,,REVIEW,0.8
LN003059,1,0.0,0.0,0.0,0.0,Current,0,,0.0,,REVIEW,0.8
LN003059,2,0.0,0.0,0.0,0.0,Current,0,,0.0,,REVIEW,0.8
LN003059,3,0.0,0.0,0.0,0.0,Current,0,,0.0,,REVIEW,0.8
LN003059,4,0.0,0.0,0.0,0.0,Current,0,,0.0,,REVIEW,0.8
LN003059,5,0.0,0.0,0.0,0.0,Current,0,,0.0,,REVIEW,0.8
LN003059,6,0.0,0.0,0.0,0.0,Current,0,,0.0,,REVIEW,0.8
LN003059,7,0.0,0.0,0.0,0.0,Current,0,,0.0,,REVIEW,0.8
LN003059,8,0.0,0.0,0.0,0.0,Current,0,,0.0,,REVIEW,0.8
LN003059,9,0.0,0.0,0.0,0.0,Current,0,,0.0,,REVIEW,0.8
LN003059,10,0.0,0.0,0.0,0.0,Current,0,,0.0,,REVIEW,0.8
LN003059,11,0.0,0.0,0.0,0.0,Current,0,,0.0,,REVIEW,0.8
LN003059,12,0.0,0.0,0.0,0.0,Current,0,,0.0,,REVIEW,0.8
LN003059,13,0.0,0.0,0.0,0.0,Current,0,,0.0,,REVIEW,0.8
LN003059,14,0.0,0.0,0.0,0.0,Current,0,,0.0,,REVIEW,0.8
LN003059,15,0.0,0.0,0.0,0.0,Current,0,,0.0,,REVIEW,0.8
LN003059,16,0.0,0.0,0.0,0.0,Current,0,,0.0,,REVIEW,0.8
LN003059,17,0.0,0.0,0.0,0.0,Current,0,,0.0,,REVIEW,0.8
LN003059,18,0.0,0.0,0.0,0.0,Current,0,,0.0,,REVIEW,0.8
LN003059,19,0.0,0.0,0.0,0.0,Current,0,,0.0,,REVIEW,0.8
LN003059,20,0.0,0.0,0.0,0.0,Current,0,,0.0,,REVIEW,0.8
LN003059,21,0.0,0.0,0.0,0.0,Current,0,,0.0,,REVIEW,0.8
LN003059,22,0.0,0.0,0.0,0.0,Current,0,,0.0,,REVIEW,0.8
LN003059,23,0.0,0.0,0.0,0.0,Current,0,,0.0,,REVIEW,0.8
LN003059,24,0.0,0.0,0.0,0.0,Current,0,,0.0,,REVIEW,0.8
LN003060,1,0.0,0.0,0.0,0.0,Current,0,,0.0,,REVIEW,0.8
LN003060,2,0.0,0.0,0.0,0.0,Current,0,,0.0,,REVIEW,0.8
LN003060,3,0.0,0.0,0.0,0.0,Current,0,,0.0,,REVIEW,0.8
LN003060,4,0.0,0.0,0.0,0.0,Current,0,,0.0,,REVIEW,0.8
LN003060,5,0.0,0.0,0.0,0.0,Current,0,,0.0,,REVIEW,0.8
LN003060,6,0.0,0.0,0.0,0.0,Current,0,,0.0,,REVIEW,0.8
LN003060,7,0.0,0.0,0.0,0.0,Current,0,,0.0,,REVIEW,0.8
LN003060,8,0.0,0.0,0.0,0.0,Current,0,,0.0,,REVIEW,0.8
LN003060,9,0.0,0.0,0.0,0.0,Current,0,,0.0,,REVIEW,0.8
LN003060,10,0.0,0.0,0.0,0.0,Current,0,,0.0,,REVIEW,0.8
LN003060,11,0.0,0.0,0.0,0.0,Current,0,,0.0,,REVIEW,0.8
LN003060,12,0.0,0.0,0.0,0.0,Current,0,,0.0,,REVIEW,0.8
LN003060,13,0.0,0.0,0.0,0.0,Current,0,,0.0,,REVIEW,0.8
LN003060,14,0.0,0.0,0.0,0.0,Current,0,,0.0,,REVIEW,0.8
LN003060,15,0.0,0.0,0.0,0.0,Current,0,,0.0,,REVIEW,0.8
LN003060,16,0.0,0.0,0.0,0.0,Current,0,,0.0,,REVIEW,0.8
LN003060,17,0.0,0.0,0.0,0.0,Current,0,,0.0,,REVIEW,0.8
LN003060,18,0.0,0.0,0.0,0.0,Current,0,,0.0,,REVIEW,0.8
LN003060,19,0.0,0.0,0.0,0.0,Current,0,,0.0,,REVIEW,0.8
LN003060,20,0.0,0.0,0.0,0.0,Current,0,,0.0,,REVIEW,0.8
LN003060,21,0.0,0.0,0.0,0.0,Current,0,,0.0,,REVIEW,0.8
LN003060,22,0.0,0.0,0.0,0.0,Current,0,,0.0,,REVIEW,0.8
LN003060,23,0.0,0.0,0.0,0.0,Current,0,,0.0,,REVIEW,0.8
LN003060,24,0.0,0.0,0.0,0.0,Current,0,,0.0,,REVIEW,0.8
LN003061,1,0.0,0.0,0.0,0.0,Current,0,,0.0,,REVIEW,0.8
LN003061,2,0.0,0.0,0.0,0.0,Current,0,,0.0,,REVIEW,0.8
LN003061,3,0.0,0.0,0.0,0.0,Current,0,,0.0,,REVIEW,0.8
LN003061,4,0.0,0.0,0.0,0.0,Current,0,,0.0,,REVIEW,0.8
LN003061,5,0.0,0.0,0.0,0.0,Current,0,,0.0,,REVIEW,0.8
LN003061,6,0.0,0.0,0.0,0.0,Current,0,,0.0,,REVIEW,0.8
LN003061,7,0.0,0.0,0.0,0.0,Current,0,,0.0,,REVIEW,0.8
LN003061,8,0.0,0.0,0.0,0.0,Current,0,,0.0,,REVIEW,0.8
LN003061,9,0.0,0.0,0.0,0.0,Current,0,,0.0,,REVIEW,0.8
LN003061,10,0.0,0.0,0.0,0.0,Current,0,,0.0,,REVIEW,0.8
LN003061,11,0.0,0.0,0.0,0.0,Current,0,,0.0,,REVIEW,0.8
LN003061,12,0.0,0.0,0.0,0.0,Current,0,,0.0,,REVIEW,0.8
LN003061,13,0.0,0.0,0.0,0.0,Current,0,,0.0,,REVIEW,0.8
LN003061,14,0.0,0.0,0.0,0.0,Current,0,,0.0,,REVIEW,0.8
LN003061,15,0.0,0.0,0.0,0.0,Current,0,,0.0,,REVIEW,0.8
LN003061,16,0.0,0.0,0.0,0.0,Current,0,,0.0,,REVIEW,0.8
LN003061,17,0.0,0.0,0.0,0.0,Current,0,,0.0,,REVIEW,0.8
LN003061,18,0.0,0.0,0.0,0.0,Current,0,,0.0,,REVIEW,0.8
LN003062,1,0.0,0.0,0.0,0.0,Current,0,,0.0,,REVIEW,0.8
LN003062,2,0.0,0.0,0.0,0.0,Current,0,,0.0,,REVIEW,0.8
LN003062,3,0.0,0.0,0.0,0.0,Current,0,,0.0,,REVIEW,0.8
LN003062,4,0.0,0.0,0.0,0.0,Current,0,,0.0,,REVIEW,0.8
LN003062,5,0.0,0.0,0.0,0.0,Current,0,,0.0,,REVIEW,0.8
LN003062,6,0.0,0.0,0.0,0.0,Current,0,,0.0,,REVIEW,0.8
LN003062,7,0.0,0.0,0.0,0.0,Current,0,,0.0,,REVIEW,0.8
LN003062,8,0.0,0.0,0.0,0.0,Current,0,,0.0,,REVIEW,0.8
LN003062,9,0.0,0.0,0.0,0.0,Current,0,,0.0,,REVIEW,0.8
LN003062,10,0.0,0.0,0.0,0.0,Current,0,,0.0,,REVIEW,0.8
LN003062,11,0.0,0.0,0.0,0.0,Current,0,,0.0,,REVIEW,0.8
LN003062,12,0.0,0.0,0.0,0.0,Current,0,,0.0,,REVIEW,0.8
LN003062,13,0.0,0.0,0.0,0.0,Current,0,,0.0,,REVIEW,0.8
LN003062,14,0.0,0.0,0.0,0.0,Current,0,,0.0,,REVIEW,0.8
LN003062,15,0.0,0.0,0.0,0.0,Current,0,,0.0,,REVIEW,0.8
LN003062,16,0.0,0.0,0.0,0.0,Current,0,,0.0,,REVIEW,0.8
LN003062,17,0.0,0.0,0.0,0.0,Current,0,,0.0,,REVIEW,0.8
LN003062,18,0.0,0.0,0.0,0.0,Current,0,,0.0,,REVIEW,0.8
LN003062,19,0.0,0.0,0.0,0.0,Current,0,,0.0,,REVIEW,0.8
LN003062,20,0.0,0.0,0.0,0.0,Current,0,,0.0,,REVIEW,0.8
LN003062,21,0.0,0.0,0.0,0.0,Current,0,,0.0,,REVIEW,0.8
LN003062,22,0.0,0.0,0.0,0.0,Current,0,,0.0,,REVIEW,0.8
LN003062,23,0.0,0.0,0.0,0.0,Current,0,,0.0,,REVIEW,0.8
LN003062,24,0.0,0.0,0.0,0.0,Current,0,,0.0,,REVIEW,0.8
LN003063,1,0.0,0.0,0.0,0.0,Current,0,,0.0,,REVIEW,0.8
LN003063,2,0.0,0.0,0.0,0.0,Current,0,,0.0,,REVIEW,0.8
LN003063,3,0.0,0.0,0.0,0.0,Current,0,,0.0,,REVIEW,0.8
LN003063,4,0.0,0.0,0.0,0.0,Current,0,,0.0,,REVIEW,0.8
LN003063,5,0.0,0.0,0.0,0.0,Current,0,,0.0,,REVIEW,0.8
LN003063,6,0.0,0.0,0.0,0.0,Current,0,,0.0,,REVIEW,0.8
LN003063,7,0.0,0.0,0.0,0.0,Current,0,,0.0,,REVIEW,0.8
LN003063,8,0.0,0.0,0.0,0.0,Current,0,,0.0,,REVIEW,0.8
LN003063,9,0.0,0.0,0.0,0.0,Current,0,,0.0,,REVIEW,0.8
LN003063,10,0.0,0.0,0.0,0.0,Current,0,,0.0,,REVIEW,0.8
LN003063,11,0.0,0.0,0.0,0.0,Current,0,,0.0,,REVIEW,0.8
LN003063,12,0.0,0.0,0.0,0.0,Current,0,,0.0,,REVIEW,0.8
LN003063,13,0.0,0.0,0.0,0.0,Current,0,,0.0,,REVIEW,0.8
LN003063,14,0.0,0.0,0.0,0.0,Current,0,,0.0,,REVIEW,0.8
LN003063,15,0.0,0.0,0.0,0.0,Current,0,,0.0,,REVIEW,0.8
LN003063,16,0.0,0.0,0.0,0.0,Current,0,,0.0,,REVIEW,0.8
LN003063,17,0.0,0.0,0.0,0.0,Current,0,,0.0,,REVIEW,0.8
LN003063,18,0.0,0.0,0.0,0.0,Current,0,,0.0,,REVIEW,0.8
LN003063,19,0.0,0.0,0.0,0.0,Current,0,,0.0,,REVIEW,0.8
LN003063,20,0.0,0.0,0.0,0.0,Current,0,,0.0,,REVIEW,0.8
LN003063,21,0.0,0.0,0.0,0.0,Current,0,,0.0,,REVIEW,0.8
LN003063,22,0.0,0.0,0.0,0.0,Current,0,,0.0,,REVIEW,0.8
LN003063,23,0.0,0.0,0.0,0.0,Current,0,,0.0,,REVIEW,0.8
LN003063,24,0.0,0.0,0.0,0.0,Current,0,,0.0,,REVIEW,0.8
LN003064,1,0.0,0.0,0.0,0.0,Current,0,,0.0,,REVIEW,0.8
LN003064,2,0.0,0.0,0.0,0.0,Current,0,,0.0,,REVIEW,0.8
LN003064,3,0.0,0.0,0.0,0.0,Current,0,,0.0,,REVIEW,0.8
LN003064,4,0.0,0.0,0.0,0.0,Current,0,,0.0,,REVIEW,0.8
LN003064,5,0.0,0.0,0.0,0.0,Current,0,,0.0,,REVIEW,0.8
LN003064,6,0.0,0.0,0.0,0.0,Current,0,,0.0,,REVIEW,0.8
LN003064,7,0.0,0.0,0.0,0.0,Current,0,,0.0,,REVIEW,0.8
LN003064,8,0.0,0.0,0.0,0.0,Current,0,,0.0,,REVIEW,0.8
LN003064,9,0.0,0.0,0.0,0.0,Current,0,,0.0,,REVIEW,0.8
LN003064,10,0.0,0.0,0.0,0.0,Current,0,,0.0,,REVIEW,0.8
LN003064,11,0.0,0.0,0.0,0.0,Current,0,,0.0,,REVIEW,0.8
LN003064,12,0.0,0.0,0.0,0.0,Current,0,,0.0,,REVIEW,0.8
LN003064,13,0.0,0.0,0.0,0.0,Current,0,,0.0,,REVIEW,0.8
LN003064,14,0.0,0.0,0.0,0.0,Current,0,,0.0,,REVIEW,0.8
LN003064,15,0.0,0.0,0.0,0.0,Current,0,,0.0,,REVIEW,0.8
LN003064,16,0.0,0.0,0.0,0.0,Current,0,,0.0,,REVIEW,0.8
LN003064,17,0.0,0.0,0.0,0.0,Current,0,,0.0,,REVIEW,0.8
LN003064,18,0.0,0.0,0.0,0.0,Current,0,,0.0,,REVIEW,0.8
LN003064,19,0.0,0.0,0.0,0.0,Current,0,,0.0,,REVIEW,0.8
LN003064,20,0.0,0.0,0.0,0.0,Current,0,,0.0,,REVIEW,0.8
LN003064,21,0.0,0.0,0.0,0.0,Current,0,,0.0,,REVIEW,0.8
LN003064,22,0.0,0.0,0.0,0.0,Current,0,,0.0,,REVIEW,0.8
LN003064,23,0.0,0.0,0.0,0.0,Current,0,,0.0,,REVIEW,0.8
LN003064,24,0.0,0.0,0.0,0.0,Current,0,,0.0,,REVIEW,0.8
LN003065,1,0.0,0.0,0.0,0.0,Current,0,,0.0,,REVIEW,0.8
LN003065,2,0.0,0.0,0.0,0.0,Current,0,,0.0,,REVIEW,0.8
LN003065,3,0.0,0.0,0.0,0.0,Current,0,,0.0,,REVIEW,0.8
LN003065,4,0.0,0.0,0.0,0.0,Current,0,,0.0,,REVIEW,0.8
LN003065,5,0.0,0.0,0.0,0.0,Current,0,,0.0,,REVIEW,0.8
LN003065,6,0.0,0.0,0.0,0.0,Current,0,,0.0,,REVIEW,0.8
LN003065,7,0.0,0.0,0.0,0.0,Current,0,,0.0,,REVIEW,0.8
LN003065,8,0.0,0.0,0.0,0.0,Current,0,,0.0,,REVIEW,0.8
LN003065,9,0.0,0.0,0.0,0.0,Current,0,,0.0,,REVIEW,0.8
LN003065,10,0.0,0.0,0.0,0.0,Current,0,,0.0,,REVIEW,0.8
LN003065,11,0.0,0.0,0.0,0.0,Current,0,,0.0,,REVIEW,0.8
LN003065,12,0.0,0.0,0.0,0.0,Current,0,,0.0,,REVIEW,0.8
LN003065,13,0.0,0.0,0.0,0.0,Current,0,,0.0,,REVIEW,0.8
LN003065,14,0.0,0.0,0.0,0.0,Current,0,,0.0,,REVIEW,0.8
LN003065,15,0.0,0.0,0.0,0.0,Current,0,,0.0,,REVIEW,0.8
LN003065,16,0.0,0.0,0.0,0.0,Current,0,,0.0,,REVIEW,0.8
LN003065,17,0.0,0.0,0.0,0.0,Current,0,,0.0,,REVIEW,0.8
LN003065,18,0.0,0.0,0.0,0.0,Current,0,,0.0,,REVIEW,0.8
LN003065,19,0.0,0.0,0.0,0.0,Current,0,,0.0,,REVIEW,0.8
LN003065,20,0.0,0.0,0.0,0.0,Current,0,,0.0,,REVIEW,0.8
LN003066,1,0.0,0.0,0.0,0.0,Current,0,,0.0,,REVIEW,0.8
LN003066,2,0.0,0.0,0.0,0.0,Current,0,,0.0,,REVIEW,0.8
LN003066,3,0.0,0.0,0.0,0.0,Current,0,,0.0,,REVIEW,0.8
LN003066,4,0.0,0.0,0.0,0.0,Current,0,,0.0,,REVIEW,0.8
LN003066,5,0.0,0.0,0.0,0.0,Current,0,,0.0,,REVIEW,0.8
LN003066,6,0.0,0.0,0.0,0.0,Current,0,,0.0,,REVIEW,0.8
LN003066,7,0.0,0.0,0.0,0.0,Current,0,,0.0,,REVIEW,0.8
LN003066,8,0.0,0.0,0.0,0.0,Current,0,,0.0,,REVIEW,0.8
LN003066,9,0.0,0.0,0.0,0.0,Current,0,,0.0,,REVIEW,0.8
LN003066,10,0.0,0.0,0.0,0.0,Current,0,,0.0,,REVIEW,0.8
LN003066,11,0.0,0.0,0.0,0.0,Current,0,,0.0,,REVIEW,0.8
LN003066,12,0.0,0.0,0.0,0.0,Current,0,,0.0,,REVIEW,0.8
LN003066,13,0.0,0.0,0.0,0.0,Current,0,,0.0,,REVIEW,0.8
LN003066,14,0.0,0.0,0.0,0.0,Current,0,,0.0,,REVIEW,0.8
LN003066,15,0.0,0.0,0.0,0.0,Current,0,,0.0,,REVIEW,0.8
LN003066,16,0.0,0.0,0.0,0.0,Current,0,,0.0,,REVIEW,0.8
LN003066,17,0.0,0.0,0.0,0.0,Current,0,,0.0,,REVIEW,0.8
LN003066,18,0.0,0.0,0.0,0.0,Current,0,,0.0,,REVIEW,0.8
LN003066,19,0.0,0.0,0.0,0.0,Current,0,,0.0,,REVIEW,0.8
LN003066,20,0.0,0.0,0.0,0.0,Current,0,,0.0,,REVIEW,0.8
LN003066,21,0.0,0.0,0.0,0.0,Current,0,,0.0,,REVIEW,0.8
LN003066,22,0.0,0.0,0.0,0.0,Current,0,,0.0,,REVIEW,0.8
LN003066,23,0.0,0.0,0.0,0.0,Current,0,,0.0,,REVIEW,0.8
LN003066,24,0.0,0.0,0.0,0.0,Current,0,,0.0,,REVIEW,0.8
LN003067,1,0.0,0.0,0.0,0.0,Current,0,,0.0,,REVIEW,0.8
LN003067,2,0.0,0.0,0.0,0.0,Current,0,,0.0,,REVIEW,0.8
LN003067,3,0.0,0.0,0.0,0.0,Current,0,,0.0,,REVIEW,0.8
LN003067,4,0.0,0.0,0.0,0.0,Current,0,,0.0,,REVIEW,0.8
LN003067,5,0.0,0.0,0.0,0.0,Current,0,,0.0,,REVIEW,0.8
LN003067,6,0.0,0.0,0.0,0.0,Current,0,,0.0,,REVIEW,0.8
LN003067,7,0.0,0.0,0.0,0.0,Current,0,,0.0,,REVIEW,0.8
LN003067,8,0.0,0.0,0.0,0.0,Current,0,,0.0,,REVIEW,0.8
LN003067,9,0.0,0.0,0.0,0.0,Current,0,,0.0,,REVIEW,0.8
LN003067,10,0.0,0.0,0.0,0.0,Current,0,,0.0,,REVIEW,0.8
LN003067,11,0.0,0.0,0.0,0.0,Current,0,,0.0,,REVIEW,0.8
LN003067,12,0.0,0.0,0.0,0.0,Current,0,,0.0,,REVIEW,0.8
LN003067,13,0.0,0.0,0.0,0.0,Current,0,,0.0,,REVIEW,0.8
LN003067,14,0.0,0.0,0.0,0.0,Current,0,,0.0,,REVIEW,0.8
LN003067,15,0.0,0.0,0.0,0.0,Current,0,,0.0,,REVIEW,0.8
LN003067,16,0.0,0.0,0.0,0.0,Current,0,,0.0,,REVIEW,0.8
LN003067,17,0.0,0.0,0.0,0.0,Current,0,,0.0,,REVIEW,0.8
LN003067,18,0.0,0.0,0.0,0.0,Current,0,,0.0,,REVIEW,0.8
LN003067,19,0.0,0.0,0.0,0.0,Current,0,,0.0,,REVIEW,0.8
LN003067,20,0.0,0.0,0.0,0.0,Current,0,,0.0,,REVIEW,0.8
LN003067,21,0.0,0.0,0.0,0.0,Current,0,,0.0,,REVIEW,0.8
LN003067,22,0.0,0.0,0.0,0.0,Current,0,,0.0,,REVIEW,0.8
LN003067,23,0.0,0.0,0.0,0.0,Current,0,,0.0,,REVIEW,0.8
LN003067,24,0.0,0.0,0.0,0.0,Current,0,,0.0,,REVIEW,0.8
LN003068,1,0.0,0.0,0.0,0.0,Current,0,,0.0,,REVIEW,0.8
LN003068,2,0.0,0.0,0.0,0.0,Current,0,,0.0,,REVIEW,0.8
LN003068,3,0.0,0.0,0.0,0.0,Current,0,,0.0,,REVIEW,0.8
LN003068,4,0.0,0.0,0.0,0.0,Current,0,,0.0,,REVIEW,0.8
LN003068,5,0.0,0.0,0.0,0.0,Current,0,,0.0,,REVIEW,0.8
LN003068,6,0.0,0.0,0.0,0.0,Current,0,,0.0,,REVIEW,0.8
LN003069,1,0.0,0.0,0.0,0.0,Current,0,,0.0,,REVIEW,0.8
LN003069,2,0.0,0.0,0.0,0.0,Current,0,,0.0,,REVIEW,0.8
LN003069,3,0.0,0.0,0.0,0.0,Current,0,,0.0,,REVIEW,0.8
LN003069,4,0.0,0.0,0.0,0.0,Current,0,,0.0,,REVIEW,0.8
LN003069,5,0.0,0.0,0.0,0.0,Current,0,,0.0,,REVIEW,0.8
LN003069,6,0.0,0.0,0.0,0.0,Current,0,,0.0,,REVIEW,0.8
LN003069,7,0.0,0.0,0.0,0.0,Current,0,,0.0,,REVIEW,0.8
LN003069,8,0.0,0.0,0.0,0.0,Current,0,,0.0,,REVIEW,0.8
LN003069,9,0.0,0.0,0.0,0.0,Current,0,,0.0,,REVIEW,0.8
LN003069,10,0.0,0.0,0.0,0.0,Current,0,,0.0,,REVIEW,0.8
LN003070,1,0.0,0.0,0.0,0.0,Current,0,,0.0,,REVIEW,0.8
LN003070,2,0.0,0.0,0.0,0.0,Current,0,,0.0,,REVIEW,0.8
LN003070,3,0.0,0.0,0.0,0.0,Current,0,,0.0,,REVIEW,0.8
LN003070,4,0.0,0.0,0.0,0.0,Current,0,,0.0,,REVIEW,0.8
LN003070,5,0.0,0.0,0.0,0.0,Current,0,,0.0,,REVIEW,0.8
LN003070,6,0.0,0.0,0.0,0.0,Current,0,,0.0,,REVIEW,0.8
LN003070,7,0.0,0.0,0.0,0.0,Current,0,,0.0,,REVIEW,0.8
LN003070,8,0.0,0.0,0.0,0.0,Current,0,,0.0,,REVIEW,0.8
LN003070,9,0.0,0.0,0.0,0.0,Current,0,,0.0,,REVIEW,0.8
LN003070,10,0.0,0.0,0.0,0.0,Current,0,,0.0,,REVIEW,0.8
LN003070,11,0.0,0.0,0.0,0.0,Current,0,,0.0,,REVIEW,0.8
LN003070,12,0.0,0.0,0.0,0.0,Current,0,,0.0,,REVIEW,0.8
LN003070,13,0.0,0.0,0.0,0.0,Current,0,,0.0,,REVIEW,0.8
LN003070,14,0.0,0.0,0.0,0.0,Current,0,,0.0,,REVIEW,0.8
LN003070,15,0.0,0.0,0.0,0.0,Current,0,,0.0,,REVIEW,0.8
LN003070,16,0.0,0.0,0.0,0.0,Current,0,,0.0,,REVIEW,0.8
LN003070,17,0.0,0.0,0.0,0.0,Current,0,,0.0,,REVIEW,0.8
LN003070,18,0.0,0.0,0.0,0.0,Current,0,,0.0,,REVIEW,0.8
LN003070,19,0.0,0.0,0.0,0.0,Current,0,,0.0,,REVIEW,0.8
LN003070,20,0.0,0.0,0.0,0.0,Current,0,,0.0,,REVIEW,0.8
LN003070,21,0.0,0.0,0.0,0.0,Current,0,,0.0,,REVIEW,0.8
LN003070,22,0.0,0.0,0.0,0.0,Current,0,,0.0,,REVIEW,0.8
LN003070,23,0.0,0.0,0.0,0.0,Current,0,,0.0,,REVIEW,0.8
LN003070,24,0.0,0.0,0.0,0.0,Current,0,,0.0,,REVIEW,0.8
LN003071,1,0.0,0.0,0.0,0.0,Current,0,,0.0,,REVIEW,0.8
LN003071,2,0.0,0.0,0.0,0.0,Current,0,,0.0,,REVIEW,0.8
LN003071,3,0.0,0.0,0.0,0.0,Current,0,,0.0,,REVIEW,0.8
LN003071,4,0.0,0.0,0.0,0.0,Current,0,,0.0,,REVIEW,0.8
LN003071,5,0.0,0.0,0.0,0.0,Current,0,,0.0,,REVIEW,0.8
LN003071,6,0.0,0.0,0.0,0.0,Current,0,,0.0,,REVIEW,0.8
LN003071,7,0.0,0.0,0.0,0.0,Current,0,,0.0,,REVIEW,0.8
LN003071,8,0.0,0.0,0.0,0.0,Current,0,,0.0,,REVIEW,0.8
LN003071,9,0.0,0.0,0.0,0.0,Current,0,,0.0,,REVIEW,0.8
LN003071,10,0.0,0.0,0.0,0.0,Current,0,,0.0,,REVIEW,0.8
LN003071,11,0.0,0.0,0.0,0.0,Current,0,,0.0,,REVIEW,0.8
LN003071,12,0.0,0.0,0.0,0.0,Current,0,,0.0,,REVIEW,0.8
LN003071,13,0.0,0.0,0.0,0.0,Current,0,,0.0,,REVIEW,0.8
LN003072,1,0.0,0.0,0.0,0.0,Current,0,,0.0,,REVIEW,0.8
LN003072,2,0.0,0.0,0.0,0.0,Current,0,,0.0,,REVIEW,0.8
LN003072,3,0.0,0.0,0.0,0.0,Current,0,,0.0,,REVIEW,0.8
LN003072,4,0.0,0.0,0.0,0.0,Current,0,,0.0,,REVIEW,0.8
LN003072,5,0.0,0.0,0.0,0.0,Current,0,,0.0,,REVIEW,0.8
LN003072,6,0.0,0.0,0.0,0.0,Current,0,,0.0,,REVIEW,0.8
LN003072,7,0.0,0.0,0.0,0.0,Current,0,,0.0,,REVIEW,0.8
LN003072,8,0.0,0.0,0.0,0.0,Current,0,,0.0,,REVIEW,0.8
LN003073,1,0.0,0.0,0.0,0.0,Current,0,,0.0,,REVIEW,0.8
LN003073,2,0.0,0.0,0.0,0.0,Current,0,,0.0,,REVIEW,0.8
LN003073,3,0.0,0.0,0.0,0.0,Current,0,,0.0,,REVIEW,0.8
LN003073,4,0.0,0.0,0.0,0.0,Current,0,,0.0,,REVIEW,0.8
LN003073,5,0.0,0.0,0.0,0.0,Current,0,,0.0,,REVIEW,0.8
LN003073,6,0.0,0.0,0.0,0.0,Current,0,,0.0,,REVIEW,0.8
LN003073,7,0.0,0.0,0.0,0.0,Current,0,,0.0,,REVIEW,0.8
LN003073,8,0.0,0.0,0.0,0.0,Current,0,,0.0,,REVIEW,0.8
LN003073,9,0.0,0.0,0.0,0.0,Current,0,,0.0,,REVIEW,0.8
LN003073,10,0.0,0.0,0.0,0.0,Current,0,,0.0,,REVIEW,0.8
LN003073,11,0.0,0.0,0.0,0.0,Current,0,,0.0,,REVIEW,0.8
LN003073,12,0.0,0.0,0.0,0.0,Current,0,,0.0,,REVIEW,0.8
LN003073,13,0.0,0.0,0.0,0.0,Current,0,,0.0,,REVIEW,0.8
LN003073,14,0.0,0.0,0.0,0.0,Current,0,,0.0,,REVIEW,0.8
LN003073,15,0.0,0.0,0.0,0.0,Current,0,,0.0,,REVIEW,0.8
LN003073,16,0.0,0.0,0.0,0.0,Current,0,,0.0,,REVIEW,0.8
LN003073,17,0.0,0.0,0.0,0.0,Current,0,,0.0,,REVIEW,0.8
LN003073,18,0.0,0.0,0.0,0.0,Current,0,,0.0,,REVIEW,0.8
LN003073,19,0.0,0.0,0.0,0.0,Current,0,,0.0,,REVIEW,0.8
LN003073,20,0.0,0.0,0.0,0.0,Current,0,,0.0,,REVIEW,0.8
LN003073,21,0.0,0.0,0.0,0.0,Current,0,,0.0,,REVIEW,0.8
LN003073,22,0.0,0.0,0.0,0.0,Current,0,,0.0,,REVIEW,0.8
LN003073,23,0.0,0.0,0.0,0.0,Current,0,,0.0,,REVIEW,0.8
LN003073,24,0.0,0.0,0.0,0.0,Current,0,,0.0,,REVIEW,0.8
LN003074,1,0.0,0.0,0.0,0.0,Current,0,,0.0,,REVIEW,0.8
LN003074,2,0.0,0.0,0.0,0.0,Current,0,,0.0,,REVIEW,0.8
LN003074,3,0.0,0.0,0.0,0.0,Current,0,,0.0,,REVIEW,0.8
LN003074,4,0.0,0.0,0.0,0.0,Current,0,,0.0,,REVIEW,0.8
LN003074,5,0.0,0.0,0.0,0.0,Current,0,,0.0,,REVIEW,0.8
LN003074,6,0.0,0.0,0.0,0.0,Current,0,,0.0,,REVIEW,0.8
LN003074,7,0.0,0.0,0.0,0.0,Current,0,,0.0,,REVIEW,0.8
LN003074,8,0.0,0.0,0.0,0.0,Current,0,,0.0,,REVIEW,0.8
LN003074,9,0.0,0.0,0.0,0.0,Current,0,,0.0,,REVIEW,0.8
LN003074,10,0.0,0.0,0.0,0.0,Current,0,,0.0,,REVIEW,0.8
LN003074,11,0.0,0.0,0.0,0.0,Current,0,,0.0,,REVIEW,0.8
LN003074,12,0.0,0.0,0.0,0.0,Current,0,,0.0,,REVIEW,0.8
LN003074,13,0.0,0.0,0.0,0.0,Current,0,,0.0,,REVIEW,0.8
LN003074,14,0.0,0.0,0.0,0.0,Current,0,,0.0,,REVIEW,0.8
LN003074,15,0.0,0.0,0.0,0.0,Current,0,,0.0,,REVIEW,0.8
LN003074,16,0.0,0.0,0.0,0.0,Current,0,,0.0,,REVIEW,0.8
LN003074,17,0.0,0.0,0.0,0.0,Current,0,,0.0,,REVIEW,0.8
LN003074,18,0.0,0.0,0.0,0.0,Current,0,,0.0,,REVIEW,0.8
LN003074,19,0.0,0.0,0.0,0.0,Current,0,,0.0,,REVIEW,0.8
LN003074,20,0.0,0.0,0.0,0.0,Current,0,,0.0,,REVIEW,0.8
LN003074,21,0.0,0.0,0.0,0.0,Current,0,,0.0,,REVIEW,0.8
LN003074,22,0.0,0.0,0.0,0.0,Current,0,,0.0,,REVIEW,0.8
LN003074,23,0.0,0.0,0.0,0.0,Current,0,,0.0,,REVIEW,0.8
LN003074,24,0.0,0.0,0.0,0.0,Current,0,,0.0,,REVIEW,0.8
LN003075,1,0.0,0.0,0.0,0.0,Current,0,,0.0,,REVIEW,0.8
LN003075,2,0.0,0.0,0.0,0.0,Current,0,,0.0,,REVIEW,0.8
LN003075,3,0.0,0.0,0.0,0.0,Current,0,,0.0,,REVIEW,0.8
LN003075,4,0.0,0.0,0.0,0.0,Current,0,,0.0,,REVIEW,0.8
LN003075,5,0.0,0.0,0.0,0.0,Current,0,,0.0,,REVIEW,0.8
LN003075,6,0.0,0.0,0.0,0.0,Current,0,,0.0,,REVIEW,0.8
LN003075,7,0.0,0.0,0.0,0.0,Current,0,,0.0,,REVIEW,0.8
LN003075,8,0.0,0.0,0.0,0.0,Current,0,,0.0,,REVIEW,0.8
LN003075,9,0.0,0.0,0.0,0.0,Current,0,,0.0,,REVIEW,0.8
LN003075,10,0.0,0.0,0.0,0.0,Current,0,,0.0,,REVIEW,0.8
LN003075,11,0.0,0.0,0.0,0.0,Current,0,,0.0,,REVIEW,0.8
LN003075,12,0.0,0.0,0.0,0.0,Current,0,,0.0,,REVIEW,0.8
LN003075,13,0.0,0.0,0.0,0.0,Current,0,,0.0,,REVIEW,0.8
LN003075,14,0.0,0.0,0.0,0.0,Current,0,,0.0,,REVIEW,0.8
LN003075,15,0.0,0.0,0.0,0.0,Current,0,,0.0,,REVIEW,0.8
LN003075,16,0.0,0.0,0.0,0.0,Current,0,,0.0,,REVIEW,0.8
LN003075,17,0.0,0.0,0.0,0.0,Current,0,,0.0,,REVIEW,0.8
LN003075,18,0.0,0.0,0.0,0.0,Current,0,,0.0,,REVIEW,0.8
LN003075,19,0.0,0.0,0.0,0.0,Current,0,,0.0,,REVIEW,0.8
LN003075,20,0.0,0.0,0.0,0.0,Current,0,,0.0,,REVIEW,0.8
LN003075,21,0.0,0.0,0.0,0.0,Current,0,,0.0,,REVIEW,0.8
LN003075,22,0.0,0.0,0.0,0.0,Current,0,,0.0,,REVIEW,0.8
LN003075,23,0.0,0.0,0.0,0.0,Current,0,,0.0,,REVIEW,0.8
LN003075,24,0.0,0.0,0.0,0.0,Current,0,,0.0,,REVIEW,0.8
LN003076,1,0.0,0.0,0.0,0.0,Current,0,,0.0,,REVIEW,0.8
LN003076,2,0.0,0.0,0.0,0.0,Current,0,,0.0,,REVIEW,0.8
LN003076,3,0.0,0.0,0.0,0.0,Current,0,,0.0,,REVIEW,0.8
LN003076,4,0.0,0.0,0.0,0.0,Current,0,,0.0,,REVIEW,0.8
LN003076,5,0.0,0.0,0.0,0.0,Current,0,,0.0,,REVIEW,0.8
LN003076,6,0.0,0.0,0.0,0.0,Current,0,,0.0,,REVIEW,0.8
LN003076,7,0.0,0.0,0.0,0.0,Current,0,,0.0,,REVIEW,0.8
LN003076,8,0.0,0.0,0.0,0.0,Current,0,,0.0,,REVIEW,0.8
LN003076,9,0.0,0.0,0.0,0.0,Current,0,,0.0,,REVIEW,0.8
LN003076,10,0.0,0.0,0.0,0.0,Current,0,,0.0,,REVIEW,0.8
LN003076,11,0.0,0.0,0.0,0.0,Current,0,,0.0,,REVIEW,0.8
LN003076,12,0.0,0.0,0.0,0.0,Current,0,,0.0,,REVIEW,0.8
LN003076,13,0.0,0.0,0.0,0.0,Current,0,,0.0,,REVIEW,0.8
LN003076,14,0.0,0.0,0.0,0.0,Current,0,,0.0,,REVIEW,0.8
LN003076,15,0.0,0.0,0.0,0.0,Current,0,,0.0,,REVIEW,0.8
LN003076,16,0.0,0.0,0.0,0.0,Current,0,,0.0,,REVIEW,0.8
LN003076,17,0.0,0.0,0.0,0.0,Current,0,,0.0,,REVIEW,0.8
LN003076,18,0.0,0.0,0.0,0.0,Current,0,,0.0,,REVIEW,0.8
LN003076,19,0.0,0.0,0.0,0.0,Current,0,,0.0,,REVIEW,0.8
LN003076,20,0.0,0.0,0.0,0.0,Current,0,,0.0,,REVIEW,0.8
LN003076,21,0.0,0.0,0.0,0.0,Current,0,,0.0,,REVIEW,0.8
LN003076,22,0.0,0.0,0.0,0.0,Current,0,,0.0,,REVIEW,0.8
LN003076,23,0.0,0.0,0.0,0.0,Current,0,,0.0,,REVIEW,0.8
LN003076,24,0.0,0.0,0.0,0.0,Current,0,,0.0,,REVIEW,0.8
LN003077,1,0.0,0.0,0.0,0.0,Current,0,,0.0,,REVIEW,0.8
LN003077,2,0.0,0.0,0.0,0.0,Current,0,,0.0,,REVIEW,0.8
LN003077,3,0.0,0.0,0.0,0.0,Current,0,,0.0,,REVIEW,0.8
LN003077,4,0.0,0.0,0.0,0.0,Current,0,,0.0,,REVIEW,0.8
LN003077,5,0.0,0.0,0.0,0.0,Current,0,,0.0,,REVIEW,0.8
LN003077,6,0.0,0.0,0.0,0.0,Current,0,,0.0,,REVIEW,0.8
LN003077,7,0.0,0.0,0.0,0.0,Current,0,,0.0,,REVIEW,0.8
LN003077,8,0.0,0.0,0.0,0.0,Current,0,,0.0,,REVIEW,0.8
LN003077,9,0.0,0.0,0.0,0.0,Current,0,,0.0,,REVIEW,0.8
LN003077,10,0.0,0.0,0.0,0.0,Current,0,,0.0,,REVIEW,0.8
LN003078,1,0.0,0.0,0.0,0.0,Current,0,,0.0,,REVIEW,0.8
LN003078,2,0.0,0.0,0.0,0.0,Current,0,,0.0,,REVIEW,0.8
LN003078,3,0.0,0.0,0.0,0.0,Current,0,,0.0,,REVIEW,0.8
LN003078,4,0.0,0.0,0.0,0.0,Current,0,,0.0,,REVIEW,0.8
LN003078,5,0.0,0.0,0.0,0.0,Current,0,,0.0,,REVIEW,0.8
LN003078,6,0.0,0.0,0.0,0.0,Current,0,,0.0,,REVIEW,0.8
LN003078,7,0.0,0.0,0.0,0.0,Current,0,,0.0,,REVIEW,0.8
LN003078,8,0.0,0.0,0.0,0.0,Current,0,,0.0,,REVIEW,0.8
LN003078,9,0.0,0.0,0.0,0.0,Current,0,,0.0,,REVIEW,0.8
LN003078,10,0.0,0.0,0.0,0.0,Current,0,,0.0,,REVIEW,0.8
LN003078,11,0.0,0.0,0.0,0.0,Current,0,,0.0,,REVIEW,0.8
LN003078,12,0.0,0.0,0.0,0.0,Current,0,,0.0,,REVIEW,0.8
LN003078,13,0.0,0.0,0.0,0.0,Current,0,,0.0,,REVIEW,0.8
LN003078,14,0.0,0.0,0.0,0.0,Current,0,,0.0,,REVIEW,0.8
LN003078,15,0.0,0.0,0.0,0.0,Current,0,,0.0,,REVIEW,0.8
LN003078,16,0.0,0.0,0.0,0.0,Current,0,,0.0,,REVIEW,0.8
LN003078,17,0.0,0.0,0.0,0.0,Current,0,,0.0,,REVIEW,0.8
LN003078,18,0.0,0.0,0.0,0.0,Current,0,,0.0,,REVIEW,0.8
LN003078,19,0.0,0.0,0.0,0.0,Current,0,,0.0,,REVIEW,0.8
LN003079,1,0.0,0.0,0.0,0.0,Current,0,,0.0,,REVIEW,0.8
LN003079,2,0.0,0.0,0.0,0.0,Current,0,,0.0,,REVIEW,0.8
LN003079,3,0.0,0.0,0.0,0.0,Current,0,,0.0,,REVIEW,0.8
LN003079,4,0.0,0.0,0.0,0.0,Current,0,,0.0,,REVIEW,0.8
LN003079,5,0.0,0.0,0.0,0.0,Current,0,,0.0,,REVIEW,0.8
LN003079,6,0.0,0.0,0.0,0.0,Current,0,,0.0,,REVIEW,0.8
LN003079,7,0.0,0.0,0.0,0.0,Current,0,,0.0,,REVIEW,0.8
LN003079,8,0.0,0.0,0.0,0.0,Current,0,,0.0,,REVIEW,0.8
LN003079,9,0.0,0.0,0.0,0.0,Current,0,,0.0,,REVIEW,0.8
LN003079,10,0.0,0.0,0.0,0.0,Current,0,,0.0,,REVIEW,0.8
LN003079,11,0.0,0.0,0.0,0.0,Current,0,,0.0,,REVIEW,0.8
LN003079,12,0.0,0.0,0.0,0.0,Current,0,,0.0,,REVIEW,0.8
LN003079,13,0.0,0.0,0.0,0.0,Current,0,,0.0,,REVIEW,0.8
LN003079,14,0.0,0.0,0.0,0.0,Current,0,,0.0,,REVIEW,0.8
LN003079,15,0.0,0.0,0.0,0.0,Current,0,,0.0,,REVIEW,0.8
LN003079,16,0.0,0.0,0.0,0.0,Current,0,,0.0,,REVIEW,0.8
LN003079,17,0.0,0.0,0.0,0.0,Current,0,,0.0,,REVIEW,0.8
LN003079,18,0.0,0.0,0.0,0.0,Current,0,,0.0,,REVIEW,0.8
LN003079,19,0.0,0.0,0.0,0.0,Current,0,,0.0,,REVIEW,0.8
LN003079,20,0.0,0.0,0.0,0.0,Current,0,,0.0,,REVIEW,0.8
LN003079,21,0.0,0.0,0.0,0.0,Current,0,,0.0,,REVIEW,0.8
LN003079,22,0.0,0.0,0.0,0.0,Current,0,,0.0,,REVIEW,0.8
LN003079,23,0.0,0.0,0.0,0.0,Current,0,,0.0,,REVIEW,0.8
LN003079,24,0.0,0.0,0.0,0.0,Current,0,,0.0,,REVIEW,0.8
LN003080,1,0.0,0.0,0.0,0.0,Current,0,,0.0,,REVIEW,0.8
LN003080,2,0.0,0.0,0.0,0.0,Current,0,,0.0,,REVIEW,0.8
LN003080,3,0.0,0.0,0.0,0.0,Current,0,,0.0,,REVIEW,0.8
LN003080,4,0.0,0.0,0.0,0.0,Current,0,,0.0,,REVIEW,0.8
LN003080,5,0.0,0.0,0.0,0.0,Current,0,,0.0,,REVIEW,0.8
LN003080,6,0.0,0.0,0.0,0.0,Current,0,,0.0,,REVIEW,0.8
LN003080,7,0.0,0.0,0.0,0.0,Current,0,,0.0,,REVIEW,0.8
LN003080,8,0.0,0.0,0.0,0.0,Current,0,,0.0,,REVIEW,0.8
LN003080,9,0.0,0.0,0.0,0.0,Current,0,,0.0,,REVIEW,0.8
LN003080,10,0.0,0.0,0.0,0.0,Current,0,,0.0,,REVIEW,0.8
LN003080,11,0.0,0.0,0.0,0.0,Current,0,,0.0,,REVIEW,0.8
LN003080,12,0.0,0.0,0.0,0.0,Current,0,,0.0,,REVIEW,0.8
LN003080,13,0.0,0.0,0.0,0.0,Current,0,,0.0,,REVIEW,0.8
LN003080,14,0.0,0.0,0.0,0.0,Current,0,,0.0,,REVIEW,0.8
LN003080,15,0.0,0.0,0.0,0.0,Current,0,,0.0,,REVIEW,0.8
LN003080,16,0.0,0.0,0.0,0.0,Current,0,,0.0,,REVIEW,0.8
LN003080,17,0.0,0.0,0.0,0.0,Current,0,,0.0,,REVIEW,0.8
LN003080,18,0.0,0.0,0.0,0.0,Current,0,,0.0,,REVIEW,0.8
LN003080,19,0.0,0.0,0.0,0.0,Current,0,,0.0,,REVIEW,0.8
LN003080,20,0.0,0.0,0.0,0.0,Current,0,,0.0,,REVIEW,0.8
LN003080,21,0.0,0.0,0.0,0.0,Current,0,,0.0,,REVIEW,0.8
LN003080,22,0.0,0.0,0.0,0.0,Current,0,,0.0,,REVIEW,0.8
LN003080,23,0.0,0.0,0.0,0.0,Current,0,,0.0,,REVIEW,0.8
LN003080,24,0.0,0.0,0.0,0.0,Current,0,,0.0,,REVIEW,0.8
LN003081,1,0.0,0.0,0.0,0.0,Current,0,,0.0,,REVIEW,0.8
LN003081,2,0.0,0.0,0.0,0.0,Current,0,,0.0,,REVIEW,0.8
LN003081,3,0.0,0.0,0.0,0.0,Current,0,,0.0,,REVIEW,0.8
LN003081,4,0.0,0.0,0.0,0.0,Current,0,,0.0,,REVIEW,0.8
LN003081,5,0.0,0.0,0.0,0.0,Current,0,,0.0,,REVIEW,0.8
LN003081,6,0.0,0.0,0.0,0.0,Current,0,,0.0,,REVIEW,0.8
LN003081,7,0.0,0.0,0.0,0.0,Current,0,,0.0,,REVIEW,0.8
LN003081,8,0.0,0.0,0.0,0.0,Current,0,,0.0,,REVIEW,0.8
LN003081,9,0.0,0.0,0.0,0.0,Current,0,,0.0,,REVIEW,0.8
LN003081,10,0.0,0.0,0.0,0.0,Current,0,,0.0,,REVIEW,0.8
LN003081,11,0.0,0.0,0.0,0.0,Current,0,,0.0,,REVIEW,0.8
LN003081,12,0.0,0.0,0.0,0.0,Current,0,,0.0,,REVIEW,0.8
LN003081,13,0.0,0.0,0.0,0.0,Current,0,,0.0,,REVIEW,0.8
LN003081,14,0.0,0.0,0.0,0.0,Current,0,,0.0,,REVIEW,0.8
LN003081,15,0.0,0.0,0.0,0.0,Current,0,,0.0,,REVIEW,0.8
LN003081,16,0.0,0.0,0.0,0.0,Current,0,,0.0,,REVIEW,0.8
LN003081,17,0.0,0.0,0.0,0.0,Current,0,,0.0,,REVIEW,0.8
LN003081,18,0.0,0.0,0.0,0.0,Current,0,,0.0,,REVIEW,0.8
LN003081,19,0.0,0.0,0.0,0.0,Current,0,,0.0,,REVIEW,0.8
LN003081,20,0.0,0.0,0.0,0.0,Current,0,,0.0,,REVIEW,0.8
LN003081,21,0.0,0.0,0.0,0.0,Current,0,,0.0,,REVIEW,0.8
LN003081,22,0.0,0.0,0.0,0.0,Current,0,,0.0,,REVIEW,0.8
LN003081,23,0.0,0.0,0.0,0.0,Current,0,,0.0,,REVIEW,0.8
LN003081,24,0.0,0.0,0.0,0.0,Current,0,,0.0,,REVIEW,0.8
LN003082,1,0.0,0.0,0.0,0.0,Current,0,,0.0,,REVIEW,0.8
LN003082,2,0.0,0.0,0.0,0.0,Current,0,,0.0,,REVIEW,0.8
LN003082,3,0.0,0.0,0.0,0.0,Current,0,,0.0,,REVIEW,0.8
LN003082,4,0.0,0.0,0.0,0.0,Current,0,,0.0,,REVIEW,0.8
LN003082,5,0.0,0.0,0.0,0.0,Current,0,,0.0,,REVIEW,0.8
LN003082,6,0.0,0.0,0.0,0.0,Current,0,,0.0,,REVIEW,0.8
LN003082,7,0.0,0.0,0.0,0.0,Current,0,,0.0,,REVIEW,0.8
LN003082,8,0.0,0.0,0.0,0.0,Current,0,,0.0,,REVIEW,0.8
LN003082,9,0.0,0.0,0.0,0.0,Current,0,,0.0,,REVIEW,0.8
LN003082,10,0.0,0.0,0.0,0.0,Current,0,,0.0,,REVIEW,0.8
LN003082,11,0.0,0.0,0.0,0.0,Current,0,,0.0,,REVIEW,0.8
LN003082,12,0.0,0.0,0.0,0.0,Current,0,,0.0,,REVIEW,0.8
LN003082,13,0.0,0.0,0.0,0.0,Current,0,,0.0,,REVIEW,0.8
LN003082,14,0.0,0.0,0.0,0.0,Current,0,,0.0,,REVIEW,0.8
LN003083,1,0.0,0.0,0.0,0.0,Current,0,,0.0,,REVIEW,0.8
LN003083,2,0.0,0.0,0.0,0.0,Current,0,,0.0,,REVIEW,0.8
LN003083,3,0.0,0.0,0.0,0.0,Current,0,,0.0,,REVIEW,0.8
LN003083,4,0.0,0.0,0.0,0.0,Current,0,,0.0,,REVIEW,0.8
LN003083,5,0.0,0.0,0.0,0.0,Current,0,,0.0,,REVIEW,0.8
LN003083,6,0.0,0.0,0.0,0.0,Current,0,,0.0,,REVIEW,0.8
LN003083,7,0.0,0.0,0.0,0.0,Current,0,,0.0,,REVIEW,0.8
LN003083,8,0.0,0.0,0.0,0.0,Current,0,,0.0,,REVIEW,0.8
LN003083,9,0.0,0.0,0.0,0.0,Current,0,,0.0,,REVIEW,0.8
LN003083,10,0.0,0.0,0.0,0.0,Current,0,,0.0,,REVIEW,0.8
LN003083,11,0.0,0.0,0.0,0.0,Current,0,,0.0,,REVIEW,0.8
LN003083,12,0.0,0.0,0.0,0.0,Current,0,,0.0,,REVIEW,0.8
LN003083,13,0.0,0.0,0.0,0.0,Current,0,,0.0,,REVIEW,0.8
LN003083,14,0.0,0.0,0.0,0.0,Current,0,,0.0,,REVIEW,0.8
LN003083,15,0.0,0.0,0.0,0.0,Current,0,,0.0,,REVIEW,0.8
LN003083,16,0.0,0.0,0.0,0.0,Current,0,,0.0,,REVIEW,0.8
LN003083,17,0.0,0.0,0.0,0.0,Current,0,,0.0,,REVIEW,0.8
LN003083,18,0.0,0.0,0.0,0.0,Current,0,,0.0,,REVIEW,0.8
LN003083,19,0.0,0.0,0.0,0.0,Current,0,,0.0,,REVIEW,0.8
LN003083,20,0.0,0.0,0.0,0.0,Current,0,,0.0,,REVIEW,0.8
LN003083,21,0.0,0.0,0.0,0.0,Current,0,,0.0,,REVIEW,0.8
LN003083,22,0.0,0.0,0.0,0.0,Current,0,,0.0,,REVIEW,0.8
LN003083,23,0.0,0.0,0.0,0.0,Current,0,,0.0,,REVIEW,0.8
LN003083,24,0.0,0.0,0.0,0.0,Current,0,,0.0,,REVIEW,0.8
LN003084,1,0.0,0.0,0.0,0.0,Current,0,,0.0,,REVIEW,0.8
LN003084,2,0.0,0.0,0.0,0.0,Current,0,,0.0,,REVIEW,0.8
LN003084,3,0.0,0.0,0.0,0.0,Current,0,,0.0,,REVIEW,0.8
LN003084,4,0.0,0.0,0.0,0.0,Current,0,,0.0,,REVIEW,0.8
LN003084,5,0.0,0.0,0.0,0.0,Current,0,,0.0,,REVIEW,0.8
LN003084,6,0.0,0.0,0.0,0.0,Current,0,,0.0,,REVIEW,0.8
LN003084,7,0.0,0.0,0.0,0.0,Current,0,,0.0,,REVIEW,0.8
LN003084,8,0.0,0.0,0.0,0.0,Current,0,,0.0,,REVIEW,0.8
LN003084,9,0.0,0.0,0.0,0.0,Current,0,,0.0,,REVIEW,0.8
LN003084,10,0.0,0.0,0.0,0.0,Current,0,,0.0,,REVIEW,0.8
LN003084,11,0.0,0.0,0.0,0.0,Current,0,,0.0,,REVIEW,0.8
LN003084,12,0.0,0.0,0.0,0.0,Current,0,,0.0,,REVIEW,0.8
LN003084,13,0.0,0.0,0.0,0.0,Current,0,,0.0,,REVIEW,0.8
LN003084,14,0.0,0.0,0.0,0.0,Current,0,,0.0,,REVIEW,0.8
LN003084,15,0.0,0.0,0.0,0.0,Current,0,,0.0,,REVIEW,0.8
LN003084,16,0.0,0.0,0.0,0.0,Current,0,,0.0,,REVIEW,0.8
LN003084,17,0.0,0.0,0.0,0.0,Current,0,,0.0,,REVIEW,0.8
LN003084,18,0.0,0.0,0.0,0.0,Current,0,,0.0,,REVIEW,0.8
LN003084,19,0.0,0.0,0.0,0.0,Current,0,,0.0,,REVIEW,0.8
LN003084,20,0.0,0.0,0.0,0.0,Current,0,,0.0,,REVIEW,0.8
LN003084,21,0.0,0.0,0.0,0.0,Current,0,,0.0,,REVIEW,0.8
LN003085,1,0.0,0.0,0.0,0.0,Current,0,,0.0,,REVIEW,0.8
LN003085,2,0.0,0.0,0.0,0.0,Current,0,,0.0,,REVIEW,0.8
LN003085,3,0.0,0.0,0.0,0.0,Current,0,,0.0,,REVIEW,0.8
LN003085,4,0.0,0.0,0.0,0.0,Current,0,,0.0,,REVIEW,0.8
LN003085,5,0.0,0.0,0.0,0.0,Current,0,,0.0,,REVIEW,0.8
LN003085,6,0.0,0.0,0.0,0.0,Current,0,,0.0,,REVIEW,0.8
LN003085,7,0.0,0.0,0.0,0.0,Current,0,,0.0,,REVIEW,0.8
LN003085,8,0.0,0.0,0.0,0.0,Current,0,,0.0,,REVIEW,0.8
LN003085,9,0.0,0.0,0.0,0.0,Current,0,,0.0,,REVIEW,0.8
LN003085,10,0.0,0.0,0.0,0.0,Current,0,,0.0,,REVIEW,0.8
LN003085,11,0.0,0.0,0.0,0.0,Current,0,,0.0,,REVIEW,0.8
LN003085,12,0.0,0.0,0.0,0.0,Current,0,,0.0,,REVIEW,0.8
LN003085,13,0.0,0.0,0.0,0.0,Current,0,,0.0,,REVIEW,0.8
LN003085,14,0.0,0.0,0.0,0.0,Current,0,,0.0,,REVIEW,0.8
LN003085,15,0.0,0.0,0.0,0.0,Current,0,,0.0,,REVIEW,0.8
LN003085,16,0.0,0.0,0.0,0.0,Current,0,,0.0,,REVIEW,0.8
LN003085,17,0.0,0.0,0.0,0.0,Current,0,,0.0,,REVIEW,0.8
LN003085,18,0.0,0.0,0.0,0.0,Current,0,,0.0,,REVIEW,0.8
LN003085,19,0.0,0.0,0.0,0.0,Current,0,,0.0,,REVIEW,0.8
LN003085,20,0.0,0.0,0.0,0.0,Current,0,,0.0,,REVIEW,0.8
LN003085,21,0.0,0.0,0.0,0.0,Current,0,,0.0,,REVIEW,0.8
LN003085,22,0.0,0.0,0.0,0.0,Current,0,,0.0,,REVIEW,0.8
LN003085,23,0.0,0.0,0.0,0.0,Current,0,,0.0,,REVIEW,0.8
LN003085,24,0.0,0.0,0.0,0.0,Current,0,,0.0,,REVIEW,0.8
LN003086,1,0.0,0.0,0.0,0.0,Current,0,,0.0,,REVIEW,0.8
LN003086,2,0.0,0.0,0.0,0.0,Current,0,,0.0,,REVIEW,0.8
LN003086,3,0.0,0.0,0.0,0.0,Current,0,,0.0,,REVIEW,0.8
LN003086,4,0.0,0.0,0.0,0.0,Current,0,,0.0,,REVIEW,0.8
LN003086,5,0.0,0.0,0.0,0.0,Current,0,,0.0,,REVIEW,0.8
LN003086,6,0.0,0.0,0.0,0.0,Current,0,,0.0,,REVIEW,0.8
LN003086,7,0.0,0.0,0.0,0.0,Current,0,,0.0,,REVIEW,0.8
LN003086,8,0.0,0.0,0.0,0.0,Current,0,,0.0,,REVIEW,0.8
LN003086,9,0.0,0.0,0.0,0.0,Current,0,,0.0,,REVIEW,0.8
LN003086,10,0.0,0.0,0.0,0.0,Current,0,,0.0,,REVIEW,0.8
LN003087,1,0.0,0.0,0.0,0.0,Current,0,,0.0,,REVIEW,0.8
LN003087,2,0.0,0.0,0.0,0.0,Current,0,,0.0,,REVIEW,0.8
LN003088,1,0.0,0.0,0.0,0.0,Current,0,,0.0,,REVIEW,0.8
LN003088,2,0.0,0.0,0.0,0.0,Current,0,,0.0,,REVIEW,0.8
LN003088,3,0.0,0.0,0.0,0.0,Current,0,,0.0,,REVIEW,0.8
LN003088,4,0.0,0.0,0.0,0.0,Current,0,,0.0,,REVIEW,0.8
LN003088,5,0.0,0.0,0.0,0.0,Current,0,,0.0,,REVIEW,0.8
LN003088,6,0.0,0.0,0.0,0.0,Current,0,,0.0,,REVIEW,0.8
LN003088,7,0.0,0.0,0.0,0.0,Current,0,,0.0,,REVIEW,0.8
LN003088,8,0.0,0.0,0.0,0.0,Current,0,,0.0,,REVIEW,0.8
LN003088,9,0.0,0.0,0.0,0.0,Current,0,,0.0,,REVIEW,0.8
LN003088,10,0.0,0.0,0.0,0.0,Current,0,,0.0,,REVIEW,0.8
LN003089,1,0.0,0.0,0.0,0.0,Current,0,,0.0,,REVIEW,0.8
LN003089,2,0.0,0.0,0.0,0.0,Current,0,,0.0,,REVIEW,0.8
LN003089,3,0.0,0.0,0.0,0.0,Current,0,,0.0,,REVIEW,0.8
LN003089,4,0.0,0.0,0.0,0.0,Current,0,,0.0,,REVIEW,0.8
LN003089,5,0.0,0.0,0.0,0.0,Current,0,,0.0,,REVIEW,0.8
LN003089,6,0.0,0.0,0.0,0.0,Current,0,,0.0,,REVIEW,0.8
LN003089,7,0.0,0.0,0.0,0.0,Current,0,,0.0,,REVIEW,0.8
LN003089,8,0.0,0.0,0.0,0.0,Current,0,,0.0,,REVIEW,0.8
LN003089,9,0.0,0.0,0.0,0.0,Current,0,,0.0,,REVIEW,0.8
LN003089,10,0.0,0.0,0.0,0.0,Current,0,,0.0,,REVIEW,0.8
LN003089,11,0.0,0.0,0.0,0.0,Current,0,,0.0,,REVIEW,0.8
LN003089,12,0.0,0.0,0.0,0.0,Current,0,,0.0,,REVIEW,0.8
LN003089,13,0.0,0.0,0.0,0.0,Current,0,,0.0,,REVIEW,0.8
LN003089,14,0.0,0.0,0.0,0.0,Current,0,,0.0,,REVIEW,0.8
LN003089,15,0.0,0.0,0.0,0.0,Current,0,,0.0,,REVIEW,0.8
LN003089,16,0.0,0.0,0.0,0.0,Current,0,,0.0,,REVIEW,0.8
LN003089,17,0.0,0.0,0.0,0.0,Current,0,,0.0,,REVIEW,0.8
LN003089,18,0.0,0.0,0.0,0.0,Current,0,,0.0,,REVIEW,0.8
LN003089,19,0.0,0.0,0.0,0.0,Current,0,,0.0,,REVIEW,0.8
LN003089,20,0.0,0.0,0.0,0.0,Current,0,,0.0,,REVIEW,0.8
LN003089,21,0.0,0.0,0.0,0.0,Current,0,,0.0,,REVIEW,0.8
LN003089,22,0.0,0.0,0.0,0.0,Current,0,,0.0,,REVIEW,0.8
LN003089,23,0.0,0.0,0.0,0.0,Current,0,,0.0,,REVIEW,0.8
LN003089,24,0.0,0.0,0.0,0.0,Current,0,,0.0,,REVIEW,0.8
LN003090,1,0.0,0.0,0.0,0.0,Current,0,,0.0,,REVIEW,0.8
LN003090,2,0.0,0.0,0.0,0.0,Current,0,,0.0,,REVIEW,0.8
LN003090,3,0.0,0.0,0.0,0.0,Current,0,,0.0,,REVIEW,0.8
LN003090,4,0.0,0.0,0.0,0.0,Current,0,,0.0,,REVIEW,0.8
LN003090,5,0.0,0.0,0.0,0.0,Current,0,,0.0,,REVIEW,0.8
LN003090,6,0.0,0.0,0.0,0.0,Current,0,,0.0,,REVIEW,0.8
LN003090,7,0.0,0.0,0.0,0.0,Current,0,,0.0,,REVIEW,0.8
LN003090,8,0.0,0.0,0.0,0.0,Current,0,,0.0,,REVIEW,0.8
LN003090,9,0.0,0.0,0.0,0.0,Current,0,,0.0,,REVIEW,0.8
LN003090,10,0.0,0.0,0.0,0.0,Current,0,,0.0,,REVIEW,0.8
LN003090,11,0.0,0.0,0.0,0.0,Current,0,,0.0,,REVIEW,0.8
LN003090,12,0.0,0.0,0.0,0.0,Current,0,,0.0,,REVIEW,0.8
LN003090,13,0.0,0.0,0.0,0.0,Current,0,,0.0,,REVIEW,0.8
LN003090,14,0.0,0.0,0.0,0.0,Current,0,,0.0,,REVIEW,0.8
LN003090,15,0.0,0.0,0.0,0.0,Current,0,,0.0,,REVIEW,0.8
LN003090,16,0.0,0.0,0.0,0.0,Current,0,,0.0,,REVIEW,0.8
LN003090,17,0.0,0.0,0.0,0.0,Current,0,,0.0,,REVIEW,0.8
LN003090,18,0.0,0.0,0.0,0.0,Current,0,,0.0,,REVIEW,0.8
LN003090,19,0.0,0.0,0.0,0.0,Current,0,,0.0,,REVIEW,0.8
LN003090,20,0.0,0.0,0.0,0.0,Current,0,,0.0,,REVIEW,0.8
LN003090,21,0.0,0.0,0.0,0.0,Current,0,,0.0,,REVIEW,0.8
LN003090,22,0.0,0.0,0.0,0.0,Current,0,,0.0,,REVIEW,0.8
LN003090,23,0.0,0.0,0.0,0.0,Current,0,,0.0,,REVIEW,0.8
LN003090,24,0.0,0.0,0.0,0.0,Current,0,,0.0,,REVIEW,0.8
LN003091,1,0.0,0.0,0.0,0.0,Current,0,,0.0,,REVIEW,0.8
LN003091,2,0.0,0.0,0.0,0.0,Current,0,,0.0,,REVIEW,0.8
LN003091,3,0.0,0.0,0.0,0.0,Current,0,,0.0,,REVIEW,0.8
LN003091,4,0.0,0.0,0.0,0.0,Current,0,,0.0,,REVIEW,0.8
LN003091,5,0.0,0.0,0.0,0.0,Current,0,,0.0,,REVIEW,0.8
LN003091,6,0.0,0.0,0.0,0.0,Current,0,,0.0,,REVIEW,0.8
LN003091,7,0.0,0.0,0.0,0.0,Current,0,,0.0,,REVIEW,0.8
LN003091,8,0.0,0.0,0.0,0.0,Current,0,,0.0,,REVIEW,0.8
LN003091,9,0.0,0.0,0.0,0.0,Current,0,,0.0,,REVIEW,0.8
LN003091,10,0.0,0.0,0.0,0.0,Current,0,,0.0,,REVIEW,0.8
LN003091,11,0.0,0.0,0.0,0.0,Current,0,,0.0,,REVIEW,0.8
LN003091,12,0.0,0.0,0.0,0.0,Current,0,,0.0,,REVIEW,0.8
LN003091,13,0.0,0.0,0.0,0.0,Current,0,,0.0,,REVIEW,0.8
LN003091,14,0.0,0.0,0.0,0.0,Current,0,,0.0,,REVIEW,0.8
LN003091,15,0.0,0.0,0.0,0.0,Current,0,,0.0,,REVIEW,0.8
LN003091,16,0.0,0.0,0.0,0.0,Current,0,,0.0,,REVIEW,0.8
LN003091,17,0.0,0.0,0.0,0.0,Current,0,,0.0,,REVIEW,0.8
LN003091,18,0.0,0.0,0.0,0.0,Current,0,,0.0,,REVIEW,0.8
LN003091,19,0.0,0.0,0.0,0.0,Current,0,,0.0,,REVIEW,0.8
LN003091,20,0.0,0.0,0.0,0.0,Current,0,,0.0,,REVIEW,0.8
LN003091,21,0.0,0.0,0.0,0.0,Current,0,,0.0,,REVIEW,0.8
LN003091,22,0.0,0.0,0.0,0.0,Current,0,,0.0,,REVIEW,0.8
LN003091,23,0.0,0.0,0.0,0.0,Current,0,,0.0,,REVIEW,0.8
LN003091,24,0.0,0.0,0.0,0.0,Current,0,,0.0,,REVIEW,0.8
LN003092,1,0.0,0.0,0.0,0.0,Current,0,,0.0,,REVIEW,0.8
LN003092,2,0.0,0.0,0.0,0.0,Current,0,,0.0,,REVIEW,0.8
LN003092,3,0.0,0.0,0.0,0.0,Current,0,,0.0,,REVIEW,0.8
LN003092,4,0.0,0.0,0.0,0.0,Current,0,,0.0,,REVIEW,0.8
LN003092,5,0.0,0.0,0.0,0.0,Current,0,,0.0,,REVIEW,0.8
LN003092,6,0.0,0.0,0.0,0.0,Current,0,,0.0,,REVIEW,0.8
LN003092,7,0.0,0.0,0.0,0.0,Current,0,,0.0,,REVIEW,0.8
LN003093,1,0.0,0.0,0.0,0.0,Current,0,,0.0,,REVIEW,0.8
LN003093,2,0.0,0.0,0.0,0.0,Current,0,,0.0,,REVIEW,0.8
LN003093,3,0.0,0.0,0.0,0.0,Current,0,,0.0,,REVIEW,0.8
LN003093,4,0.0,0.0,0.0,0.0,Current,0,,0.0,,REVIEW,0.8
LN003093,5,0.0,0.0,0.0,0.0,Current,0,,0.0,,REVIEW,0.8
LN003093,6,0.0,0.0,0.0,0.0,Current,0,,0.0,,REVIEW,0.8
LN003093,7,0.0,0.0,0.0,0.0,Current,0,,0.0,,REVIEW,0.8
LN003093,8,0.0,0.0,0.0,0.0,Current,0,,0.0,,REVIEW,0.8
LN003093,9,0.0,0.0,0.0,0.0,Current,0,,0.0,,REVIEW,0.8
LN003093,10,0.0,0.0,0.0,0.0,Current,0,,0.0,,REVIEW,0.8
LN003093,11,0.0,0.0,0.0,0.0,Current,0,,0.0,,REVIEW,0.8
LN003093,12,0.0,0.0,0.0,0.0,Current,0,,0.0,,REVIEW,0.8
LN003093,13,0.0,0.0,0.0,0.0,Current,0,,0.0,,REVIEW,0.8
LN003093,14,0.0,0.0,0.0,0.0,Current,0,,0.0,,REVIEW,0.8
LN003093,15,0.0,0.0,0.0,0.0,Current,0,,0.0,,REVIEW,0.8
LN003093,16,0.0,0.0,0.0,0.0,Current,0,,0.0,,REVIEW,0.8
LN003093,17,0.0,0.0,0.0,0.0,Current,0,,0.0,,REVIEW,0.8
LN003093,18,0.0,0.0,0.0,0.0,Current,0,,0.0,,REVIEW,0.8
LN003093,19,0.0,0.0,0.0,0.0,Current,0,,0.0,,REVIEW,0.8
LN003093,20,0.0,0.0,0.0,0.0,Current,0,,0.0,,REVIEW,0.8
LN003093,21,0.0,0.0,0.0,0.0,Current,0,,0.0,,REVIEW,0.8
LN003093,22,0.0,0.0,0.0,0.0,Current,0,,0.0,,REVIEW,0.8
LN003093,23,0.0,0.0,0.0,0.0,Current,0,,0.0,,REVIEW,0.8
LN003093,24,0.0,0.0,0.0,0.0,Current,0,,0.0,,REVIEW,0.8
LN003094,1,0.0,0.0,0.0,0.0,Current,0,,0.0,,REVIEW,0.8
LN003094,2,0.0,0.0,0.0,0.0,Current,0,,0.0,,REVIEW,0.8
LN003094,3,0.0,0.0,0.0,0.0,Current,0,,0.0,,REVIEW,0.8
LN003094,4,0.0,0.0,0.0,0.0,Current,0,,0.0,,REVIEW,0.8
LN003094,5,0.0,0.0,0.0,0.0,Current,0,,0.0,,REVIEW,0.8
LN003094,6,0.0,0.0,0.0,0.0,Current,0,,0.0,,REVIEW,0.8
LN003094,7,0.0,0.0,0.0,0.0,Current,0,,0.0,,REVIEW,0.8
LN003094,8,0.0,0.0,0.0,0.0,Current,0,,0.0,,REVIEW,0.8
LN003095,1,0.0,0.0,0.0,0.0,Current,0,,0.0,,REVIEW,0.8
LN003095,2,0.0,0.0,0.0,0.0,Current,0,,0.0,,REVIEW,0.8
LN003095,3,0.0,0.0,0.0,0.0,Current,0,,0.0,,REVIEW,0.8
LN003095,4,0.0,0.0,0.0,0.0,Current,0,,0.0,,REVIEW,0.8
LN003095,5,0.0,0.0,0.0,0.0,Current,0,,0.0,,REVIEW,0.8
LN003095,6,0.0,0.0,0.0,0.0,Current,0,,0.0,,REVIEW,0.8
LN003095,7,0.0,0.0,0.0,0.0,Current,0,,0.0,,REVIEW,0.8
LN003095,8,0.0,0.0,0.0,0.0,Current,0,,0.0,,REVIEW,0.8
LN003095,9,0.0,0.0,0.0,0.0,Current,0,,0.0,,REVIEW,0.8
LN003095,10,0.0,0.0,0.0,0.0,Current,0,,0.0,,REVIEW,0.8
LN003095,11,0.0,0.0,0.0,0.0,Current,0,,0.0,,REVIEW,0.8
LN003095,12,0.0,0.0,0.0,0.0,Current,0,,0.0,,REVIEW,0.8
LN003095,13,0.0,0.0,0.0,0.0,Current,0,,0.0,,REVIEW,0.8
LN003095,14,0.0,0.0,0.0,0.0,Current,0,,0.0,,REVIEW,0.8
LN003095,15,0.0,0.0,0.0,0.0,Current,0,,0.0,,REVIEW,0.8
LN003095,16,0.0,0.0,0.0,0.0,Current,0,,0.0,,REVIEW,0.8
LN003095,17,0.0,0.0,0.0,0.0,Current,0,,0.0,,REVIEW,0.8
LN003095,18,0.0,0.0,0.0,0.0,Current,0,,0.0,,REVIEW,0.8
LN003095,19,0.0,0.0,0.0,0.0,Current,0,,0.0,,REVIEW,0.8
LN003095,20,0.0,0.0,0.0,0.0,Current,0,,0.0,,REVIEW,0.8
LN003095,21,0.0,0.0,0.0,0.0,Current,0,,0.0,,REVIEW,0.8
LN003095,22,0.0,0.0,0.0,0.0,Current,0,,0.0,,REVIEW,0.8
LN003095,23,0.0,0.0,0.0,0.0,Current,0,,0.0,,REVIEW,0.8
LN003095,24,0.0,0.0,0.0,0.0,Current,0,,0.0,,REVIEW,0.8
LN003096,1,0.0,0.0,0.0,0.0,Current,0,,0.0,,REVIEW,0.8
LN003096,2,0.0,0.0,0.0,0.0,Current,0,,0.0,,REVIEW,0.8
LN003096,3,0.0,0.0,0.0,0.0,Current,0,,0.0,,REVIEW,0.8
LN003096,4,0.0,0.0,0.0,0.0,Current,0,,0.0,,REVIEW,0.8
LN003097,1,0.0,0.0,0.0,0.0,Current,0,,0.0,,REVIEW,0.8
LN003097,2,0.0,0.0,0.0,0.0,Current,0,,0.0,,REVIEW,0.8
LN003097,3,0.0,0.0,0.0,0.0,Current,0,,0.0,,REVIEW,0.8
LN003097,4,0.0,0.0,0.0,0.0,Current,0,,0.0,,REVIEW,0.8
LN003097,5,0.0,0.0,0.0,0.0,Current,0,,0.0,,REVIEW,0.8
LN003097,6,0.0,0.0,0.0,0.0,Current,0,,0.0,,REVIEW,0.8
LN003097,7,0.0,0.0,0.0,0.0,Current,0,,0.0,,REVIEW,0.8
LN003097,8,0.0,0.0,0.0,0.0,Current,0,,0.0,,REVIEW,0.8
LN003097,9,0.0,0.0,0.0,0.0,Current,0,,0.0,,REVIEW,0.8
LN003097,10,0.0,0.0,0.0,0.0,Current,0,,0.0,,REVIEW,0.8
LN003097,11,0.0,0.0,0.0,0.0,Current,0,,0.0,,REVIEW,0.8
LN003097,12,0.0,0.0,0.0,0.0,Current,0,,0.0,,REVIEW,0.8
LN003097,13,0.0,0.0,0.0,0.0,Current,0,,0.0,,REVIEW,0.8
LN003097,14,0.0,0.0,0.0,0.0,Current,0,,0.0,,REVIEW,0.8
LN003097,15,0.0,0.0,0.0,0.0,Current,0,,0.0,,REVIEW,0.8
LN003097,16,0.0,0.0,0.0,0.0,Current,0,,0.0,,REVIEW,0.8
LN003097,17,0.0,0.0,0.0,0.0,Current,0,,0.0,,REVIEW,0.8
LN003097,18,0.0,0.0,0.0,0.0,Current,0,,0.0,,REVIEW,0.8
LN003097,19,0.0,0.0,0.0,0.0,Current,0,,0.0,,REVIEW,0.8
LN003097,20,0.0,0.0,0.0,0.0,Current,0,,0.0,,REVIEW,0.8
LN003097,21,0.0,0.0,0.0,0.0,Current,0,,0.0,,REVIEW,0.8
LN003097,22,0.0,0.0,0.0,0.0,Current,0,,0.0,,REVIEW,0.8
LN003097,23,0.0,0.0,0.0,0.0,Current,0,,0.0,,REVIEW,0.8
LN003097,24,0.0,0.0,0.0,0.0,Current,0,,0.0,,REVIEW,0.8
LN003098,1,0.0,0.0,0.0,0.0,Current,0,,0.0,,REVIEW,0.8
LN003099,1,0.0,0.0,0.0,0.0,Current,0,,0.0,,REVIEW,0.8
LN003099,2,0.0,0.0,0.0,0.0,Current,0,,0.0,,REVIEW,0.8
LN003099,3,0.0,0.0,0.0,0.0,Current,0,,0.0,,REVIEW,0.8
LN003099,4,0.0,0.0,0.0,0.0,Current,0,,0.0,,REVIEW,0.8
LN003099,5,0.0,0.0,0.0,0.0,Current,0,,0.0,,REVIEW,0.8
LN003099,6,0.0,0.0,0.0,0.0,Current,0,,0.0,,REVIEW,0.8
LN003099,7,0.0,0.0,0.0,0.0,Current,0,,0.0,,REVIEW,0.8
LN003099,8,0.0,0.0,0.0,0.0,Current,0,,0.0,,REVIEW,0.8
LN003099,9,0.0,0.0,0.0,0.0,Current,0,,0.0,,REVIEW,0.8
LN003099,10,0.0,0.0,0.0,0.0,Current,0,,0.0,,REVIEW,0.8
LN003099,11,0.0,0.0,0.0,0.0,Current,0,,0.0,,REVIEW,0.8
LN003099,12,0.0,0.0,0.0,0.0,Current,0,,0.0,,REVIEW,0.8
LN003099,13,0.0,0.0,0.0,0.0,Current,0,,0.0,,REVIEW,0.8
LN003099,14,0.0,0.0,0.0,0.0,Current,0,,0.0,,REVIEW,0.8
LN003099,15,0.0,0.0,0.0,0.0,Current,0,,0.0,,REVIEW,0.8
LN003099,16,0.0,0.0,0.0,0.0,Current,0,,0.0,,REVIEW,0.8
LN003099,17,0.0,0.0,0.0,0.0,Current,0,,0.0,,REVIEW,0.8
LN003099,18,0.0,0.0,0.0,0.0,Current,0,,0.0,,REVIEW,0.8
LN003099,19,0.0,0.0,0.0,0.0,Current,0,,0.0,,REVIEW,0.8
LN003099,20,0.0,0.0,0.0,0.0,Current,0,,0.0,,REVIEW,0.8
LN003099,21,0.0,0.0,0.0,0.0,Current,0,,0.0,,REVIEW,0.8
LN003099,22,0.0,0.0,0.0,0.0,Current,0,,0.0,,REVIEW,0.8
LN003099,23,0.0,0.0,0.0,0.0,Current,0,,0.0,,REVIEW,0.8
LN003099,24,0.0,0.0,0.0,0.0,Current,0,,0.0,,REVIEW,0.8
LN003100,1,0.0,0.0,0.0,0.0,Current,0,,0.0,,REVIEW,0.8
LN003100,2,0.0,0.0,0.0,0.0,Current,0,,0.0,,REVIEW,0.8
LN003100,3,0.0,0.0,0.0,0.0,Current,0,,0.0,,REVIEW,0.8
LN003100,4,0.0,0.0,0.0,0.0,Current,0,,0.0,,REVIEW,0.8
LN003100,5,0.0,0.0,0.0,0.0,Current,0,,0.0,,REVIEW,0.8
LN003100,6,0.0,0.0,0.0,0.0,Current,0,,0.0,,REVIEW,0.8
LN003100,7,0.0,0.0,0.0,0.0,Current,0,,0.0,,REVIEW,0.8
LN003100,8,0.0,0.0,0.0,0.0,Current,0,,0.0,,REVIEW,0.8
LN003100,9,0.0,0.0,0.0,0.0,Current,0,,0.0,,REVIEW,0.8
LN003100,10,0.0,0.0,0.0,0.0,Current,0,,0.0,,REVIEW,0.8
LN003100,11,0.0,0.0,0.0,0.0,Current,0,,0.0,,REVIEW,0.8
LN003100,12,0.0,0.0,0.0,0.0,Current,0,,0.0,,REVIEW,0.8
LN003100,13,0.0,0.0,0.0,0.0,Current,0,,0.0,,REVIEW,0.8
LN003100,14,0.0,0.0,0.0,0.0,Current,0,,0.0,,REVIEW,0.8
LN003100,15,0.0,0.0,0.0,0.0,Current,0,,0.0,,REVIEW,0.8
LN003100,16,0.0,0.0,0.0,0.0,Current,0,,0.0,,REVIEW,0.8
LN003100,17,0.0,0.0,0.0,0.0,Current,0,,0.0,,REVIEW,0.8
LN003100,18,0.0,0.0,0.0,0.0,Current,0,,0.0,,REVIEW,0.8
LN003100,19,0.0,0.0,0.0,0.0,Current,0,,0.0,,REVIEW,0.8
LN003100,20,0.0,0.0,0.0,0.0,Current,0,,0.0,,REVIEW,0.8
LN003100,21,0.0,0.0,0.0,0.0,Current,0,,0.0,,REVIEW,0.8
LN003100,22,0.0,0.0,0.0,0.0,Current,0,,0.0,,REVIEW,0.8
LN003100,23,0.0,0.0,0.0,0.0,Current,0,,0.0,,REVIEW,0.8
LN003100,24,0.0,0.0,0.0,0.0,Current,0,,0.0,,REVIEW,0.8
LN003101,1,0.0,0.0,0.0,0.0,Current,0,,0.0,,REVIEW,0.8
LN003101,2,0.0,0.0,0.0,0.0,Current,0,,0.0,,REVIEW,0.8
LN003101,3,0.0,0.0,0.0,0.0,Current,0,,0.0,,REVIEW,0.8
LN003101,4,0.0,0.0,0.0,0.0,Current,0,,0.0,,REVIEW,0.8
LN003101,5,0.0,0.0,0.0,0.0,Current,0,,0.0,,REVIEW,0.8
LN003101,6,0.0,0.0,0.0,0.0,Current,0,,0.0,,REVIEW,0.8
LN003101,7,0.0,0.0,0.0,0.0,Current,0,,0.0,,REVIEW,0.8
LN003101,8,0.0,0.0,0.0,0.0,Current,0,,0.0,,REVIEW,0.8
LN003101,9,0.0,0.0,0.0,0.0,Current,0,,0.0,,REVIEW,0.8
LN003101,10,0.0,0.0,0.0,0.0,Current,0,,0.0,,REVIEW,0.8
LN003101,11,0.0,0.0,0.0,0.0,Current,0,,0.0,,REVIEW,0.8
LN003101,12,0.0,0.0,0.0,0.0,Current,0,,0.0,,REVIEW,0.8
LN003101,13,0.0,0.0,0.0,0.0,Current,0,,0.0,,REVIEW,0.8
LN003101,14,0.0,0.0,0.0,0.0,Current,0,,0.0,,REVIEW,0.8
LN003101,15,0.0,0.0,0.0,0.0,Current,0,,0.0,,REVIEW,0.8
LN003101,16,0.0,0.0,0.0,0.0,Current,0,,0.0,,REVIEW,0.8
LN003101,17,0.0,0.0,0.0,0.0,Current,0,,0.0,,REVIEW,0.8
LN003101,18,0.0,0.0,0.0,0.0,Current,0,,0.0,,REVIEW,0.8
LN003101,19,0.0,0.0,0.0,0.0,Current,0,,0.0,,REVIEW,0.8
LN003101,20,0.0,0.0,0.0,0.0,Current,0,,0.0,,REVIEW,0.8
LN003101,21,0.0,0.0,0.0,0.0,Current,0,,0.0,,REVIEW,0.8
LN003101,22,0.0,0.0,0.0,0.0,Current,0,,0.0,,REVIEW,0.8
LN003101,23,0.0,0.0,0.0,0.0,Current,0,,0.0,,REVIEW,0.8
LN003101,24,0.0,0.0,0.0,0.0,Current,0,,0.0,,REVIEW,0.8
LN003102,1,0.0,0.0,0.0,0.0,Current,0,,0.0,,REVIEW,0.8
LN003102,2,0.0,0.0,0.0,0.0,Current,0,,0.0,,REVIEW,0.8
LN003102,3,0.0,0.0,0.0,0.0,Current,0,,0.0,,REVIEW,0.8
LN003102,4,0.0,0.0,0.0,0.0,Current,0,,0.0,,REVIEW,0.8
LN003102,5,0.0,0.0,0.0,0.0,Current,0,,0.0,,REVIEW,0.8
LN003102,6,0.0,0.0,0.0,0.0,Current,0,,0.0,,REVIEW,0.8
LN003102,7,0.0,0.0,0.0,0.0,Current,0,,0.0,,REVIEW,0.8
LN003102,8,0.0,0.0,0.0,0.0,Current,0,,0.0,,REVIEW,0.8
LN003102,9,0.0,0.0,0.0,0.0,Current,0,,0.0,,REVIEW,0.8
LN003102,10,0.0,0.0,0.0,0.0,Current,0,,0.0,,REVIEW,0.8
LN003102,11,0.0,0.0,0.0,0.0,Current,0,,0.0,,REVIEW,0.8
LN003102,12,0.0,0.0,0.0,0.0,Current,0,,0.0,,REVIEW,0.8
LN003102,13,0.0,0.0,0.0,0.0,Current,0,,0.0,,REVIEW,0.8
LN003102,14,0.0,0.0,0.0,0.0,Current,0,,0.0,,REVIEW,0.8
LN003102,15,0.0,0.0,0.0,0.0,Current,0,,0.0,,REVIEW,0.8
LN003102,16,0.0,0.0,0.0,0.0,Current,0,,0.0,,REVIEW,0.8
LN003102,17,0.0,0.0,0.0,0.0,Current,0,,0.0,,REVIEW,0.8
LN003102,18,0.0,0.0,0.0,0.0,Current,0,,0.0,,REVIEW,0.8
LN003102,19,0.0,0.0,0.0,0.0,Current,0,,0.0,,REVIEW,0.8
LN003102,20,0.0,0.0,0.0,0.0,Current,0,,0.0,,REVIEW,0.8
LN003102,21,0.0,0.0,0.0,0.0,Current,0,,0.0,,REVIEW,0.8
LN003102,22,0.0,0.0,0.0,0.0,Current,0,,0.0,,REVIEW,0.8
LN003102,23,0.0,0.0,0.0,0.0,Current,0,,0.0,,REVIEW,0.8
LN003102,24,0.0,0.0,0.0,0.0,Current,0,,0.0,,REVIEW,0.8
LN003103,1,0.0,0.0,0.0,0.0,Current,0,,0.0,,REVIEW,0.8
LN003103,2,0.0,0.0,0.0,0.0,Current,0,,0.0,,REVIEW,0.8
LN003103,3,0.0,0.0,0.0,0.0,Current,0,,0.0,,REVIEW,0.8
LN003103,4,0.0,0.0,0.0,0.0,Current,0,,0.0,,REVIEW,0.8
LN003103,5,0.0,0.0,0.0,0.0,Current,0,,0.0,,REVIEW,0.8
LN003103,6,0.0,0.0,0.0,0.0,Current,0,,0.0,,REVIEW,0.8
LN003103,7,0.0,0.0,0.0,0.0,Current,0,,0.0,,REVIEW,0.8
LN003103,8,0.0,0.0,0.0,0.0,Current,0,,0.0,,REVIEW,0.8
LN003103,9,0.0,0.0,0.0,0.0,Current,0,,0.0,,REVIEW,0.8
LN003103,10,0.0,0.0,0.0,0.0,Current,0,,0.0,,REVIEW,0.8
LN003103,11,0.0,0.0,0.0,0.0,Current,0,,0.0,,REVIEW,0.8
LN003103,12,0.0,0.0,0.0,0.0,Current,0,,0.0,,REVIEW,0.8
LN003103,13,0.0,0.0,0.0,0.0,Current,0,,0.0,,REVIEW,0.8
LN003103,14,0.0,0.0,0.0,0.0,Current,0,,0.0,,REVIEW,0.8
LN003103,15,0.0,0.0,0.0,0.0,Current,0,,0.0,,REVIEW,0.8
LN003103,16,0.0,0.0,0.0,0.0,Current,0,,0.0,,REVIEW,0.8
LN003103,17,0.0,0.0,0.0,0.0,Current,0,,0.0,,REVIEW,0.8
LN003103,18,0.0,0.0,0.0,0.0,Current,0,,0.0,,REVIEW,0.8
LN003103,19,0.0,0.0,0.0,0.0,Current,0,,0.0,,REVIEW,0.8
LN003103,20,0.0,0.0,0.0,0.0,Current,0,,0.0,,REVIEW,0.8
LN003103,21,0.0,0.0,0.0,0.0,Current,0,,0.0,,REVIEW,0.8
LN003103,22,0.0,0.0,0.0,0.0,Current,0,,0.0,,REVIEW,0.8
LN003103,23,0.0,0.0,0.0,0.0,Current,0,,0.0,,REVIEW,0.8
LN003103,24,0.0,0.0,0.0,0.0,Current,0,,0.0,,REVIEW,0.8
LN003104,1,0.0,0.0,0.0,0.0,Current,0,,0.0,,REVIEW,0.8
LN003104,2,0.0,0.0,0.0,0.0,Current,0,,0.0,,REVIEW,0.8
LN003104,3,0.0,0.0,0.0,0.0,Current,0,,0.0,,REVIEW,0.8
LN003104,4,0.0,0.0,0.0,0.0,Current,0,,0.0,,REVIEW,0.8
LN003104,5,0.0,0.0,0.0,0.0,Current,0,,0.0,,REVIEW,0.8
LN003104,6,0.0,0.0,0.0,0.0,Current,0,,0.0,,REVIEW,0.8
LN003104,7,0.0,0.0,0.0,0.0,Current,0,,0.0,,REVIEW,0.8
LN003104,8,0.0,0.0,0.0,0.0,Current,0,,0.0,,REVIEW,0.8
LN003104,9,0.0,0.0,0.0,0.0,Current,0,,0.0,,REVIEW,0.8
LN003104,10,0.0,0.0,0.0,0.0,Current,0,,0.0,,REVIEW,0.8
LN003104,11,0.0,0.0,0.0,0.0,Current,0,,0.0,,REVIEW,0.8
LN003104,12,0.0,0.0,0.0,0.0,Current,0,,0.0,,REVIEW,0.8
LN003104,13,0.0,0.0,0.0,0.0,Current,0,,0.0,,REVIEW,0.8
LN003104,14,0.0,0.0,0.0,0.0,Current,0,,0.0,,REVIEW,0.8
LN003104,15,0.0,0.0,0.0,0.0,Current,0,,0.0,,REVIEW,0.8
LN003104,16,0.0,0.0,0.0,0.0,Current,0,,0.0,,REVIEW,0.8
LN003104,17,0.0,0.0,0.0,0.0,Current,0,,0.0,,REVIEW,0.8
LN003104,18,0.0,0.0,0.0,0.0,Current,0,,0.0,,REVIEW,0.8
LN003104,19,0.0,0.0,0.0,0.0,Current,0,,0.0,,REVIEW,0.8
LN003104,20,0.0,0.0,0.0,0.0,Current,0,,0.0,,REVIEW,0.8
LN003104,21,0.0,0.0,0.0,0.0,Current,0,,0.0,,REVIEW,0.8
LN003104,22,0.0,0.0,0.0,0.0,Current,0,,0.0,,REVIEW,0.8
LN003104,23,0.0,0.0,0.0,0.0,Current,0,,0.0,,REVIEW,0.8
LN003104,24,0.0,0.0,0.0,0.0,Current,0,,0.0,,REVIEW,0.8
LN003105,1,0.0,0.0,0.0,0.0,Current,0,,0.0,,REVIEW,0.8
LN003105,2,0.0,0.0,0.0,0.0,Current,0,,0.0,,REVIEW,0.8
LN003105,3,0.0,0.0,0.0,0.0,Current,0,,0.0,,REVIEW,0.8
LN003105,4,0.0,0.0,0.0,0.0,Current,0,,0.0,,REVIEW,0.8
LN003105,5,0.0,0.0,0.0,0.0,Current,0,,0.0,,REVIEW,0.8
LN003105,6,0.0,0.0,0.0,0.0,Current,0,,0.0,,REVIEW,0.8
LN003105,7,0.0,0.0,0.0,0.0,Current,0,,0.0,,REVIEW,0.8
LN003105,8,0.0,0.0,0.0,0.0,Current,0,,0.0,,REVIEW,0.8
LN003105,9,0.0,0.0,0.0,0.0,Current,0,,0.0,,REVIEW,0.8
LN003105,10,0.0,0.0,0.0,0.0,Current,0,,0.0,,REVIEW,0.8
LN003105,11,0.0,0.0,0.0,0.0,Current,0,,0.0,,REVIEW,0.8
LN003105,12,0.0,0.0,0.0,0.0,Current,0,,0.0,,REVIEW,0.8
LN003105,13,0.0,0.0,0.0,0.0,Current,0,,0.0,,REVIEW,0.8
LN003105,14,0.0,0.0,0.0,0.0,Current,0,,0.0,,REVIEW,0.8
LN003105,15,0.0,0.0,0.0,0.0,Current,0,,0.0,,REVIEW,0.8
LN003105,16,0.0,0.0,0.0,0.0,Current,0,,0.0,,REVIEW,0.8
LN003105,17,0.0,0.0,0.0,0.0,Current,0,,0.0,,REVIEW,0.8
LN003105,18,0.0,0.0,0.0,0.0,Current,0,,0.0,,REVIEW,0.8
LN003105,19,0.0,0.0,0.0,0.0,Current,0,,0.0,,REVIEW,0.8
LN003105,20,0.0,0.0,0.0,0.0,Current,0,,0.0,,REVIEW,0.8
LN003105,21,0.0,0.0,0.0,0.0,Current,0,,0.0,,REVIEW,0.8
LN003105,22,0.0,0.0,0.0,0.0,Current,0,,0.0,,REVIEW,0.8
LN003105,23,0.0,0.0,0.0,0.0,Current,0,,0.0,,REVIEW,0.8
LN003105,24,0.0,0.0,0.0,0.0,Current,0,,0.0,,REVIEW,0.8
LN003106,1,0.0,0.0,0.0,0.0,Current,0,,0.0,,REVIEW,0.8
LN003106,2,0.0,0.0,0.0,0.0,Current,0,,0.0,,REVIEW,0.8
LN003106,3,0.0,0.0,0.0,0.0,Current,0,,0.0,,REVIEW,0.8
LN003106,4,0.0,0.0,0.0,0.0,Current,0,,0.0,,REVIEW,0.8
LN003106,5,0.0,0.0,0.0,0.0,Current,0,,0.0,,REVIEW,0.8
LN003106,6,0.0,0.0,0.0,0.0,Current,0,,0.0,,REVIEW,0.8
LN003106,7,0.0,0.0,0.0,0.0,Current,0,,0.0,,REVIEW,0.8
LN003106,8,0.0,0.0,0.0,0.0,Current,0,,0.0,,REVIEW,0.8
LN003106,9,0.0,0.0,0.0,0.0,Current,0,,0.0,,REVIEW,0.8
LN003106,10,0.0,0.0,0.0,0.0,Current,0,,0.0,,REVIEW,0.8
LN003106,11,0.0,0.0,0.0,0.0,Current,0,,0.0,,REVIEW,0.8
LN003106,12,0.0,0.0,0.0,0.0,Current,0,,0.0,,REVIEW,0.8
LN003106,13,0.0,0.0,0.0,0.0,Current,0,,0.0,,REVIEW,0.8
LN003106,14,0.0,0.0,0.0,0.0,Current,0,,0.0,,REVIEW,0.8
LN003106,15,0.0,0.0,0.0,0.0,Current,0,,0.0,,REVIEW,0.8
LN003106,16,0.0,0.0,0.0,0.0,Current,0,,0.0,,REVIEW,0.8
LN003106,17,0.0,0.0,0.0,0.0,Current,0,,0.0,,REVIEW,0.8
LN003106,18,0.0,0.0,0.0,0.0,Current,0,,0.0,,REVIEW,0.8
LN003106,19,0.0,0.0,0.0,0.0,Current,0,,0.0,,REVIEW,0.8
LN003106,20,0.0,0.0,0.0,0.0,Current,0,,0.0,,REVIEW,0.8
LN003106,21,0.0,0.0,0.0,0.0,Current,0,,0.0,,REVIEW,0.8
LN003106,22,0.0,0.0,0.0,0.0,Current,0,,0.0,,REVIEW,0.8
LN003106,23,0.0,0.0,0.0,0.0,Current,0,,0.0,,REVIEW,0.8
LN003106,24,0.0,0.0,0.0,0.0,Current,0,,0.0,,REVIEW,0.8
LN003107,1,0.0,0.0,0.0,0.0,Current,0,,0.0,,REVIEW,0.8
LN003107,2,0.0,0.0,0.0,0.0,Current,0,,0.0,,REVIEW,0.8
LN003107,3,0.0,0.0,0.0,0.0,Current,0,,0.0,,REVIEW,0.8
LN003107,4,0.0,0.0,0.0,0.0,Current,0,,0.0,,REVIEW,0.8
LN003107,5,0.0,0.0,0.0,0.0,Current,0,,0.0,,REVIEW,0.8
LN003107,6,0.0,0.0,0.0,0.0,Current,0,,0.0,,REVIEW,0.8
LN003107,7,0.0,0.0,0.0,0.0,Current,0,,0.0,,REVIEW,0.8
LN003107,8,0.0,0.0,0.0,0.0,Current,0,,0.0,,REVIEW,0.8
LN003107,9,0.0,0.0,0.0,0.0,Current,0,,0.0,,REVIEW,0.8
LN003107,10,0.0,0.0,0.0,0.0,Current,0,,0.0,,REVIEW,0.8
LN003107,11,0.0,0.0,0.0,0.0,Current,0,,0.0,,REVIEW,0.8
LN003107,12,0.0,0.0,0.0,0.0,Current,0,,0.0,,REVIEW,0.8
LN003107,13,0.0,0.0,0.0,0.0,Current,0,,0.0,,REVIEW,0.8
LN003107,14,0.0,0.0,0.0,0.0,Current,0,,0.0,,REVIEW,0.8
LN003107,15,0.0,0.0,0.0,0.0,Current,0,,0.0,,REVIEW,0.8
LN003107,16,0.0,0.0,0.0,0.0,Current,0,,0.0,,REVIEW,0.8
LN003107,17,0.0,0.0,0.0,0.0,Current,0,,0.0,,REVIEW,0.8
LN003107,18,0.0,0.0,0.0,0.0,Current,0,,0.0,,REVIEW,0.8
LN003107,19,0.0,0.0,0.0,0.0,Current,0,,0.0,,REVIEW,0.8
LN003107,20,0.0,0.0,0.0,0.0,Current,0,,0.0,,REVIEW,0.8
LN003107,21,0.0,0.0,0.0,0.0,Current,0,,0.0,,REVIEW,0.8
LN003107,22,0.0,0.0,0.0,0.0,Current,0,,0.0,,REVIEW,0.8
LN003107,23,0.0,0.0,0.0,0.0,Current,0,,0.0,,REVIEW,0.8
LN003107,24,0.0,0.0,0.0,0.0,Current,0,,0.0,,REVIEW,0.8
LN003108,1,0.0,0.0,0.0,0.0,Current,0,,0.0,,REVIEW,0.8
LN003108,2,0.0,0.0,0.0,0.0,Current,0,,0.0,,REVIEW,0.8
LN003108,3,0.0,0.0,0.0,0.0,Current,0,,0.0,,REVIEW,0.8
LN003108,4,0.0,0.0,0.0,0.0,Current,0,,0.0,,REVIEW,0.8
LN003108,5,0.0,0.0,0.0,0.0,Current,0,,0.0,,REVIEW,0.8
LN003108,6,0.0,0.0,0.0,0.0,Current,0,,0.0,,REVIEW,0.8
LN003108,7,0.0,0.0,0.0,0.0,Current,0,,0.0,,REVIEW,0.8
LN003108,8,0.0,0.0,0.0,0.0,Current,0,,0.0,,REVIEW,0.8
LN003108,9,0.0,0.0,0.0,0.0,Current,0,,0.0,,REVIEW,0.8
LN003108,10,0.0,0.0,0.0,0.0,Current,0,,0.0,,REVIEW,0.8
LN003108,11,0.0,0.0,0.0,0.0,Current,0,,0.0,,REVIEW,0.8
LN003108,12,0.0,0.0,0.0,0.0,Current,0,,0.0,,REVIEW,0.8
LN003108,13,0.0,0.0,0.0,0.0,Current,0,,0.0,,REVIEW,0.8
LN003108,14,0.0,0.0,0.0,0.0,Current,0,,0.0,,REVIEW,0.8
LN003108,15,0.0,0.0,0.0,0.0,Current,0,,0.0,,REVIEW,0.8
LN003108,16,0.0,0.0,0.0,0.0,Current,0,,0.0,,REVIEW,0.8
LN003108,17,0.0,0.0,0.0,0.0,Current,0,,0.0,,REVIEW,0.8
LN003108,18,0.0,0.0,0.0,0.0,Current,0,,0.0,,REVIEW,0.8
LN003108,19,0.0,0.0,0.0,0.0,Current,0,,0.0,,REVIEW,0.8
LN003108,20,0.0,0.0,0.0,0.0,Current,0,,0.0,,REVIEW,0.8
LN003108,21,0.0,0.0,0.0,0.0,Current,0,,0.0,,REVIEW,0.8
LN003108,22,0.0,0.0,0.0,0.0,Current,0,,0.0,,REVIEW,0.8
LN003108,23,0.0,0.0,0.0,0.0,Current,0,,0.0,,REVIEW,0.8
LN003108,24,0.0,0.0,0.0,0.0,Current,0,,0.0,,REVIEW,0.8
LN003109,1,0.0,0.0,0.0,0.0,Current,0,,0.0,,REVIEW,0.8
LN003109,2,0.0,0.0,0.0,0.0,Current,0,,0.0,,REVIEW,0.8
LN003109,3,0.0,0.0,0.0,0.0,Current,0,,0.0,,REVIEW,0.8
LN003109,4,0.0,0.0,0.0,0.0,Current,0,,0.0,,REVIEW,0.8
LN003109,5,0.0,0.0,0.0,0.0,Current,0,,0.0,,REVIEW,0.8
LN003109,6,0.0,0.0,0.0,0.0,Current,0,,0.0,,REVIEW,0.8
LN003109,7,0.0,0.0,0.0,0.0,Current,0,,0.0,,REVIEW,0.8
LN003109,8,0.0,0.0,0.0,0.0,Current,0,,0.0,,REVIEW,0.8
LN003109,9,0.0,0.0,0.0,0.0,Current,0,,0.0,,REVIEW,0.8
LN003109,10,0.0,0.0,0.0,0.0,Current,0,,0.0,,REVIEW,0.8
LN003109,11,0.0,0.0,0.0,0.0,Current,0,,0.0,,REVIEW,0.8
LN003109,12,0.0,0.0,0.0,0.0,Current,0,,0.0,,REVIEW,0.8
LN003109,13,0.0,0.0,0.0,0.0,Current,0,,0.0,,REVIEW,0.8
LN003109,14,0.0,0.0,0.0,0.0,Current,0,,0.0,,REVIEW,0.8
LN003109,15,0.0,0.0,0.0,0.0,Current,0,,0.0,,REVIEW,0.8
LN003109,16,0.0,0.0,0.0,0.0,Current,0,,0.0,,REVIEW,0.8
LN003109,17,0.0,0.0,0.0,0.0,Current,0,,0.0,,REVIEW,0.8
LN003109,18,0.0,0.0,0.0,0.0,Current,0,,0.0,,REVIEW,0.8
LN003109,19,0.0,0.0,0.0,0.0,Current,0,,0.0,,REVIEW,0.8
LN003109,20,0.0,0.0,0.0,0.0,Current,0,,0.0,,REVIEW,0.8
LN003109,21,0.0,0.0,0.0,0.0,Current,0,,0.0,,REVIEW,0.8
LN003109,22,0.0,0.0,0.0,0.0,Current,0,,0.0,,REVIEW,0.8
LN003109,23,0.0,0.0,0.0,0.0,Current,0,,0.0,,REVIEW,0.8
LN003109,24,0.0,0.0,0.0,0.0,Current,0,,0.0,,REVIEW,0.8
LN003110,1,0.0,0.0,0.0,0.0,Current,0,,0.0,,REVIEW,0.8
LN003110,2,0.0,0.0,0.0,0.0,Current,0,,0.0,,REVIEW,0.8
LN003110,3,0.0,0.0,0.0,0.0,Current,0,,0.0,,REVIEW,0.8
LN003110,4,0.0,0.0,0.0,0.0,Current,0,,0.0,,REVIEW,0.8
LN003110,5,0.0,0.0,0.0,0.0,Current,0,,0.0,,REVIEW,0.8
LN003111,1,0.0,0.0,0.0,0.0,Current,0,,0.0,,REVIEW,0.8
LN003111,2,0.0,0.0,0.0,0.0,Current,0,,0.0,,REVIEW,0.8
LN003111,3,0.0,0.0,0.0,0.0,Current,0,,0.0,,REVIEW,0.8
LN003111,4,0.0,0.0,0.0,0.0,Current,0,,0.0,,REVIEW,0.8
LN003111,5,0.0,0.0,0.0,0.0,Current,0,,0.0,,REVIEW,0.8
LN003111,6,0.0,0.0,0.0,0.0,Current,0,,0.0,,REVIEW,0.8
LN003111,7,0.0,0.0,0.0,0.0,Current,0,,0.0,,REVIEW,0.8
LN003111,8,0.0,0.0,0.0,0.0,Current,0,,0.0,,REVIEW,0.8
LN003111,9,0.0,0.0,0.0,0.0,Current,0,,0.0,,REVIEW,0.8
LN003111,10,0.0,0.0,0.0,0.0,Current,0,,0.0,,REVIEW,0.8
LN003111,11,0.0,0.0,0.0,0.0,Current,0,,0.0,,REVIEW,0.8
LN003111,12,0.0,0.0,0.0,0.0,Current,0,,0.0,,REVIEW,0.8
LN003111,13,0.0,0.0,0.0,0.0,Current,0,,0.0,,REVIEW,0.8
LN003111,14,0.0,0.0,0.0,0.0,Current,0,,0.0,,REVIEW,0.8
LN003111,15,0.0,0.0,0.0,0.0,Current,0,,0.0,,REVIEW,0.8
LN003111,16,0.0,0.0,0.0,0.0,Current,0,,0.0,,REVIEW,0.8
LN003111,17,0.0,0.0,0.0,0.0,Current,0,,0.0,,REVIEW,0.8
LN003111,18,0.0,0.0,0.0,0.0,Current,0,,0.0,,REVIEW,0.8
LN003111,19,0.0,0.0,0.0,0.0,Current,0,,0.0,,REVIEW,0.8
LN003111,20,0.0,0.0,0.0,0.0,Current,0,,0.0,,REVIEW,0.8
LN003111,21,0.0,0.0,0.0,0.0,Current,0,,0.0,,REVIEW,0.8
LN003111,22,0.0,0.0,0.0,0.0,Current,0,,0.0,,REVIEW,0.8
LN003111,23,0.0,0.0,0.0,0.0,Current,0,,0.0,,REVIEW,0.8
LN003111,24,0.0,0.0,0.0,0.0,Current,0,,0.0,,REVIEW,0.8
LN003112,1,0.0,0.0,0.0,0.0,Current,0,,0.0,,REVIEW,0.8
LN003112,2,0.0,0.0,0.0,0.0,Current,0,,0.0,,REVIEW,0.8
LN003112,3,0.0,0.0,0.0,0.0,Current,0,,0.0,,REVIEW,0.8
LN003112,4,0.0,0.0,0.0,0.0,Current,0,,0.0,,REVIEW,0.8
LN003112,5,0.0,0.0,0.0,0.0,Current,0,,0.0,,REVIEW,0.8
LN003112,6,0.0,0.0,0.0,0.0,Current,0,,0.0,,REVIEW,0.8
LN003112,7,0.0,0.0,0.0,0.0,Current,0,,0.0,,REVIEW,0.8
LN003112,8,0.0,0.0,0.0,0.0,Current,0,,0.0,,REVIEW,0.8
LN003112,9,0.0,0.0,0.0,0.0,Current,0,,0.0,,REVIEW,0.8
LN003112,10,0.0,0.0,0.0,0.0,Current,0,,0.0,,REVIEW,0.8
LN003112,11,0.0,0.0,0.0,0.0,Current,0,,0.0,,REVIEW,0.8
LN003112,12,0.0,0.0,0.0,0.0,Current,0,,0.0,,REVIEW,0.8
LN003112,13,0.0,0.0,0.0,0.0,Current,0,,0.0,,REVIEW,0.8
LN003112,14,0.0,0.0,0.0,0.0,Current,0,,0.0,,REVIEW,0.8
LN003112,15,0.0,0.0,0.0,0.0,Current,0,,0.0,,REVIEW,0.8
LN003112,16,0.0,0.0,0.0,0.0,Current,0,,0.0,,REVIEW,0.8
LN003112,17,0.0,0.0,0.0,0.0,Current,0,,0.0,,REVIEW,0.8
LN003112,18,0.0,0.0,0.0,0.0,Current,0,,0.0,,REVIEW,0.8
LN003112,19,0.0,0.0,0.0,0.0,Current,0,,0.0,,REVIEW,0.8
LN003112,20,0.0,0.0,0.0,0.0,Current,0,,0.0,,REVIEW,0.8
LN003112,21,0.0,0.0,0.0,0.0,Current,0,,0.0,,REVIEW,0.8
LN003112,22,0.0,0.0,0.0,0.0,Current,0,,0.0,,REVIEW,0.8
LN003113,1,0.0,0.0,0.0,0.0,Current,0,,0.0,,REVIEW,0.8
LN003113,2,0.0,0.0,0.0,0.0,Current,0,,0.0,,REVIEW,0.8
LN003113,3,0.0,0.0,0.0,0.0,Current,0,,0.0,,REVIEW,0.8
LN003113,4,0.0,0.0,0.0,0.0,Current,0,,0.0,,REVIEW,0.8
LN003113,5,0.0,0.0,0.0,0.0,Current,0,,0.0,,REVIEW,0.8
LN003113,6,0.0,0.0,0.0,0.0,Current,0,,0.0,,REVIEW,0.8
LN003113,7,0.0,0.0,0.0,0.0,Current,0,,0.0,,REVIEW,0.8
LN003113,8,0.0,0.0,0.0,0.0,Current,0,,0.0,,REVIEW,0.8
LN003113,9,0.0,0.0,0.0,0.0,Current,0,,0.0,,REVIEW,0.8
LN003113,10,0.0,0.0,0.0,0.0,Current,0,,0.0,,REVIEW,0.8
LN003113,11,0.0,0.0,0.0,0.0,Current,0,,0.0,,REVIEW,0.8
LN003113,12,0.0,0.0,0.0,0.0,Current,0,,0.0,,REVIEW,0.8
LN003113,13,0.0,0.0,0.0,0.0,Current,0,,0.0,,REVIEW,0.8
LN003113,14,0.0,0.0,0.0,0.0,Current,0,,0.0,,REVIEW,0.8
LN003113,15,0.0,0.0,0.0,0.0,Current,0,,0.0,,REVIEW,0.8
LN003114,1,0.0,0.0,0.0,0.0,Current,0,,0.0,,REVIEW,0.8
LN003114,2,0.0,0.0,0.0,0.0,Current,0,,0.0,,REVIEW,0.8
LN003114,3,0.0,0.0,0.0,0.0,Current,0,,0.0,,REVIEW,0.8
LN003114,4,0.0,0.0,0.0,0.0,Current,0,,0.0,,REVIEW,0.8
LN003114,5,0.0,0.0,0.0,0.0,Current,0,,0.0,,REVIEW,0.8
LN003114,6,0.0,0.0,0.0,0.0,Current,0,,0.0,,REVIEW,0.8
LN003114,7,0.0,0.0,0.0,0.0,Current,0,,0.0,,REVIEW,0.8
LN003114,8,0.0,0.0,0.0,0.0,Current,0,,0.0,,REVIEW,0.8
LN003114,9,0.0,0.0,0.0,0.0,Current,0,,0.0,,REVIEW,0.8
LN003114,10,0.0,0.0,0.0,0.0,Current,0,,0.0,,REVIEW,0.8
LN003114,11,0.0,0.0,0.0,0.0,Current,0,,0.0,,REVIEW,0.8
LN003114,12,0.0,0.0,0.0,0.0,Current,0,,0.0,,REVIEW,0.8
LN003114,13,0.0,0.0,0.0,0.0,Current,0,,0.0,,REVIEW,0.8
LN003114,14,0.0,0.0,0.0,0.0,Current,0,,0.0,,REVIEW,0.8
LN003114,15,0.0,0.0,0.0,0.0,Current,0,,0.0,,REVIEW,0.8
LN003114,16,0.0,0.0,0.0,0.0,Current,0,,0.0,,REVIEW,0.8
LN003114,17,0.0,0.0,0.0,0.0,Current,0,,0.0,,REVIEW,0.8
LN003114,18,0.0,0.0,0.0,0.0,Current,0,,0.0,,REVIEW,0.8
LN003114,19,0.0,0.0,0.0,0.0,Current,0,,0.0,,REVIEW,0.8
LN003114,20,0.0,0.0,0.0,0.0,Current,0,,0.0,,REVIEW,0.8
LN003114,21,0.0,0.0,0.0,0.0,Current,0,,0.0,,REVIEW,0.8
LN003114,22,0.0,0.0,0.0,0.0,Current,0,,0.0,,REVIEW,0.8
LN003114,23,0.0,0.0,0.0,0.0,Current,0,,0.0,,REVIEW,0.8
LN003114,24,0.0,0.0,0.0,0.0,Current,0,,0.0,,REVIEW,0.8
LN003115,1,0.0,0.0,0.0,0.0,Current,0,,0.0,,REVIEW,0.8
LN003115,2,0.0,0.0,0.0,0.0,Current,0,,0.0,,REVIEW,0.8
LN003115,3,0.0,0.0,0.0,0.0,Current,0,,0.0,,REVIEW,0.8
LN003115,4,0.0,0.0,0.0,0.0,Current,0,,0.0,,REVIEW,0.8
LN003115,5,0.0,0.0,0.0,0.0,Current,0,,0.0,,REVIEW,0.8
LN003115,6,0.0,0.0,0.0,0.0,Current,0,,0.0,,REVIEW,0.8
LN003115,7,0.0,0.0,0.0,0.0,Current,0,,0.0,,REVIEW,0.8
LN003115,8,0.0,0.0,0.0,0.0,Current,0,,0.0,,REVIEW,0.8
LN003115,9,0.0,0.0,0.0,0.0,Current,0,,0.0,,REVIEW,0.8
LN003115,10,0.0,0.0,0.0,0.0,Current,0,,0.0,,REVIEW,0.8
LN003115,11,0.0,0.0,0.0,0.0,Current,0,,0.0,,REVIEW,0.8
LN003115,12,0.0,0.0,0.0,0.0,Current,0,,0.0,,REVIEW,0.8
LN003115,13,0.0,0.0,0.0,0.0,Current,0,,0.0,,REVIEW,0.8
LN003115,14,0.0,0.0,0.0,0.0,Current,0,,0.0,,REVIEW,0.8
LN003115,15,0.0,0.0,0.0,0.0,Current,0,,0.0,,REVIEW,0.8
LN003115,16,0.0,0.0,0.0,0.0,Current,0,,0.0,,REVIEW,0.8
LN003115,17,0.0,0.0,0.0,0.0,Current,0,,0.0,,REVIEW,0.8
LN003115,18,0.0,0.0,0.0,0.0,Current,0,,0.0,,REVIEW,0.8
LN003115,19,0.0,0.0,0.0,0.0,Current,0,,0.0,,REVIEW,0.8
LN003115,20,0.0,0.0,0.0,0.0,Current,0,,0.0,,REVIEW,0.8
LN003115,21,0.0,0.0,0.0,0.0,Current,0,,0.0,,REVIEW,0.8
LN003115,22,0.0,0.0,0.0,0.0,Current,0,,0.0,,REVIEW,0.8
LN003115,23,0.0,0.0,0.0,0.0,Current,0,,0.0,,REVIEW,0.8
LN003115,24,0.0,0.0,0.0,0.0,Current,0,,0.0,,REVIEW,0.8
LN003116,1,0.0,0.0,0.0,0.0,Current,0,,0.0,,REVIEW,0.8
LN003116,2,0.0,0.0,0.0,0.0,Current,0,,0.0,,REVIEW,0.8
LN003116,3,0.0,0.0,0.0,0.0,Current,0,,0.0,,REVIEW,0.8
LN003116,4,0.0,0.0,0.0,0.0,Current,0,,0.0,,REVIEW,0.8
LN003116,5,0.0,0.0,0.0,0.0,Current,0,,0.0,,REVIEW,0.8
LN003116,6,0.0,0.0,0.0,0.0,Current,0,,0.0,,REVIEW,0.8
LN003116,7,0.0,0.0,0.0,0.0,Current,0,,0.0,,REVIEW,0.8
LN003116,8,0.0,0.0,0.0,0.0,Current,0,,0.0,,REVIEW,0.8
LN003116,9,0.0,0.0,0.0,0.0,Current,0,,0.0,,REVIEW,0.8
LN003116,10,0.0,0.0,0.0,0.0,Current,0,,0.0,,REVIEW,0.8
LN003116,11,0.0,0.0,0.0,0.0,Current,0,,0.0,,REVIEW,0.8
LN003116,12,0.0,0.0,0.0,0.0,Current,0,,0.0,,REVIEW,0.8
LN003116,13,0.0,0.0,0.0,0.0,Current,0,,0.0,,REVIEW,0.8
LN003116,14,0.0,0.0,0.0,0.0,Current,0,,0.0,,REVIEW,0.8
LN003116,15,0.0,0.0,0.0,0.0,Current,0,,0.0,,REVIEW,0.8
LN003116,16,0.0,0.0,0.0,0.0,Current,0,,0.0,,REVIEW,0.8
LN003116,17,0.0,0.0,0.0,0.0,Current,0,,0.0,,REVIEW,0.8
LN003116,18,0.0,0.0,0.0,0.0,Current,0,,0.0,,REVIEW,0.8
LN003116,19,0.0,0.0,0.0,0.0,Current,0,,0.0,,REVIEW,0.8
LN003116,20,0.0,0.0,0.0,0.0,Current,0,,0.0,,REVIEW,0.8
LN003116,21,0.0,0.0,0.0,0.0,Current,0,,0.0,,REVIEW,0.8
LN003116,22,0.0,0.0,0.0,0.0,Current,0,,0.0,,REVIEW,0.8
LN003116,23,0.0,0.0,0.0,0.0,Current,0,,0.0,,REVIEW,0.8
LN003116,24,0.0,0.0,0.0,0.0,Current,0,,0.0,,REVIEW,0.8
LN003117,1,0.0,0.0,0.0,0.0,Current,0,,0.0,,REVIEW,0.8
LN003117,2,0.0,0.0,0.0,0.0,Current,0,,0.0,,REVIEW,0.8
LN003117,3,0.0,0.0,0.0,0.0,Current,0,,0.0,,REVIEW,0.8
LN003117,4,0.0,0.0,0.0,0.0,Current,0,,0.0,,REVIEW,0.8
LN003117,5,0.0,0.0,0.0,0.0,Current,0,,0.0,,REVIEW,0.8
LN003117,6,0.0,0.0,0.0,0.0,Current,0,,0.0,,REVIEW,0.8
LN003117,7,0.0,0.0,0.0,0.0,Current,0,,0.0,,REVIEW,0.8
LN003117,8,0.0,0.0,0.0,0.0,Current,0,,0.0,,REVIEW,0.8
LN003117,9,0.0,0.0,0.0,0.0,Current,0,,0.0,,REVIEW,0.8
LN003117,10,0.0,0.0,0.0,0.0,Current,0,,0.0,,REVIEW,0.8
LN003117,11,0.0,0.0,0.0,0.0,Current,0,,0.0,,REVIEW,0.8
LN003117,12,0.0,0.0,0.0,0.0,Current,0,,0.0,,REVIEW,0.8
LN003117,13,0.0,0.0,0.0,0.0,Current,0,,0.0,,REVIEW,0.8
LN003117,14,0.0,0.0,0.0,0.0,Current,0,,0.0,,REVIEW,0.8
LN003117,15,0.0,0.0,0.0,0.0,Current,0,,0.0,,REVIEW,0.8
LN003117,16,0.0,0.0,0.0,0.0,Current,0,,0.0,,REVIEW,0.8
LN003117,17,0.0,0.0,0.0,0.0,Current,0,,0.0,,REVIEW,0.8
LN003117,18,0.0,0.0,0.0,0.0,Current,0,,0.0,,REVIEW,0.8
LN003117,19,0.0,0.0,0.0,0.0,Current,0,,0.0,,REVIEW,0.8
LN003117,20,0.0,0.0,0.0,0.0,Current,0,,0.0,,REVIEW,0.8
LN003117,21,0.0,0.0,0.0,0.0,Current,0,,0.0,,REVIEW,0.8
LN003117,22,0.0,0.0,0.0,0.0,Current,0,,0.0,,REVIEW,0.8
LN003117,23,0.0,0.0,0.0,0.0,Current,0,,0.0,,REVIEW,0.8
LN003117,24,0.0,0.0,0.0,0.0,Current,0,,0.0,,REVIEW,0.8
LN003118,1,0.0,0.0,0.0,0.0,Current,0,,0.0,,REVIEW,0.8
LN003118,2,0.0,0.0,0.0,0.0,Current,0,,0.0,,REVIEW,0.8
LN003118,3,0.0,0.0,0.0,0.0,Current,0,,0.0,,REVIEW,0.8
LN003118,4,0.0,0.0,0.0,0.0,Current,0,,0.0,,REVIEW,0.8
LN003118,5,0.0,0.0,0.0,0.0,Current,0,,0.0,,REVIEW,0.8
LN003118,6,0.0,0.0,0.0,0.0,Current,0,,0.0,,REVIEW,0.8
LN003118,7,0.0,0.0,0.0,0.0,Current,0,,0.0,,REVIEW,0.8
LN003118,8,0.0,0.0,0.0,0.0,Current,0,,0.0,,REVIEW,0.8
LN003118,9,0.0,0.0,0.0,0.0,Current,0,,0.0,,REVIEW,0.8
LN003118,10,0.0,0.0,0.0,0.0,Current,0,,0.0,,REVIEW,0.8
LN003118,11,0.0,0.0,0.0,0.0,Current,0,,0.0,,REVIEW,0.8
LN003118,12,0.0,0.0,0.0,0.0,Current,0,,0.0,,REVIEW,0.8
LN003118,13,0.0,0.0,0.0,0.0,Current,0,,0.0,,REVIEW,0.8
LN003118,14,0.0,0.0,0.0,0.0,Current,0,,0.0,,REVIEW,0.8
LN003118,15,0.0,0.0,0.0,0.0,Current,0,,0.0,,REVIEW,0.8
LN003118,16,0.0,0.0,0.0,0.0,Current,0,,0.0,,REVIEW,0.8
LN003118,17,0.0,0.0,0.0,0.0,Current,0,,0.0,,REVIEW,0.8
LN003118,18,0.0,0.0,0.0,0.0,Current,0,,0.0,,REVIEW,0.8
LN003118,19,0.0,0.0,0.0,0.0,Current,0,,0.0,,REVIEW,0.8
LN003118,20,0.0,0.0,0.0,0.0,Current,0,,0.0,,REVIEW,0.8
LN003118,21,0.0,0.0,0.0,0.0,Current,0,,0.0,,REVIEW,0.8
LN003118,22,0.0,0.0,0.0,0.0,Current,0,,0.0,,REVIEW,0.8
LN003118,23,0.0,0.0,0.0,0.0,Current,0,,0.0,,REVIEW,0.8
LN003118,24,0.0,0.0,0.0,0.0,Current,0,,0.0,,REVIEW,0.8
LN003119,1,0.0,0.0,0.0,0.0,Current,0,,0.0,,REVIEW,0.8
LN003119,2,0.0,0.0,0.0,0.0,Current,0,,0.0,,REVIEW,0.8
LN003119,3,0.0,0.0,0.0,0.0,Current,0,,0.0,,REVIEW,0.8
LN003119,4,0.0,0.0,0.0,0.0,Current,0,,0.0,,REVIEW,0.8
LN003119,5,0.0,0.0,0.0,0.0,Current,0,,0.0,,REVIEW,0.8
LN003119,6,0.0,0.0,0.0,0.0,Current,0,,0.0,,REVIEW,0.8
LN003119,7,0.0,0.0,0.0,0.0,Current,0,,0.0,,REVIEW,0.8
LN003119,8,0.0,0.0,0.0,0.0,Current,0,,0.0,,REVIEW,0.8
LN003119,9,0.0,0.0,0.0,0.0,Current,0,,0.0,,REVIEW,0.8
LN003119,10,0.0,0.0,0.0,0.0,Current,0,,0.0,,REVIEW,0.8
LN003119,11,0.0,0.0,0.0,0.0,Current,0,,0.0,,REVIEW,0.8
LN003119,12,0.0,0.0,0.0,0.0,Current,0,,0.0,,REVIEW,0.8
LN003119,13,0.0,0.0,0.0,0.0,Current,0,,0.0,,REVIEW,0.8
LN003119,14,0.0,0.0,0.0,0.0,Current,0,,0.0,,REVIEW,0.8
LN003119,15,0.0,0.0,0.0,0.0,Current,0,,0.0,,REVIEW,0.8
LN003119,16,0.0,0.0,0.0,0.0,Current,0,,0.0,,REVIEW,0.8
LN003119,17,0.0,0.0,0.0,0.0,Current,0,,0.0,,REVIEW,0.8
LN003119,18,0.0,0.0,0.0,0.0,Current,0,,0.0,,REVIEW,0.8
LN003119,19,0.0,0.0,0.0,0.0,Current,0,,0.0,,REVIEW,0.8
LN003120,1,0.0,0.0,0.0,0.0,Current,0,,0.0,,REVIEW,0.8
LN003120,2,0.0,0.0,0.0,0.0,Current,0,,0.0,,REVIEW,0.8
LN003120,3,0.0,0.0,0.0,0.0,Current,0,,0.0,,REVIEW,0.8
LN003120,4,0.0,0.0,0.0,0.0,Current,0,,0.0,,REVIEW,0.8
LN003120,5,0.0,0.0,0.0,0.0,Current,0,,0.0,,REVIEW,0.8
LN003120,6,0.0,0.0,0.0,0.0,Current,0,,0.0,,REVIEW,0.8
LN003120,7,0.0,0.0,0.0,0.0,Current,0,,0.0,,REVIEW,0.8
LN003120,8,0.0,0.0,0.0,0.0,Current,0,,0.0,,REVIEW,0.8
LN003120,9,0.0,0.0,0.0,0.0,Current,0,,0.0,,REVIEW,0.8
LN003120,10,0.0,0.0,0.0,0.0,Current,0,,0.0,,REVIEW,0.8
LN003120,11,0.0,0.0,0.0,0.0,Current,0,,0.0,,REVIEW,0.8
LN003120,12,0.0,0.0,0.0,0.0,Current,0,,0.0,,REVIEW,0.8
LN003120,13,0.0,0.0,0.0,0.0,Current,0,,0.0,,REVIEW,0.8
LN003120,14,0.0,0.0,0.0,0.0,Current,0,,0.0,,REVIEW,0.8
LN003120,15,0.0,0.0,0.0,0.0,Current,0,,0.0,,REVIEW,0.8
LN003120,16,0.0,0.0,0.0,0.0,Current,0,,0.0,,REVIEW,0.8
LN003120,17,0.0,0.0,0.0,0.0,Current,0,,0.0,,REVIEW,0.8
LN003120,18,0.0,0.0,0.0,0.0,Current,0,,0.0,,REVIEW,0.8
LN003120,19,0.0,0.0,0.0,0.0,Current,0,,0.0,,REVIEW,0.8
LN003120,20,0.0,0.0,0.0,0.0,Current,0,,0.0,,REVIEW,0.8
LN003120,21,0.0,0.0,0.0,0.0,Current,0,,0.0,,REVIEW,0.8
LN003120,22,0.0,0.0,0.0,0.0,Current,0,,0.0,,REVIEW,0.8
LN003120,23,0.0,0.0,0.0,0.0,Current,0,,0.0,,REVIEW,0.8
LN003120,24,0.0,0.0,0.0,0.0,Current,0,,0.0,,REVIEW,0.8
LN003121,1,0.0,0.0,0.0,0.0,Current,0,,0.0,,REVIEW,0.8
LN003121,2,0.0,0.0,0.0,0.0,Current,0,,0.0,,REVIEW,0.8
LN003121,3,0.0,0.0,0.0,0.0,Current,0,,0.0,,REVIEW,0.8
LN003121,4,0.0,0.0,0.0,0.0,Current,0,,0.0,,REVIEW,0.8
LN003121,5,0.0,0.0,0.0,0.0,Current,0,,0.0,,REVIEW,0.8
LN003121,6,0.0,0.0,0.0,0.0,Current,0,,0.0,,REVIEW,0.8
LN003121,7,0.0,0.0,0.0,0.0,Current,0,,0.0,,REVIEW,0.8
LN003121,8,0.0,0.0,0.0,0.0,Current,0,,0.0,,REVIEW,0.8
LN003121,9,0.0,0.0,0.0,0.0,Current,0,,0.0,,REVIEW,0.8
LN003121,10,0.0,0.0,0.0,0.0,Current,0,,0.0,,REVIEW,0.8
LN003121,11,0.0,0.0,0.0,0.0,Current,0,,0.0,,REVIEW,0.8
LN003121,12,0.0,0.0,0.0,0.0,Current,0,,0.0,,REVIEW,0.8
LN003121,13,0.0,0.0,0.0,0.0,Current,0,,0.0,,REVIEW,0.8
LN003121,14,0.0,0.0,0.0,0.0,Current,0,,0.0,,REVIEW,0.8
LN003121,15,0.0,0.0,0.0,0.0,Current,0,,0.0,,REVIEW,0.8
LN003121,16,0.0,0.0,0.0,0.0,Current,0,,0.0,,REVIEW,0.8
LN003121,17,0.0,0.0,0.0,0.0,Current,0,,0.0,,REVIEW,0.8
LN003121,18,0.0,0.0,0.0,0.0,Current,0,,0.0,,REVIEW,0.8
LN003121,19,0.0,0.0,0.0,0.0,Current,0,,0.0,,REVIEW,0.8
LN003121,20,0.0,0.0,0.0,0.0,Current,0,,0.0,,REVIEW,0.8
LN003121,21,0.0,0.0,0.0,0.0,Current,0,,0.0,,REVIEW,0.8
LN003122,1,0.0,0.0,0.0,0.0,Current,0,,0.0,,REVIEW,0.8
LN003122,2,0.0,0.0,0.0,0.0,Current,0,,0.0,,REVIEW,0.8
LN003122,3,0.0,0.0,0.0,0.0,Current,0,,0.0,,REVIEW,0.8
LN003122,4,0.0,0.0,0.0,0.0,Current,0,,0.0,,REVIEW,0.8
LN003122,5,0.0,0.0,0.0,0.0,Current,0,,0.0,,REVIEW,0.8
LN003122,6,0.0,0.0,0.0,0.0,Current,0,,0.0,,REVIEW,0.8
LN003122,7,0.0,0.0,0.0,0.0,Current,0,,0.0,,REVIEW,0.8
LN003122,8,0.0,0.0,0.0,0.0,Current,0,,0.0,,REVIEW,0.8
LN003122,9,0.0,0.0,0.0,0.0,Current,0,,0.0,,REVIEW,0.8
LN003122,10,0.0,0.0,0.0,0.0,Current,0,,0.0,,REVIEW,0.8
LN003122,11,0.0,0.0,0.0,0.0,Current,0,,0.0,,REVIEW,0.8
LN003122,12,0.0,0.0,0.0,0.0,Current,0,,0.0,,REVIEW,0.8
LN003122,13,0.0,0.0,0.0,0.0,Current,0,,0.0,,REVIEW,0.8
LN003122,14,0.0,0.0,0.0,0.0,Current,0,,0.0,,REVIEW,0.8
LN003122,15,0.0,0.0,0.0,0.0,Current,0,,0.0,,REVIEW,0.8
LN003122,16,0.0,0.0,0.0,0.0,Current,0,,0.0,,REVIEW,0.8
LN003122,17,0.0,0.0,0.0,0.0,Current,0,,0.0,,REVIEW,0.8
LN003122,18,0.0,0.0,0.0,0.0,Current,0,,0.0,,REVIEW,0.8
LN003122,19,0.0,0.0,0.0,0.0,Current,0,,0.0,,REVIEW,0.8
LN003122,20,0.0,0.0,0.0,0.0,Current,0,,0.0,,REVIEW,0.8
LN003122,21,0.0,0.0,0.0,0.0,Current,0,,0.0,,REVIEW,0.8
LN003122,22,0.0,0.0,0.0,0.0,Current,0,,0.0,,REVIEW,0.8
LN003122,23,0.0,0.0,0.0,0.0,Current,0,,0.0,,REVIEW,0.8
LN003122,24,0.0,0.0,0.0,0.0,Current,0,,0.0,,REVIEW,0.8
LN003123,1,0.0,0.0,0.0,0.0,Current,0,,0.0,,REVIEW,0.8
LN003123,2,0.0,0.0,0.0,0.0,Current,0,,0.0,,REVIEW,0.8
LN003123,3,0.0,0.0,0.0,0.0,Current,0,,0.0,,REVIEW,0.8
LN003123,4,0.0,0.0,0.0,0.0,Current,0,,0.0,,REVIEW,0.8
LN003123,5,0.0,0.0,0.0,0.0,Current,0,,0.0,,REVIEW,0.8
LN003123,6,0.0,0.0,0.0,0.0,Current,0,,0.0,,REVIEW,0.8
LN003123,7,0.0,0.0,0.0,0.0,Current,0,,0.0,,REVIEW,0.8
LN003123,8,0.0,0.0,0.0,0.0,Current,0,,0.0,,REVIEW,0.8
LN003123,9,0.0,0.0,0.0,0.0,Current,0,,0.0,,REVIEW,0.8
LN003123,10,0.0,0.0,0.0,0.0,Current,0,,0.0,,REVIEW,0.8
LN003123,11,0.0,0.0,0.0,0.0,Current,0,,0.0,,REVIEW,0.8
LN003123,12,0.0,0.0,0.0,0.0,Current,0,,0.0,,REVIEW,0.8
LN003123,13,0.0,0.0,0.0,0.0,Current,0,,0.0,,REVIEW,0.8
LN003123,14,0.0,0.0,0.0,0.0,Current,0,,0.0,,REVIEW,0.8
LN003123,15,0.0,0.0,0.0,0.0,Current,0,,0.0,,REVIEW,0.8
LN003123,16,0.0,0.0,0.0,0.0,Current,0,,0.0,,REVIEW,0.8
LN003123,17,0.0,0.0,0.0,0.0,Current,0,,0.0,,REVIEW,0.8
LN003123,18,0.0,0.0,0.0,0.0,Current,0,,0.0,,REVIEW,0.8
LN003123,19,0.0,0.0,0.0,0.0,Current,0,,0.0,,REVIEW,0.8
LN003123,20,0.0,0.0,0.0,0.0,Current,0,,0.0,,REVIEW,0.8
LN003123,21,0.0,0.0,0.0,0.0,Current,0,,0.0,,REVIEW,0.8
LN003123,22,0.0,0.0,0.0,0.0,Current,0,,0.0,,REVIEW,0.8
LN003123,23,0.0,0.0,0.0,0.0,Current,0,,0.0,,REVIEW,0.8
LN003123,24,0.0,0.0,0.0,0.0,Current,0,,0.0,,REVIEW,0.8
LN003124,1,0.0,0.0,0.0,0.0,Current,0,,0.0,,REVIEW,0.8
LN003124,2,0.0,0.0,0.0,0.0,Current,0,,0.0,,REVIEW,0.8
LN003124,3,0.0,0.0,0.0,0.0,Current,0,,0.0,,REVIEW,0.8
LN003124,4,0.0,0.0,0.0,0.0,Current,0,,0.0,,REVIEW,0.8
LN003124,5,0.0,0.0,0.0,0.0,Current,0,,0.0,,REVIEW,0.8
LN003124,6,0.0,0.0,0.0,0.0,Current,0,,0.0,,REVIEW,0.8
LN003124,7,0.0,0.0,0.0,0.0,Current,0,,0.0,,REVIEW,0.8
LN003124,8,0.0,0.0,0.0,0.0,Current,0,,0.0,,REVIEW,0.8
LN003124,9,0.0,0.0,0.0,0.0,Current,0,,0.0,,REVIEW,0.8
LN003124,10,0.0,0.0,0.0,0.0,Current,0,,0.0,,REVIEW,0.8
LN003124,11,0.0,0.0,0.0,0.0,Current,0,,0.0,,REVIEW,0.8
LN003124,12,0.0,0.0,0.0,0.0,Current,0,,0.0,,REVIEW,0.8
LN003124,13,0.0,0.0,0.0,0.0,Current,0,,0.0,,REVIEW,0.8
LN003124,14,0.0,0.0,0.0,0.0,Current,0,,0.0,,REVIEW,0.8
LN003124,15,0.0,0.0,0.0,0.0,Current,0,,0.0,,REVIEW,0.8
LN003124,16,0.0,0.0,0.0,0.0,Current,0,,0.0,,REVIEW,0.8
LN003124,17,0.0,0.0,0.0,0.0,Current,0,,0.0,,REVIEW,0.8
LN003124,18,0.0,0.0,0.0,0.0,Current,0,,0.0,,REVIEW,0.8
LN003124,19,0.0,0.0,0.0,0.0,Current,0,,0.0,,REVIEW,0.8
LN003124,20,0.0,0.0,0.0,0.0,Current,0,,0.0,,REVIEW,0.8
LN003124,21,0.0,0.0,0.0,0.0,Current,0,,0.0,,REVIEW,0.8
LN003124,22,0.0,0.0,0.0,0.0,Current,0,,0.0,,REVIEW,0.8
LN003124,23,0.0,0.0,0.0,0.0,Current,0,,0.0,,REVIEW,0.8
LN003124,24,0.0,0.0,0.0,0.0,Current,0,,0.0,,REVIEW,0.8
LN003125,1,0.0,0.0,0.0,0.0,Current,0,,0.0,,REVIEW,0.8
LN003125,2,0.0,0.0,0.0,0.0,Current,0,,0.0,,REVIEW,0.8
LN003125,3,0.0,0.0,0.0,0.0,Current,0,,0.0,,REVIEW,0.8
LN003125,4,0.0,0.0,0.0,0.0,Current,0,,0.0,,REVIEW,0.8
LN003125,5,0.0,0.0,0.0,0.0,Current,0,,0.0,,REVIEW,0.8
LN003125,6,0.0,0.0,0.0,0.0,Current,0,,0.0,,REVIEW,0.8
LN003125,7,0.0,0.0,0.0,0.0,Current,0,,0.0,,REVIEW,0.8
LN003125,8,0.0,0.0,0.0,0.0,Current,0,,0.0,,REVIEW,0.8
LN003125,9,0.0,0.0,0.0,0.0,Current,0,,0.0,,REVIEW,0.8
LN003125,10,0.0,0.0,0.0,0.0,Current,0,,0.0,,REVIEW,0.8
LN003125,11,0.0,0.0,0.0,0.0,Current,0,,0.0,,REVIEW,0.8
LN003125,12,0.0,0.0,0.0,0.0,Current,0,,0.0,,REVIEW,0.8
LN003125,13,0.0,0.0,0.0,0.0,Current,0,,0.0,,REVIEW,0.8
LN003125,14,0.0,0.0,0.0,0.0,Current,0,,0.0,,REVIEW,0.8
LN003125,15,0.0,0.0,0.0,0.0,Current,0,,0.0,,REVIEW,0.8
LN003125,16,0.0,0.0,0.0,0.0,Current,0,,0.0,,REVIEW,0.8
LN003125,17,0.0,0.0,0.0,0.0,Current,0,,0.0,,REVIEW,0.8
LN003125,18,0.0,0.0,0.0,0.0,Current,0,,0.0,,REVIEW,0.8
LN003125,19,0.0,0.0,0.0,0.0,Current,0,,0.0,,REVIEW,0.8
LN003125,20,0.0,0.0,0.0,0.0,Current,0,,0.0,,REVIEW,0.8
LN003125,21,0.0,0.0,0.0,0.0,Current,0,,0.0,,REVIEW,0.8
LN003125,22,0.0,0.0,0.0,0.0,Current,0,,0.0,,REVIEW,0.8
LN003125,23,0.0,0.0,0.0,0.0,Current,0,,0.0,,REVIEW,0.8
LN003125,24,0.0,0.0,0.0,0.0,Current,0,,0.0,,REVIEW,0.8
LN003126,1,0.0,0.0,0.0,0.0,Current,0,,0.0,,REVIEW,0.8
LN003126,2,0.0,0.0,0.0,0.0,Current,0,,0.0,,REVIEW,0.8
LN003126,3,0.0,0.0,0.0,0.0,Current,0,,0.0,,REVIEW,0.8
LN003126,4,0.0,0.0,0.0,0.0,Current,0,,0.0,,REVIEW,0.8
LN003126,5,0.0,0.0,0.0,0.0,Current,0,,0.0,,REVIEW,0.8
LN003126,6,0.0,0.0,0.0,0.0,Current,0,,0.0,,REVIEW,0.8
LN003126,7,0.0,0.0,0.0,0.0,Current,0,,0.0,,REVIEW,0.8
LN003126,8,0.0,0.0,0.0,0.0,Current,0,,0.0,,REVIEW,0.8
LN003126,9,0.0,0.0,0.0,0.0,Current,0,,0.0,,REVIEW,0.8
LN003126,10,0.0,0.0,0.0,0.0,Current,0,,0.0,,REVIEW,0.8
LN003126,11,0.0,0.0,0.0,0.0,Current,0,,0.0,,REVIEW,0.8
LN003126,12,0.0,0.0,0.0,0.0,Current,0,,0.0,,REVIEW,0.8
LN003126,13,0.0,0.0,0.0,0.0,Current,0,,0.0,,REVIEW,0.8
LN003126,14,0.0,0.0,0.0,0.0,Current,0,,0.0,,REVIEW,0.8
LN003126,15,0.0,0.0,0.0,0.0,Current,0,,0.0,,REVIEW,0.8
LN003126,16,0.0,0.0,0.0,0.0,Current,0,,0.0,,REVIEW,0.8
LN003126,17,0.0,0.0,0.0,0.0,Current,0,,0.0,,REVIEW,0.8
LN003126,18,0.0,0.0,0.0,0.0,Current,0,,0.0,,REVIEW,0.8
LN003126,19,0.0,0.0,0.0,0.0,Current,0,,0.0,,REVIEW,0.8
LN003126,20,0.0,0.0,0.0,0.0,Current,0,,0.0,,REVIEW,0.8
LN003126,21,0.0,0.0,0.0,0.0,Current,0,,0.0,,REVIEW,0.8
LN003126,22,0.0,0.0,0.0,0.0,Current,0,,0.0,,REVIEW,0.8
LN003126,23,0.0,0.0,0.0,0.0,Current,0,,0.0,,REVIEW,0.8
LN003126,24,0.0,0.0,0.0,0.0,Current,0,,0.0,,REVIEW,0.8
LN003127,1,0.0,0.0,0.0,0.0,Current,0,,0.0,,REVIEW,0.8
LN003127,2,0.0,0.0,0.0,0.0,Current,0,,0.0,,REVIEW,0.8
LN003127,3,0.0,0.0,0.0,0.0,Current,0,,0.0,,REVIEW,0.8
LN003127,4,0.0,0.0,0.0,0.0,Current,0,,0.0,,REVIEW,0.8
LN003127,5,0.0,0.0,0.0,0.0,Current,0,,0.0,,REVIEW,0.8
LN003127,6,0.0,0.0,0.0,0.0,Current,0,,0.0,,REVIEW,0.8
LN003127,7,0.0,0.0,0.0,0.0,Current,0,,0.0,,REVIEW,0.8
LN003127,8,0.0,0.0,0.0,0.0,Current,0,,0.0,,REVIEW,0.8
LN003127,9,0.0,0.0,0.0,0.0,Current,0,,0.0,,REVIEW,0.8
LN003127,10,0.0,0.0,0.0,0.0,Current,0,,0.0,,REVIEW,0.8
LN003127,11,0.0,0.0,0.0,0.0,Current,0,,0.0,,REVIEW,0.8
LN003127,12,0.0,0.0,0.0,0.0,Current,0,,0.0,,REVIEW,0.8
LN003127,13,0.0,0.0,0.0,0.0,Current,0,,0.0,,REVIEW,0.8
LN003127,14,0.0,0.0,0.0,0.0,Current,0,,0.0,,REVIEW,0.8
LN003127,15,0.0,0.0,0.0,0.0,Current,0,,0.0,,REVIEW,0.8
LN003127,16,0.0,0.0,0.0,0.0,Current,0,,0.0,,REVIEW,0.8
LN003127,17,0.0,0.0,0.0,0.0,Current,0,,0.0,,REVIEW,0.8
LN003127,18,0.0,0.0,0.0,0.0,Current,0,,0.0,,REVIEW,0.8
LN003127,19,0.0,0.0,0.0,0.0,Current,0,,0.0,,REVIEW,0.8
LN003127,20,0.0,0.0,0.0,0.0,Current,0,,0.0,,REVIEW,0.8
LN003127,21,0.0,0.0,0.0,0.0,Current,0,,0.0,,REVIEW,0.8
LN003127,22,0.0,0.0,0.0,0.0,Current,0,,0.0,,REVIEW,0.8
LN003127,23,0.0,0.0,0.0,0.0,Current,0,,0.0,,REVIEW,0.8
LN003127,24,0.0,0.0,0.0,0.0,Current,0,,0.0,,REVIEW,0.8
LN003128,1,0.0,0.0,0.0,0.0,Current,0,,0.0,,REVIEW,0.8
LN003128,2,0.0,0.0,0.0,0.0,Current,0,,0.0,,REVIEW,0.8
LN003128,3,0.0,0.0,0.0,0.0,Current,0,,0.0,,REVIEW,0.8
LN003128,4,0.0,0.0,0.0,0.0,Current,0,,0.0,,REVIEW,0.8
LN003128,5,0.0,0.0,0.0,0.0,Current,0,,0.0,,REVIEW,0.8
LN003128,6,0.0,0.0,0.0,0.0,Current,0,,0.0,,REVIEW,0.8
LN003128,7,0.0,0.0,0.0,0.0,Current,0,,0.0,,REVIEW,0.8
LN003128,8,0.0,0.0,0.0,0.0,Current,0,,0.0,,REVIEW,0.8
LN003128,9,0.0,0.0,0.0,0.0,Current,0,,0.0,,REVIEW,0.8
LN003128,10,0.0,0.0,0.0,0.0,Current,0,,0.0,,REVIEW,0.8
LN003128,11,0.0,0.0,0.0,0.0,Current,0,,0.0,,REVIEW,0.8
LN003128,12,0.0,0.0,0.0,0.0,Current,0,,0.0,,REVIEW,0.8
LN003128,13,0.0,0.0,0.0,0.0,Current,0,,0.0,,REVIEW,0.8
LN003128,14,0.0,0.0,0.0,0.0,Current,0,,0.0,,REVIEW,0.8
LN003128,15,0.0,0.0,0.0,0.0,Current,0,,0.0,,REVIEW,0.8
LN003128,16,0.0,0.0,0.0,0.0,Current,0,,0.0,,REVIEW,0.8
LN003128,17,0.0,0.0,0.0,0.0,Current,0,,0.0,,REVIEW,0.8
LN003128,18,0.0,0.0,0.0,0.0,Current,0,,0.0,,REVIEW,0.8
LN003128,19,0.0,0.0,0.0,0.0,Current,0,,0.0,,REVIEW,0.8
LN003128,20,0.0,0.0,0.0,0.0,Current,0,,0.0,,REVIEW,0.8
LN003128,21,0.0,0.0,0.0,0.0,Current,0,,0.0,,REVIEW,0.8
LN003128,22,0.0,0.0,0.0,0.0,Current,0,,0.0,,REVIEW,0.8
LN003128,23,0.0,0.0,0.0,0.0,Current,0,,0.0,,REVIEW,0.8
LN003128,24,0.0,0.0,0.0,0.0,Current,0,,0.0,,REVIEW,0.8
LN003129,1,0.0,0.0,0.0,0.0,Current,0,,0.0,,REVIEW,0.8
LN003129,2,0.0,0.0,0.0,0.0,Current,0,,0.0,,REVIEW,0.8
LN003129,3,0.0,0.0,0.0,0.0,Current,0,,0.0,,REVIEW,0.8
LN003129,4,0.0,0.0,0.0,0.0,Current,0,,0.0,,REVIEW,0.8
LN003129,5,0.0,0.0,0.0,0.0,Current,0,,0.0,,REVIEW,0.8
LN003129,6,0.0,0.0,0.0,0.0,Current,0,,0.0,,REVIEW,0.8
LN003129,7,0.0,0.0,0.0,0.0,Current,0,,0.0,,REVIEW,0.8
LN003129,8,0.0,0.0,0.0,0.0,Current,0,,0.0,,REVIEW,0.8
LN003129,9,0.0,0.0,0.0,0.0,Current,0,,0.0,,REVIEW,0.8
LN003129,10,0.0,0.0,0.0,0.0,Current,0,,0.0,,REVIEW,0.8
LN003129,11,0.0,0.0,0.0,0.0,Current,0,,0.0,,REVIEW,0.8
LN003129,12,0.0,0.0,0.0,0.0,Current,0,,0.0,,REVIEW,0.8
LN003129,13,0.0,0.0,0.0,0.0,Current,0,,0.0,,REVIEW,0.8
LN003129,14,0.0,0.0,0.0,0.0,Current,0,,0.0,,REVIEW,0.8
LN003129,15,0.0,0.0,0.0,0.0,Current,0,,0.0,,REVIEW,0.8
LN003129,16,0.0,0.0,0.0,0.0,Current,0,,0.0,,REVIEW,0.8
LN003129,17,0.0,0.0,0.0,0.0,Current,0,,0.0,,REVIEW,0.8
LN003129,18,0.0,0.0,0.0,0.0,Current,0,,0.0,,REVIEW,0.8
LN003129,19,0.0,0.0,0.0,0.0,Current,0,,0.0,,REVIEW,0.8
LN003129,20,0.0,0.0,0.0,0.0,Current,0,,0.0,,REVIEW,0.8
LN003129,21,0.0,0.0,0.0,0.0,Current,0,,0.0,,REVIEW,0.8
LN003129,22,0.0,0.0,0.0,0.0,Current,0,,0.0,,REVIEW,0.8
LN003129,23,0.0,0.0,0.0,0.0,Current,0,,0.0,,REVIEW,0.8
LN003129,24,0.0,0.0,0.0,0.0,Current,0,,0.0,,REVIEW,0.8
LN003130,1,0.0,0.0,0.0,0.0,Current,0,,0.0,,REVIEW,0.8
LN003130,2,0.0,0.0,0.0,0.0,Current,0,,0.0,,REVIEW,0.8
LN003130,3,0.0,0.0,0.0,0.0,Current,0,,0.0,,REVIEW,0.8
LN003130,4,0.0,0.0,0.0,0.0,Current,0,,0.0,,REVIEW,0.8
LN003130,5,0.0,0.0,0.0,0.0,Current,0,,0.0,,REVIEW,0.8
LN003130,6,0.0,0.0,0.0,0.0,Current,0,,0.0,,REVIEW,0.8
LN003130,7,0.0,0.0,0.0,0.0,Current,0,,0.0,,REVIEW,0.8
LN003130,8,0.0,0.0,0.0,0.0,Current,0,,0.0,,REVIEW,0.8
LN003130,9,0.0,0.0,0.0,0.0,Current,0,,0.0,,REVIEW,0.8
LN003130,10,0.0,0.0,0.0,0.0,Current,0,,0.0,,REVIEW,0.8
LN003130,11,0.0,0.0,0.0,0.0,Current,0,,0.0,,REVIEW,0.8
LN003130,12,0.0,0.0,0.0,0.0,Current,0,,0.0,,REVIEW,0.8
LN003130,13,0.0,0.0,0.0,0.0,Current,0,,0.0,,REVIEW,0.8
LN003130,14,0.0,0.0,0.0,0.0,Current,0,,0.0,,REVIEW,0.8
LN003130,15,0.0,0.0,0.0,0.0,Current,0,,0.0,,REVIEW,0.8
LN003130,16,0.0,0.0,0.0,0.0,Current,0,,0.0,,REVIEW,0.8
LN003130,17,0.0,0.0,0.0,0.0,Current,0,,0.0,,REVIEW,0.8
LN003130,18,0.0,0.0,0.0,0.0,Current,0,,0.0,,REVIEW,0.8
LN003130,19,0.0,0.0,0.0,0.0,Current,0,,0.0,,REVIEW,0.8
LN003130,20,0.0,0.0,0.0,0.0,Current,0,,0.0,,REVIEW,0.8
LN003130,21,0.0,0.0,0.0,0.0,Current,0,,0.0,,REVIEW,0.8
LN003130,22,0.0,0.0,0.0,0.0,Current,0,,0.0,,REVIEW,0.8
LN003130,23,0.0,0.0,0.0,0.0,Current,0,,0.0,,REVIEW,0.8
LN003130,24,0.0,0.0,0.0,0.0,Current,0,,0.0,,REVIEW,0.8
LN003131,1,0.0,0.0,0.0,0.0,Current,0,,0.0,,REVIEW,0.8
LN003131,2,0.0,0.0,0.0,0.0,Current,0,,0.0,,REVIEW,0.8
LN003131,3,0.0,0.0,0.0,0.0,Current,0,,0.0,,REVIEW,0.8
LN003131,4,0.0,0.0,0.0,0.0,Current,0,,0.0,,REVIEW,0.8
LN003131,5,0.0,0.0,0.0,0.0,Current,0,,0.0,,REVIEW,0.8
LN003131,6,0.0,0.0,0.0,0.0,Current,0,,0.0,,REVIEW,0.8
LN003131,7,0.0,0.0,0.0,0.0,Current,0,,0.0,,REVIEW,0.8
LN003131,8,0.0,0.0,0.0,0.0,Current,0,,0.0,,REVIEW,0.8
LN003131,9,0.0,0.0,0.0,0.0,Current,0,,0.0,,REVIEW,0.8
LN003131,10,0.0,0.0,0.0,0.0,Current,0,,0.0,,REVIEW,0.8
LN003131,11,0.0,0.0,0.0,0.0,Current,0,,0.0,,REVIEW,0.8
LN003131,12,0.0,0.0,0.0,0.0,Current,0,,0.0,,REVIEW,0.8
LN003131,13,0.0,0.0,0.0,0.0,Current,0,,0.0,,REVIEW,0.8
LN003131,14,0.0,0.0,0.0,0.0,Current,0,,0.0,,REVIEW,0.8
LN003131,15,0.0,0.0,0.0,0.0,Current,0,,0.0,,REVIEW,0.8
LN003131,16,0.0,0.0,0.0,0.0,Current,0,,0.0,,REVIEW,0.8
LN003131,17,0.0,0.0,0.0,0.0,Current,0,,0.0,,REVIEW,0.8
LN003131,18,0.0,0.0,0.0,0.0,Current,0,,0.0,,REVIEW,0.8
LN003131,19,0.0,0.0,0.0,0.0,Current,0,,0.0,,REVIEW,0.8
LN003131,20,0.0,0.0,0.0,0.0,Current,0,,0.0,,REVIEW,0.8
LN003131,21,0.0,0.0,0.0,0.0,Current,0,,0.0,,REVIEW,0.8
LN003131,22,0.0,0.0,0.0,0.0,Current,0,,0.0,,REVIEW,0.8
LN003131,23,0.0,0.0,0.0,0.0,Current,0,,0.0,,REVIEW,0.8
LN003131,24,0.0,0.0,0.0,0.0,Current,0,,0.0,,REVIEW,0.8
LN003132,1,0.0,0.0,0.0,0.0,Current,0,,0.0,,REVIEW,0.8
LN003132,2,0.0,0.0,0.0,0.0,Current,0,,0.0,,REVIEW,0.8
LN003132,3,0.0,0.0,0.0,0.0,Current,0,,0.0,,REVIEW,0.8
LN003132,4,0.0,0.0,0.0,0.0,Current,0,,0.0,,REVIEW,0.8
LN003132,5,0.0,0.0,0.0,0.0,Current,0,,0.0,,REVIEW,0.8
LN003132,6,0.0,0.0,0.0,0.0,Current,0,,0.0,,REVIEW,0.8
LN003132,7,0.0,0.0,0.0,0.0,Current,0,,0.0,,REVIEW,0.8
LN003132,8,0.0,0.0,0.0,0.0,Current,0,,0.0,,REVIEW,0.8
LN003132,9,0.0,0.0,0.0,0.0,Current,0,,0.0,,REVIEW,0.8
LN003132,10,0.0,0.0,0.0,0.0,Current,0,,0.0,,REVIEW,0.8
LN003132,11,0.0,0.0,0.0,0.0,Current,0,,0.0,,REVIEW,0.8
LN003132,12,0.0,0.0,0.0,0.0,Current,0,,0.0,,REVIEW,0.8
LN003132,13,0.0,0.0,0.0,0.0,Current,0,,0.0,,REVIEW,0.8
LN003132,14,0.0,0.0,0.0,0.0,Current,0,,0.0,,REVIEW,0.8
LN003132,15,0.0,0.0,0.0,0.0,Current,0,,0.0,,REVIEW,0.8
LN003132,16,0.0,0.0,0.0,0.0,Current,0,,0.0,,REVIEW,0.8
LN003132,17,0.0,0.0,0.0,0.0,Current,0,,0.0,,REVIEW,0.8
LN003132,18,0.0,0.0,0.0,0.0,Current,0,,0.0,,REVIEW,0.8
LN003132,19,0.0,0.0,0.0,0.0,Current,0,,0.0,,REVIEW,0.8
LN003132,20,0.0,0.0,0.0,0.0,Current,0,,0.0,,REVIEW,0.8
LN003132,21,0.0,0.0,0.0,0.0,Current,0,,0.0,,REVIEW,0.8
LN003133,1,0.0,0.0,0.0,0.0,Current,0,,0.0,,REVIEW,0.8
LN003133,2,0.0,0.0,0.0,0.0,Current,0,,0.0,,REVIEW,0.8
LN003133,3,0.0,0.0,0.0,0.0,Current,0,,0.0,,REVIEW,0.8
LN003133,4,0.0,0.0,0.0,0.0,Current,0,,0.0,,REVIEW,0.8
LN003133,5,0.0,0.0,0.0,0.0,Current,0,,0.0,,REVIEW,0.8
LN003133,6,0.0,0.0,0.0,0.0,Current,0,,0.0,,REVIEW,0.8
LN003133,7,0.0,0.0,0.0,0.0,Current,0,,0.0,,REVIEW,0.8
LN003133,8,0.0,0.0,0.0,0.0,Current,0,,0.0,,REVIEW,0.8
LN003133,9,0.0,0.0,0.0,0.0,Current,0,,0.0,,REVIEW,0.8
LN003133,10,0.0,0.0,0.0,0.0,Current,0,,0.0,,REVIEW,0.8
LN003133,11,0.0,0.0,0.0,0.0,Current,0,,0.0,,REVIEW,0.8
LN003133,12,0.0,0.0,0.0,0.0,Current,0,,0.0,,REVIEW,0.8
LN003133,13,0.0,0.0,0.0,0.0,Current,0,,0.0,,REVIEW,0.8
LN003133,14,0.0,0.0,0.0,0.0,Current,0,,0.0,,REVIEW,0.8
LN003133,15,0.0,0.0,0.0,0.0,Current,0,,0.0,,REVIEW,0.8
LN003133,16,0.0,0.0,0.0,0.0,Current,0,,0.0,,REVIEW,0.8
LN003133,17,0.0,0.0,0.0,0.0,Current,0,,0.0,,REVIEW,0.8
LN003133,18,0.0,0.0,0.0,0.0,Current,0,,0.0,,REVIEW,0.8
LN003133,19,0.0,0.0,0.0,0.0,Current,0,,0.0,,REVIEW,0.8
LN003133,20,0.0,0.0,0.0,0.0,Current,0,,0.0,,REVIEW,0.8
LN003133,21,0.0,0.0,0.0,0.0,Current,0,,0.0,,REVIEW,0.8
LN003133,22,0.0,0.0,0.0,0.0,Current,0,,0.0,,REVIEW,0.8
LN003134,1,0.0,0.0,0.0,0.0,Current,0,,0.0,,REVIEW,0.8
LN003134,2,0.0,0.0,0.0,0.0,Current,0,,0.0,,REVIEW,0.8
LN003134,3,0.0,0.0,0.0,0.0,Current,0,,0.0,,REVIEW,0.8
LN003134,4,0.0,0.0,0.0,0.0,Current,0,,0.0,,REVIEW,0.8
LN003134,5,0.0,0.0,0.0,0.0,Current,0,,0.0,,REVIEW,0.8
LN003134,6,0.0,0.0,0.0,0.0,Current,0,,0.0,,REVIEW,0.8
LN003134,7,0.0,0.0,0.0,0.0,Current,0,,0.0,,REVIEW,0.8
LN003134,8,0.0,0.0,0.0,0.0,Current,0,,0.0,,REVIEW,0.8
LN003134,9,0.0,0.0,0.0,0.0,Current,0,,0.0,,REVIEW,0.8
LN003134,10,0.0,0.0,0.0,0.0,Current,0,,0.0,,REVIEW,0.8
LN003134,11,0.0,0.0,0.0,0.0,Current,0,,0.0,,REVIEW,0.8
LN003134,12,0.0,0.0,0.0,0.0,Current,0,,0.0,,REVIEW,0.8
LN003134,13,0.0,0.0,0.0,0.0,Current,0,,0.0,,REVIEW,0.8
LN003134,14,0.0,0.0,0.0,0.0,Current,0,,0.0,,REVIEW,0.8
LN003134,15,0.0,0.0,0.0,0.0,Current,0,,0.0,,REVIEW,0.8
LN003134,16,0.0,0.0,0.0,0.0,Current,0,,0.0,,REVIEW,0.8
LN003134,17,0.0,0.0,0.0,0.0,Current,0,,0.0,,REVIEW,0.8
LN003134,18,0.0,0.0,0.0,0.0,Current,0,,0.0,,REVIEW,0.8
LN003134,19,0.0,0.0,0.0,0.0,Current,0,,0.0,,REVIEW,0.8
LN003134,20,0.0,0.0,0.0,0.0,Current,0,,0.0,,REVIEW,0.8
LN003134,21,0.0,0.0,0.0,0.0,Current,0,,0.0,,REVIEW,0.8
LN003134,22,0.0,0.0,0.0,0.0,Current,0,,0.0,,REVIEW,0.8
LN003134,23,0.0,0.0,0.0,0.0,Current,0,,0.0,,REVIEW,0.8
LN003134,24,0.0,0.0,0.0,0.0,Current,0,,0.0,,REVIEW,0.8
LN003135,1,0.0,0.0,0.0,0.0,Current,0,,0.0,,REVIEW,0.8
LN003135,2,0.0,0.0,0.0,0.0,Current,0,,0.0,,REVIEW,0.8
LN003135,3,0.0,0.0,0.0,0.0,Current,0,,0.0,,REVIEW,0.8
LN003135,4,0.0,0.0,0.0,0.0,Current,0,,0.0,,REVIEW,0.8
LN003135,5,0.0,0.0,0.0,0.0,Current,0,,0.0,,REVIEW,0.8
LN003135,6,0.0,0.0,0.0,0.0,Current,0,,0.0,,REVIEW,0.8
LN003135,7,0.0,0.0,0.0,0.0,Current,0,,0.0,,REVIEW,0.8
LN003135,8,0.0,0.0,0.0,0.0,Current,0,,0.0,,REVIEW,0.8
LN003135,9,0.0,0.0,0.0,0.0,Current,0,,0.0,,REVIEW,0.8
LN003135,10,0.0,0.0,0.0,0.0,Current,0,,0.0,,REVIEW,0.8
LN003135,11,0.0,0.0,0.0,0.0,Current,0,,0.0,,REVIEW,0.8
LN003135,12,0.0,0.0,0.0,0.0,Current,0,,0.0,,REVIEW,0.8
LN003135,13,0.0,0.0,0.0,0.0,Current,0,,0.0,,REVIEW,0.8
LN003135,14,0.0,0.0,0.0,0.0,Current,0,,0.0,,REVIEW,0.8
LN003135,15,0.0,0.0,0.0,0.0,Current,0,,0.0,,REVIEW,0.8
LN003135,16,0.0,0.0,0.0,0.0,Current,0,,0.0,,REVIEW,0.8
LN003135,17,0.0,0.0,0.0,0.0,Current,0,,0.0,,REVIEW,0.8
LN003135,18,0.0,0.0,0.0,0.0,Current,0,,0.0,,REVIEW,0.8
LN003135,19,0.0,0.0,0.0,0.0,Current,0,,0.0,,REVIEW,0.8
LN003135,20,0.0,0.0,0.0,0.0,Current,0,,0.0,,REVIEW,0.8
LN003135,21,0.0,0.0,0.0,0.0,Current,0,,0.0,,REVIEW,0.8
LN003135,22,0.0,0.0,0.0,0.0,Current,0,,0.0,,REVIEW,0.8
LN003135,23,0.0,0.0,0.0,0.0,Current,0,,0.0,,REVIEW,0.8
LN003135,24,0.0,0.0,0.0,0.0,Current,0,,0.0,,REVIEW,0.8
LN003136,1,0.0,0.0,0.0,0.0,Current,0,,0.0,,REVIEW,0.8
LN003136,2,0.0,0.0,0.0,0.0,Current,0,,0.0,,REVIEW,0.8
LN003136,3,0.0,0.0,0.0,0.0,Current,0,,0.0,,REVIEW,0.8
LN003136,4,0.0,0.0,0.0,0.0,Current,0,,0.0,,REVIEW,0.8
LN003136,5,0.0,0.0,0.0,0.0,Current,0,,0.0,,REVIEW,0.8
LN003136,6,0.0,0.0,0.0,0.0,Current,0,,0.0,,REVIEW,0.8
LN003136,7,0.0,0.0,0.0,0.0,Current,0,,0.0,,REVIEW,0.8
LN003136,8,0.0,0.0,0.0,0.0,Current,0,,0.0,,REVIEW,0.8
LN003136,9,0.0,0.0,0.0,0.0,Current,0,,0.0,,REVIEW,0.8
LN003136,10,0.0,0.0,0.0,0.0,Current,0,,0.0,,REVIEW,0.8
LN003136,11,0.0,0.0,0.0,0.0,Current,0,,0.0,,REVIEW,0.8
LN003136,12,0.0,0.0,0.0,0.0,Current,0,,0.0,,REVIEW,0.8
LN003136,13,0.0,0.0,0.0,0.0,Current,0,,0.0,,REVIEW,0.8
LN003136,14,0.0,0.0,0.0,0.0,Current,0,,0.0,,REVIEW,0.8
LN003136,15,0.0,0.0,0.0,0.0,Current,0,,0.0,,REVIEW,0.8
LN003136,16,0.0,0.0,0.0,0.0,Current,0,,0.0,,REVIEW,0.8
LN003136,17,0.0,0.0,0.0,0.0,Current,0,,0.0,,REVIEW,0.8
LN003136,18,0.0,0.0,0.0,0.0,Current,0,,0.0,,REVIEW,0.8
LN003136,19,0.0,0.0,0.0,0.0,Current,0,,0.0,,REVIEW,0.8
LN003136,20,0.0,0.0,0.0,0.0,Current,0,,0.0,,REVIEW,0.8
LN003136,21,0.0,0.0,0.0,0.0,Current,0,,0.0,,REVIEW,0.8
LN003136,22,0.0,0.0,0.0,0.0,Current,0,,0.0,,REVIEW,0.8
LN003136,23,0.0,0.0,0.0,0.0,Current,0,,0.0,,REVIEW,0.8
LN003136,24,0.0,0.0,0.0,0.0,Current,0,,0.0,,REVIEW,0.8
LN003137,1,0.0,0.0,0.0,0.0,Current,0,,0.0,,REVIEW,0.8
LN003137,2,0.0,0.0,0.0,0.0,Current,0,,0.0,,REVIEW,0.8
LN003137,3,0.0,0.0,0.0,0.0,Current,0,,0.0,,REVIEW,0.8
LN003137,4,0.0,0.0,0.0,0.0,Current,0,,0.0,,REVIEW,0.8
LN003137,5,0.0,0.0,0.0,0.0,Current,0,,0.0,,REVIEW,0.8
LN003137,6,0.0,0.0,0.0,0.0,Current,0,,0.0,,REVIEW,0.8
LN003137,7,0.0,0.0,0.0,0.0,Current,0,,0.0,,REVIEW,0.8
LN003137,8,0.0,0.0,0.0,0.0,Current,0,,0.0,,REVIEW,0.8
LN003137,9,0.0,0.0,0.0,0.0,Current,0,,0.0,,REVIEW,0.8
LN003137,10,0.0,0.0,0.0,0.0,Current,0,,0.0,,REVIEW,0.8
LN003137,11,0.0,0.0,0.0,0.0,Current,0,,0.0,,REVIEW,0.8
LN003137,12,0.0,0.0,0.0,0.0,Current,0,,0.0,,REVIEW,0.8
LN003137,13,0.0,0.0,0.0,0.0,Current,0,,0.0,,REVIEW,0.8
LN003137,14,0.0,0.0,0.0,0.0,Current,0,,0.0,,REVIEW,0.8
LN003137,15,0.0,0.0,0.0,0.0,Current,0,,0.0,,REVIEW,0.8
LN003137,16,0.0,0.0,0.0,0.0,Current,0,,0.0,,REVIEW,0.8
LN003137,17,0.0,0.0,0.0,0.0,Current,0,,0.0,,REVIEW,0.8
LN003137,18,0.0,0.0,0.0,0.0,Current,0,,0.0,,REVIEW,0.8
LN003137,19,0.0,0.0,0.0,0.0,Current,0,,0.0,,REVIEW,0.8
LN003137,20,0.0,0.0,0.0,0.0,Current,0,,0.0,,REVIEW,0.8
LN003137,21,0.0,0.0,0.0,0.0,Current,0,,0.0,,REVIEW,0.8
LN003137,22,0.0,0.0,0.0,0.0,Current,0,,0.0,,REVIEW,0.8
LN003137,23,0.0,0.0,0.0,0.0,Current,0,,0.0,,REVIEW,0.8
LN003137,24,0.0,0.0,0.0,0.0,Current,0,,0.0,,REVIEW,0.8
LN003138,1,0.0,0.0,0.0,0.0,Current,0,,0.0,,REVIEW,0.8
LN003138,2,0.0,0.0,0.0,0.0,Current,0,,0.0,,REVIEW,0.8
LN003138,3,0.0,0.0,0.0,0.0,Current,0,,0.0,,REVIEW,0.8
LN003138,4,0.0,0.0,0.0,0.0,Current,0,,0.0,,REVIEW,0.8
LN003138,5,0.0,0.0,0.0,0.0,Current,0,,0.0,,REVIEW,0.8
LN003138,6,0.0,0.0,0.0,0.0,Current,0,,0.0,,REVIEW,0.8
LN003138,7,0.0,0.0,0.0,0.0,Current,0,,0.0,,REVIEW,0.8
LN003138,8,0.0,0.0,0.0,0.0,Current,0,,0.0,,REVIEW,0.8
LN003138,9,0.0,0.0,0.0,0.0,Current,0,,0.0,,REVIEW,0.8
LN003138,10,0.0,0.0,0.0,0.0,Current,0,,0.0,,REVIEW,0.8
LN003138,11,0.0,0.0,0.0,0.0,Current,0,,0.0,,REVIEW,0.8
LN003138,12,0.0,0.0,0.0,0.0,Current,0,,0.0,,REVIEW,0.8
LN003138,13,0.0,0.0,0.0,0.0,Current,0,,0.0,,REVIEW,0.8
LN003138,14,0.0,0.0,0.0,0.0,Current,0,,0.0,,REVIEW,0.8
LN003138,15,0.0,0.0,0.0,0.0,Current,0,,0.0,,REVIEW,0.8
LN003138,16,0.0,0.0,0.0,0.0,Current,0,,0.0,,REVIEW,0.8
LN003138,17,0.0,0.0,0.0,0.0,Current,0,,0.0,,REVIEW,0.8
LN003138,18,0.0,0.0,0.0,0.0,Current,0,,0.0,,REVIEW,0.8
LN003138,19,0.0,0.0,0.0,0.0,Current,0,,0.0,,REVIEW,0.8
LN003138,20,0.0,0.0,0.0,0.0,Current,0,,0.0,,REVIEW,0.8
LN003138,21,0.0,0.0,0.0,0.0,Current,0,,0.0,,REVIEW,0.8
LN003138,22,0.0,0.0,0.0,0.0,Current,0,,0.0,,REVIEW,0.8
LN003138,23,0.0,0.0,0.0,0.0,Current,0,,0.0,,REVIEW,0.8
LN003138,24,0.0,0.0,0.0,0.0,Current,0,,0.0,,REVIEW,0.8
LN003139,1,0.0,0.0,0.0,0.0,Current,0,,0.0,,REVIEW,0.8
LN003139,2,0.0,0.0,0.0,0.0,Current,0,,0.0,,REVIEW,0.8
LN003139,3,0.0,0.0,0.0,0.0,Current,0,,0.0,,REVIEW,0.8
LN003139,4,0.0,0.0,0.0,0.0,Current,0,,0.0,,REVIEW,0.8
LN003139,5,0.0,0.0,0.0,0.0,Current,0,,0.0,,REVIEW,0.8
LN003139,6,0.0,0.0,0.0,0.0,Current,0,,0.0,,REVIEW,0.8
LN003139,7,0.0,0.0,0.0,0.0,Current,0,,0.0,,REVIEW,0.8
LN003139,8,0.0,0.0,0.0,0.0,Current,0,,0.0,,REVIEW,0.8
LN003139,9,0.0,0.0,0.0,0.0,Current,0,,0.0,,REVIEW,0.8
LN003139,10,0.0,0.0,0.0,0.0,Current,0,,0.0,,REVIEW,0.8
LN003139,11,0.0,0.0,0.0,0.0,Current,0,,0.0,,REVIEW,0.8
LN003139,12,0.0,0.0,0.0,0.0,Current,0,,0.0,,REVIEW,0.8
LN003139,13,0.0,0.0,0.0,0.0,Current,0,,0.0,,REVIEW,0.8
LN003139,14,0.0,0.0,0.0,0.0,Current,0,,0.0,,REVIEW,0.8
LN003139,15,0.0,0.0,0.0,0.0,Current,0,,0.0,,REVIEW,0.8
LN003139,16,0.0,0.0,0.0,0.0,Current,0,,0.0,,REVIEW,0.8
LN003139,17,0.0,0.0,0.0,0.0,Current,0,,0.0,,REVIEW,0.8
LN003139,18,0.0,0.0,0.0,0.0,Current,0,,0.0,,REVIEW,0.8
LN003139,19,0.0,0.0,0.0,0.0,Current,0,,0.0,,REVIEW,0.8
LN003139,20,0.0,0.0,0.0,0.0,Current,0,,0.0,,REVIEW,0.8
LN003139,21,0.0,0.0,0.0,0.0,Current,0,,0.0,,REVIEW,0.8
LN003139,22,0.0,0.0,0.0,0.0,Current,0,,0.0,,REVIEW,0.8
LN003139,23,0.0,0.0,0.0,0.0,Current,0,,0.0,,REVIEW,0.8
LN003139,24,0.0,0.0,0.0,0.0,Current,0,,0.0,,REVIEW,0.8
LN003140,1,0.0,0.0,0.0,0.0,Current,0,,0.0,,REVIEW,0.8
LN003140,2,0.0,0.0,0.0,0.0,Current,0,,0.0,,REVIEW,0.8
LN003140,3,0.0,0.0,0.0,0.0,Current,0,,0.0,,REVIEW,0.8
LN003140,4,0.0,0.0,0.0,0.0,Current,0,,0.0,,REVIEW,0.8
LN003140,5,0.0,0.0,0.0,0.0,Current,0,,0.0,,REVIEW,0.8
LN003140,6,0.0,0.0,0.0,0.0,Current,0,,0.0,,REVIEW,0.8
LN003140,7,0.0,0.0,0.0,0.0,Current,0,,0.0,,REVIEW,0.8
LN003140,8,0.0,0.0,0.0,0.0,Current,0,,0.0,,REVIEW,0.8
LN003140,9,0.0,0.0,0.0,0.0,Current,0,,0.0,,REVIEW,0.8
LN003140,10,0.0,0.0,0.0,0.0,Current,0,,0.0,,REVIEW,0.8
LN003140,11,0.0,0.0,0.0,0.0,Current,0,,0.0,,REVIEW,0.8
LN003140,12,0.0,0.0,0.0,0.0,Current,0,,0.0,,REVIEW,0.8
LN003140,13,0.0,0.0,0.0,0.0,Current,0,,0.0,,REVIEW,0.8
LN003140,14,0.0,0.0,0.0,0.0,Current,0,,0.0,,REVIEW,0.8
LN003140,15,0.0,0.0,0.0,0.0,Current,0,,0.0,,REVIEW,0.8
LN003140,16,0.0,0.0,0.0,0.0,Current,0,,0.0,,REVIEW,0.8
LN003141,1,0.0,0.0,0.0,0.0,Current,0,,0.0,,REVIEW,0.8
LN003141,2,0.0,0.0,0.0,0.0,Current,0,,0.0,,REVIEW,0.8
LN003141,3,0.0,0.0,0.0,0.0,Current,0,,0.0,,REVIEW,0.8
LN003141,4,0.0,0.0,0.0,0.0,Current,0,,0.0,,REVIEW,0.8
LN003141,5,0.0,0.0,0.0,0.0,Current,0,,0.0,,REVIEW,0.8
LN003141,6,0.0,0.0,0.0,0.0,Current,0,,0.0,,REVIEW,0.8
LN003141,7,0.0,0.0,0.0,0.0,Current,0,,0.0,,REVIEW,0.8
LN003141,8,0.0,0.0,0.0,0.0,Current,0,,0.0,,REVIEW,0.8
LN003141,9,0.0,0.0,0.0,0.0,Current,0,,0.0,,REVIEW,0.8
LN003141,10,0.0,0.0,0.0,0.0,Current,0,,0.0,,REVIEW,0.8
LN003141,11,0.0,0.0,0.0,0.0,Current,0,,0.0,,REVIEW,0.8
LN003141,12,0.0,0.0,0.0,0.0,Current,0,,0.0,,REVIEW,0.8
LN003141,13,0.0,0.0,0.0,0.0,Current,0,,0.0,,REVIEW,0.8
LN003141,14,0.0,0.0,0.0,0.0,Current,0,,0.0,,REVIEW,0.8
LN003141,15,0.0,0.0,0.0,0.0,Current,0,,0.0,,REVIEW,0.8
LN003141,16,0.0,0.0,0.0,0.0,Current,0,,0.0,,REVIEW,0.8
LN003141,17,0.0,0.0,0.0,0.0,Current,0,,0.0,,REVIEW,0.8
LN003141,18,0.0,0.0,0.0,0.0,Current,0,,0.0,,REVIEW,0.8
LN003141,19,0.0,0.0,0.0,0.0,Current,0,,0.0,,REVIEW,0.8
LN003141,20,0.0,0.0,0.0,0.0,Current,0,,0.0,,REVIEW,0.8
LN003141,21,0.0,0.0,0.0,0.0,Current,0,,0.0,,REVIEW,0.8
LN003141,22,0.0,0.0,0.0,0.0,Current,0,,0.0,,REVIEW,0.8
LN003141,23,0.0,0.0,0.0,0.0,Current,0,,0.0,,REVIEW,0.8
LN003141,24,0.0,0.0,0.0,0.0,Current,0,,0.0,,REVIEW,0.8
LN003142,1,0.0,0.0,0.0,0.0,Current,0,,0.0,,REVIEW,0.8
LN003142,2,0.0,0.0,0.0,0.0,Current,0,,0.0,,REVIEW,0.8
LN003142,3,0.0,0.0,0.0,0.0,Current,0,,0.0,,REVIEW,0.8
LN003142,4,0.0,0.0,0.0,0.0,Current,0,,0.0,,REVIEW,0.8
LN003142,5,0.0,0.0,0.0,0.0,Current,0,,0.0,,REVIEW,0.8
LN003142,6,0.0,0.0,0.0,0.0,Current,0,,0.0,,REVIEW,0.8
LN003142,7,0.0,0.0,0.0,0.0,Current,0,,0.0,,REVIEW,0.8
LN003142,8,0.0,0.0,0.0,0.0,Current,0,,0.0,,REVIEW,0.8
LN003142,9,0.0,0.0,0.0,0.0,Current,0,,0.0,,REVIEW,0.8
LN003142,10,0.0,0.0,0.0,0.0,Current,0,,0.0,,REVIEW,0.8
LN003142,11,0.0,0.0,0.0,0.0,Current,0,,0.0,,REVIEW,0.8
LN003142,12,0.0,0.0,0.0,0.0,Current,0,,0.0,,REVIEW,0.8
LN003142,13,0.0,0.0,0.0,0.0,Current,0,,0.0,,REVIEW,0.8
LN003142,14,0.0,0.0,0.0,0.0,Current,0,,0.0,,REVIEW,0.8
LN003142,15,0.0,0.0,0.0,0.0,Current,0,,0.0,,REVIEW,0.8
LN003142,16,0.0,0.0,0.0,0.0,Current,0,,0.0,,REVIEW,0.8
LN003142,17,0.0,0.0,0.0,0.0,Current,0,,0.0,,REVIEW,0.8
LN003142,18,0.0,0.0,0.0,0.0,Current,0,,0.0,,REVIEW,0.8
LN003142,19,0.0,0.0,0.0,0.0,Current,0,,0.0,,REVIEW,0.8
LN003142,20,0.0,0.0,0.0,0.0,Current,0,,0.0,,REVIEW,0.8
LN003142,21,0.0,0.0,0.0,0.0,Current,0,,0.0,,REVIEW,0.8
LN003142,22,0.0,0.0,0.0,0.0,Current,0,,0.0,,REVIEW,0.8
LN003142,23,0.0,0.0,0.0,0.0,Current,0,,0.0,,REVIEW,0.8
LN003142,24,0.0,0.0,0.0,0.0,Current,0,,0.0,,REVIEW,0.8
LN003143,1,0.0,0.0,0.0,0.0,Current,0,,0.0,,REVIEW,0.8
LN003143,2,0.0,0.0,0.0,0.0,Current,0,,0.0,,REVIEW,0.8
LN003143,3,0.0,0.0,0.0,0.0,Current,0,,0.0,,REVIEW,0.8
LN003143,4,0.0,0.0,0.0,0.0,Current,0,,0.0,,REVIEW,0.8
LN003143,5,0.0,0.0,0.0,0.0,Current,0,,0.0,,REVIEW,0.8
LN003143,6,0.0,0.0,0.0,0.0,Current,0,,0.0,,REVIEW,0.8
LN003143,7,0.0,0.0,0.0,0.0,Current,0,,0.0,,REVIEW,0.8
LN003143,8,0.0,0.0,0.0,0.0,Current,0,,0.0,,REVIEW,0.8
LN003143,9,0.0,0.0,0.0,0.0,Current,0,,0.0,,REVIEW,0.8
LN003143,10,0.0,0.0,0.0,0.0,Current,0,,0.0,,REVIEW,0.8
LN003143,11,0.0,0.0,0.0,0.0,Current,0,,0.0,,REVIEW,0.8
LN003143,12,0.0,0.0,0.0,0.0,Current,0,,0.0,,REVIEW,0.8
LN003143,13,0.0,0.0,0.0,0.0,Current,0,,0.0,,REVIEW,0.8
LN003143,14,0.0,0.0,0.0,0.0,Current,0,,0.0,,REVIEW,0.8
LN003143,15,0.0,0.0,0.0,0.0,Current,0,,0.0,,REVIEW,0.8
LN003143,16,0.0,0.0,0.0,0.0,Current,0,,0.0,,REVIEW,0.8
LN003143,17,0.0,0.0,0.0,0.0,Current,0,,0.0,,REVIEW,0.8
LN003143,18,0.0,0.0,0.0,0.0,Current,0,,0.0,,REVIEW,0.8
LN003143,19,0.0,0.0,0.0,0.0,Current,0,,0.0,,REVIEW,0.8
LN003143,20,0.0,0.0,0.0,0.0,Current,0,,0.0,,REVIEW,0.8
LN003143,21,0.0,0.0,0.0,0.0,Current,0,,0.0,,REVIEW,0.8
LN003143,22,0.0,0.0,0.0,0.0,Current,0,,0.0,,REVIEW,0.8
LN003143,23,0.0,0.0,0.0,0.0,Current,0,,0.0,,REVIEW,0.8
LN003143,24,0.0,0.0,0.0,0.0,Current,0,,0.0,,REVIEW,0.8
LN003144,1,0.0,0.0,0.0,0.0,Current,0,,0.0,,REVIEW,0.8
LN003144,2,0.0,0.0,0.0,0.0,Current,0,,0.0,,REVIEW,0.8
LN003144,3,0.0,0.0,0.0,0.0,Current,0,,0.0,,REVIEW,0.8
LN003144,4,0.0,0.0,0.0,0.0,Current,0,,0.0,,REVIEW,0.8
LN003144,5,0.0,0.0,0.0,0.0,Current,0,,0.0,,REVIEW,0.8
LN003144,6,0.0,0.0,0.0,0.0,Current,0,,0.0,,REVIEW,0.8
LN003144,7,0.0,0.0,0.0,0.0,Current,0,,0.0,,REVIEW,0.8
LN003144,8,0.0,0.0,0.0,0.0,Current,0,,0.0,,REVIEW,0.8
LN003144,9,0.0,0.0,0.0,0.0,Current,0,,0.0,,REVIEW,0.8
LN003144,10,0.0,0.0,0.0,0.0,Current,0,,0.0,,REVIEW,0.8
LN003144,11,0.0,0.0,0.0,0.0,Current,0,,0.0,,REVIEW,0.8
LN003144,12,0.0,0.0,0.0,0.0,Current,0,,0.0,,REVIEW,0.8
LN003144,13,0.0,0.0,0.0,0.0,Current,0,,0.0,,REVIEW,0.8
LN003144,14,0.0,0.0,0.0,0.0,Current,0,,0.0,,REVIEW,0.8
LN003144,15,0.0,0.0,0.0,0.0,Current,0,,0.0,,REVIEW,0.8
LN003144,16,0.0,0.0,0.0,0.0,Current,0,,0.0,,REVIEW,0.8
LN003144,17,0.0,0.0,0.0,0.0,Current,0,,0.0,,REVIEW,0.8
LN003144,18,0.0,0.0,0.0,0.0,Current,0,,0.0,,REVIEW,0.8
LN003144,19,0.0,0.0,0.0,0.0,Current,0,,0.0,,REVIEW,0.8
LN003144,20,0.0,0.0,0.0,0.0,Current,0,,0.0,,REVIEW,0.8
LN003144,21,0.0,0.0,0.0,0.0,Current,0,,0.0,,REVIEW,0.8
LN003144,22,0.0,0.0,0.0,0.0,Current,0,,0.0,,REVIEW,0.8
LN003144,23,0.0,0.0,0.0,0.0,Current,0,,0.0,,REVIEW,0.8
LN003144,24,0.0,0.0,0.0,0.0,Current,0,,0.0,,REVIEW,0.8
LN003145,1,0.0,0.0,0.0,0.0,Current,0,,0.0,,REVIEW,0.8
LN003145,2,0.0,0.0,0.0,0.0,Current,0,,0.0,,REVIEW,0.8
LN003145,3,0.0,0.0,0.0,0.0,Current,0,,0.0,,REVIEW,0.8
LN003145,4,0.0,0.0,0.0,0.0,Current,0,,0.0,,REVIEW,0.8
LN003145,5,0.0,0.0,0.0,0.0,Current,0,,0.0,,REVIEW,0.8
LN003145,6,0.0,0.0,0.0,0.0,Current,0,,0.0,,REVIEW,0.8
LN003145,7,0.0,0.0,0.0,0.0,Current,0,,0.0,,REVIEW,0.8
LN003145,8,0.0,0.0,0.0,0.0,Current,0,,0.0,,REVIEW,0.8
LN003145,9,0.0,0.0,0.0,0.0,Current,0,,0.0,,REVIEW,0.8
LN003145,10,0.0,0.0,0.0,0.0,Current,0,,0.0,,REVIEW,0.8
LN003145,11,0.0,0.0,0.0,0.0,Current,0,,0.0,,REVIEW,0.8
LN003145,12,0.0,0.0,0.0,0.0,Current,0,,0.0,,REVIEW,0.8
LN003145,13,0.0,0.0,0.0,0.0,Current,0,,0.0,,REVIEW,0.8
LN003145,14,0.0,0.0,0.0,0.0,Current,0,,0.0,,REVIEW,0.8
LN003145,15,0.0,0.0,0.0,0.0,Current,0,,0.0,,REVIEW,0.8
LN003145,16,0.0,0.0,0.0,0.0,Current,0,,0.0,,REVIEW,0.8
LN003145,17,0.0,0.0,0.0,0.0,Current,0,,0.0,,REVIEW,0.8
LN003145,18,0.0,0.0,0.0,0.0,Current,0,,0.0,,REVIEW,0.8
LN003145,19,0.0,0.0,0.0,0.0,Current,0,,0.0,,REVIEW,0.8
LN003145,20,0.0,0.0,0.0,0.0,Current,0,,0.0,,REVIEW,0.8
LN003145,21,0.0,0.0,0.0,0.0,Current,0,,0.0,,REVIEW,0.8
LN003145,22,0.0,0.0,0.0,0.0,Current,0,,0.0,,REVIEW,0.8
LN003145,23,0.0,0.0,0.0,0.0,Current,0,,0.0,,REVIEW,0.8
LN003145,24,0.0,0.0,0.0,0.0,Current,0,,0.0,,REVIEW,0.8
LN003146,1,0.0,0.0,0.0,0.0,Current,0,,0.0,,REVIEW,0.8
LN003146,2,0.0,0.0,0.0,0.0,Current,0,,0.0,,REVIEW,0.8
LN003146,3,0.0,0.0,0.0,0.0,Current,0,,0.0,,REVIEW,0.8
LN003146,4,0.0,0.0,0.0,0.0,Current,0,,0.0,,REVIEW,0.8
LN003146,5,0.0,0.0,0.0,0.0,Current,0,,0.0,,REVIEW,0.8
LN003146,6,0.0,0.0,0.0,0.0,Current,0,,0.0,,REVIEW,0.8
LN003146,7,0.0,0.0,0.0,0.0,Current,0,,0.0,,REVIEW,0.8
LN003146,8,0.0,0.0,0.0,0.0,Current,0,,0.0,,REVIEW,0.8
LN003146,9,0.0,0.0,0.0,0.0,Current,0,,0.0,,REVIEW,0.8
LN003146,10,0.0,0.0,0.0,0.0,Current,0,,0.0,,REVIEW,0.8
LN003146,11,0.0,0.0,0.0,0.0,Current,0,,0.0,,REVIEW,0.8
LN003146,12,0.0,0.0,0.0,0.0,Current,0,,0.0,,REVIEW,0.8
LN003146,13,0.0,0.0,0.0,0.0,Current,0,,0.0,,REVIEW,0.8
LN003146,14,0.0,0.0,0.0,0.0,Current,0,,0.0,,REVIEW,0.8
LN003146,15,0.0,0.0,0.0,0.0,Current,0,,0.0,,REVIEW,0.8
LN003146,16,0.0,0.0,0.0,0.0,Current,0,,0.0,,REVIEW,0.8
LN003146,17,0.0,0.0,0.0,0.0,Current,0,,0.0,,REVIEW,0.8
LN003146,18,0.0,0.0,0.0,0.0,Current,0,,0.0,,REVIEW,0.8
LN003146,19,0.0,0.0,0.0,0.0,Current,0,,0.0,,REVIEW,0.8
LN003146,20,0.0,0.0,0.0,0.0,Current,0,,0.0,,REVIEW,0.8
LN003146,21,0.0,0.0,0.0,0.0,Current,0,,0.0,,REVIEW,0.8
LN003146,22,0.0,0.0,0.0,0.0,Current,0,,0.0,,REVIEW,0.8
LN003146,23,0.0,0.0,0.0,0.0,Current,0,,0.0,,REVIEW,0.8
LN003146,24,0.0,0.0,0.0,0.0,Current,0,,0.0,,REVIEW,0.8
LN003147,1,0.0,0.0,0.0,0.0,Current,0,,0.0,,REVIEW,0.8
LN003147,2,0.0,0.0,0.0,0.0,Current,0,,0.0,,REVIEW,0.8
LN003147,3,0.0,0.0,0.0,0.0,Current,0,,0.0,,REVIEW,0.8
LN003147,4,0.0,0.0,0.0,0.0,Current,0,,0.0,,REVIEW,0.8
LN003147,5,0.0,0.0,0.0,0.0,Current,0,,0.0,,REVIEW,0.8
LN003147,6,0.0,0.0,0.0,0.0,Current,0,,0.0,,REVIEW,0.8
LN003147,7,0.0,0.0,0.0,0.0,Current,0,,0.0,,REVIEW,0.8
LN003147,8,0.0,0.0,0.0,0.0,Current,0,,0.0,,REVIEW,0.8
LN003147,9,0.0,0.0,0.0,0.0,Current,0,,0.0,,REVIEW,0.8
LN003147,10,0.0,0.0,0.0,0.0,Current,0,,0.0,,REVIEW,0.8
LN003147,11,0.0,0.0,0.0,0.0,Current,0,,0.0,,REVIEW,0.8
LN003147,12,0.0,0.0,0.0,0.0,Current,0,,0.0,,REVIEW,0.8
LN003147,13,0.0,0.0,0.0,0.0,Current,0,,0.0,,REVIEW,0.8
LN003147,14,0.0,0.0,0.0,0.0,Current,0,,0.0,,REVIEW,0.8
LN003147,15,0.0,0.0,0.0,0.0,Current,0,,0.0,,REVIEW,0.8
LN003147,16,0.0,0.0,0.0,0.0,Current,0,,0.0,,REVIEW,0.8
LN003147,17,0.0,0.0,0.0,0.0,Current,0,,0.0,,REVIEW,0.8
LN003147,18,0.0,0.0,0.0,0.0,Current,0,,0.0,,REVIEW,0.8
LN003147,19,0.0,0.0,0.0,0.0,Current,0,,0.0,,REVIEW,0.8
LN003147,20,0.0,0.0,0.0,0.0,Current,0,,0.0,,REVIEW,0.8
LN003147,21,0.0,0.0,0.0,0.0,Current,0,,0.0,,REVIEW,0.8
LN003147,22,0.0,0.0,0.0,0.0,Current,0,,0.0,,REVIEW,0.8
LN003147,23,0.0,0.0,0.0,0.0,Current,0,,0.0,,REVIEW,0.8
LN003147,24,0.0,0.0,0.0,0.0,Current,0,,0.0,,REVIEW,0.8
LN003148,1,0.0,0.0,0.0,0.0,Current,0,,0.0,,REVIEW,0.8
LN003148,2,0.0,0.0,0.0,0.0,Current,0,,0.0,,REVIEW,0.8
LN003148,3,0.0,0.0,0.0,0.0,Current,0,,0.0,,REVIEW,0.8
LN003148,4,0.0,0.0,0.0,0.0,Current,0,,0.0,,REVIEW,0.8
LN003148,5,0.0,0.0,0.0,0.0,Current,0,,0.0,,REVIEW,0.8
LN003148,6,0.0,0.0,0.0,0.0,Current,0,,0.0,,REVIEW,0.8
LN003148,7,0.0,0.0,0.0,0.0,Current,0,,0.0,,REVIEW,0.8
LN003148,8,0.0,0.0,0.0,0.0,Current,0,,0.0,,REVIEW,0.8
LN003148,9,0.0,0.0,0.0,0.0,Current,0,,0.0,,REVIEW,0.8
LN003148,10,0.0,0.0,0.0,0.0,Current,0,,0.0,,REVIEW,0.8
LN003148,11,0.0,0.0,0.0,0.0,Current,0,,0.0,,REVIEW,0.8
LN003148,12,0.0,0.0,0.0,0.0,Current,0,,0.0,,REVIEW,0.8
LN003148,13,0.0,0.0,0.0,0.0,Current,0,,0.0,,REVIEW,0.8
LN003148,14,0.0,0.0,0.0,0.0,Current,0,,0.0,,REVIEW,0.8
LN003148,15,0.0,0.0,0.0,0.0,Current,0,,0.0,,REVIEW,0.8
LN003148,16,0.0,0.0,0.0,0.0,Current,0,,0.0,,REVIEW,0.8
LN003148,17,0.0,0.0,0.0,0.0,Current,0,,0.0,,REVIEW,0.8
LN003148,18,0.0,0.0,0.0,0.0,Current,0,,0.0,,REVIEW,0.8
LN003148,19,0.0,0.0,0.0,0.0,Current,0,,0.0,,REVIEW,0.8
LN003148,20,0.0,0.0,0.0,0.0,Current,0,,0.0,,REVIEW,0.8
LN003148,21,0.0,0.0,0.0,0.0,Current,0,,0.0,,REVIEW,0.8
LN003148,22,0.0,0.0,0.0,0.0,Current,0,,0.0,,REVIEW,0.8
LN003149,1,0.0,0.0,0.0,0.0,Current,0,,0.0,,REVIEW,0.8
LN003149,2,0.0,0.0,0.0,0.0,Current,0,,0.0,,REVIEW,0.8
LN003149,3,0.0,0.0,0.0,0.0,Current,0,,0.0,,REVIEW,0.8
LN003149,4,0.0,0.0,0.0,0.0,Current,0,,0.0,,REVIEW,0.8
LN003149,5,0.0,0.0,0.0,0.0,Current,0,,0.0,,REVIEW,0.8
LN003149,6,0.0,0.0,0.0,0.0,Current,0,,0.0,,REVIEW,0.8
LN003149,7,0.0,0.0,0.0,0.0,Current,0,,0.0,,REVIEW,0.8
LN003149,8,0.0,0.0,0.0,0.0,Current,0,,0.0,,REVIEW,0.8
LN003149,9,0.0,0.0,0.0,0.0,Current,0,,0.0,,REVIEW,0.8
LN003149,10,0.0,0.0,0.0,0.0,Current,0,,0.0,,REVIEW,0.8
LN003149,11,0.0,0.0,0.0,0.0,Current,0,,0.0,,REVIEW,0.8
LN003149,12,0.0,0.0,0.0,0.0,Current,0,,0.0,,REVIEW,0.8
LN003149,13,0.0,0.0,0.0,0.0,Current,0,,0.0,,REVIEW,0.8
LN003149,14,0.0,0.0,0.0,0.0,Current,0,,0.0,,REVIEW,0.8
LN003149,15,0.0,0.0,0.0,0.0,Current,0,,0.0,,REVIEW,0.8
LN003149,16,0.0,0.0,0.0,0.0,Current,0,,0.0,,REVIEW,0.8
LN003149,17,0.0,0.0,0.0,0.0,Current,0,,0.0,,REVIEW,0.8
LN003149,18,0.0,0.0,0.0,0.0,Current,0,,0.0,,REVIEW,0.8
LN003149,19,0.0,0.0,0.0,0.0,Current,0,,0.0,,REVIEW,0.8
LN003149,20,0.0,0.0,0.0,0.0,Current,0,,0.0,,REVIEW,0.8
LN003149,21,0.0,0.0,0.0,0.0,Current,0,,0.0,,REVIEW,0.8
LN003149,22,0.0,0.0,0.0,0.0,Current,0,,0.0,,REVIEW,0.8
LN003149,23,0.0,0.0,0.0,0.0,Current,0,,0.0,,REVIEW,0.8
LN003149,24,0.0,0.0,0.0,0.0,Current,0,,0.0,,REVIEW,0.8
LN003150,1,0.0,0.0,0.0,0.0,Current,0,,0.0,,REVIEW,0.8
LN003150,2,0.0,0.0,0.0,0.0,Current,0,,0.0,,REVIEW,0.8
LN003150,3,0.0,0.0,0.0,0.0,Current,0,,0.0,,REVIEW,0.8
LN003150,4,0.0,0.0,0.0,0.0,Current,0,,0.0,,REVIEW,0.8
LN003150,5,0.0,0.0,0.0,0.0,Current,0,,0.0,,REVIEW,0.8
LN003150,6,0.0,0.0,0.0,0.0,Current,0,,0.0,,REVIEW,0.8
LN003150,7,0.0,0.0,0.0,0.0,Current,0,,0.0,,REVIEW,0.8
LN003150,8,0.0,0.0,0.0,0.0,Current,0,,0.0,,REVIEW,0.8
LN003150,9,0.0,0.0,0.0,0.0,Current,0,,0.0,,REVIEW,0.8
LN003150,10,0.0,0.0,0.0,0.0,Current,0,,0.0,,REVIEW,0.8
LN003150,11,0.0,0.0,0.0,0.0,Current,0,,0.0,,REVIEW,0.8
LN003150,12,0.0,0.0,0.0,0.0,Current,0,,0.0,,REVIEW,0.8
LN003150,13,0.0,0.0,0.0,0.0,Current,0,,0.0,,REVIEW,0.8
LN003151,1,0.0,0.0,0.0,0.0,Current,0,,0.0,,REVIEW,0.8
LN003151,2,0.0,0.0,0.0,0.0,Current,0,,0.0,,REVIEW,0.8
LN003151,3,0.0,0.0,0.0,0.0,Current,0,,0.0,,REVIEW,0.8
LN003151,4,0.0,0.0,0.0,0.0,Current,0,,0.0,,REVIEW,0.8
LN003151,5,0.0,0.0,0.0,0.0,Current,0,,0.0,,REVIEW,0.8
LN003151,6,0.0,0.0,0.0,0.0,Current,0,,0.0,,REVIEW,0.8
LN003151,7,0.0,0.0,0.0,0.0,Current,0,,0.0,,REVIEW,0.8
LN003151,8,0.0,0.0,0.0,0.0,Current,0,,0.0,,REVIEW,0.8
LN003151,9,0.0,0.0,0.0,0.0,Current,0,,0.0,,REVIEW,0.8
LN003151,10,0.0,0.0,0.0,0.0,Current,0,,0.0,,REVIEW,0.8
LN003151,11,0.0,0.0,0.0,0.0,Current,0,,0.0,,REVIEW,0.8
LN003151,12,0.0,0.0,0.0,0.0,Current,0,,0.0,,REVIEW,0.8
LN003151,13,0.0,0.0,0.0,0.0,Current,0,,0.0,,REVIEW,0.8
LN003151,14,0.0,0.0,0.0,0.0,Current,0,,0.0,,REVIEW,0.8
LN003151,15,0.0,0.0,0.0,0.0,Current,0,,0.0,,REVIEW,0.8
LN003151,16,0.0,0.0,0.0,0.0,Current,0,,0.0,,REVIEW,0.8
LN003151,17,0.0,0.0,0.0,0.0,Current,0,,0.0,,REVIEW,0.8
LN003151,18,0.0,0.0,0.0,0.0,Current,0,,0.0,,REVIEW,0.8
LN003151,19,0.0,0.0,0.0,0.0,Current,0,,0.0,,REVIEW,0.8
LN003151,20,0.0,0.0,0.0,0.0,Current,0,,0.0,,REVIEW,0.8
LN003151,21,0.0,0.0,0.0,0.0,Current,0,,0.0,,REVIEW,0.8
LN003151,22,0.0,0.0,0.0,0.0,Current,0,,0.0,,REVIEW,0.8
LN003151,23,0.0,0.0,0.0,0.0,Current,0,,0.0,,REVIEW,0.8
LN003151,24,0.0,0.0,0.0,0.0,Current,0,,0.0,,REVIEW,0.8
LN003152,1,0.0,0.0,0.0,0.0,Current,0,,0.0,,REVIEW,0.8
LN003152,2,0.0,0.0,0.0,0.0,Current,0,,0.0,,REVIEW,0.8
LN003152,3,0.0,0.0,0.0,0.0,Current,0,,0.0,,REVIEW,0.8
LN003152,4,0.0,0.0,0.0,0.0,Current,0,,0.0,,REVIEW,0.8
LN003152,5,0.0,0.0,0.0,0.0,Current,0,,0.0,,REVIEW,0.8
LN003152,6,0.0,0.0,0.0,0.0,Current,0,,0.0,,REVIEW,0.8
LN003152,7,0.0,0.0,0.0,0.0,Current,0,,0.0,,REVIEW,0.8
LN003152,8,0.0,0.0,0.0,0.0,Current,0,,0.0,,REVIEW,0.8
LN003152,9,0.0,0.0,0.0,0.0,Current,0,,0.0,,REVIEW,0.8
LN003152,10,0.0,0.0,0.0,0.0,Current,0,,0.0,,REVIEW,0.8
LN003152,11,0.0,0.0,0.0,0.0,Current,0,,0.0,,REVIEW,0.8
LN003152,12,0.0,0.0,0.0,0.0,Current,0,,0.0,,REVIEW,0.8
LN003152,13,0.0,0.0,0.0,0.0,Current,0,,0.0,,REVIEW,0.8
LN003152,14,0.0,0.0,0.0,0.0,Current,0,,0.0,,REVIEW,0.8
LN003152,15,0.0,0.0,0.0,0.0,Current,0,,0.0,,REVIEW,0.8
LN003152,16,0.0,0.0,0.0,0.0,Current,0,,0.0,,REVIEW,0.8
LN003152,17,0.0,0.0,0.0,0.0,Current,0,,0.0,,REVIEW,0.8
LN003152,18,0.0,0.0,0.0,0.0,Current,0,,0.0,,REVIEW,0.8
LN003152,19,0.0,0.0,0.0,0.0,Current,0,,0.0,,REVIEW,0.8
LN003152,20,0.0,0.0,0.0,0.0,Current,0,,0.0,,REVIEW,0.8
LN003152,21,0.0,0.0,0.0,0.0,Current,0,,0.0,,REVIEW,0.8
LN003152,22,0.0,0.0,0.0,0.0,Current,0,,0.0,,REVIEW,0.8
LN003152,23,0.0,0.0,0.0,0.0,Current,0,,0.0,,REVIEW,0.8
LN003152,24,0.0,0.0,0.0,0.0,Current,0,,0.0,,REVIEW,0.8
LN003153,1,0.0,0.0,0.0,0.0,Current,0,,0.0,,REVIEW,0.8
LN003153,2,0.0,0.0,0.0,0.0,Current,0,,0.0,,REVIEW,0.8
LN003153,3,0.0,0.0,0.0,0.0,Current,0,,0.0,,REVIEW,0.8
LN003153,4,0.0,0.0,0.0,0.0,Current,0,,0.0,,REVIEW,0.8
LN003153,5,0.0,0.0,0.0,0.0,Current,0,,0.0,,REVIEW,0.8
LN003153,6,0.0,0.0,0.0,0.0,Current,0,,0.0,,REVIEW,0.8
LN003153,7,0.0,0.0,0.0,0.0,Current,0,,0.0,,REVIEW,0.8
LN003153,8,0.0,0.0,0.0,0.0,Current,0,,0.0,,REVIEW,0.8
LN003153,9,0.0,0.0,0.0,0.0,Current,0,,0.0,,REVIEW,0.8
LN003153,10,0.0,0.0,0.0,0.0,Current,0,,0.0,,REVIEW,0.8
LN003153,11,0.0,0.0,0.0,0.0,Current,0,,0.0,,REVIEW,0.8
LN003153,12,0.0,0.0,0.0,0.0,Current,0,,0.0,,REVIEW,0.8
LN003153,13,0.0,0.0,0.0,0.0,Current,0,,0.0,,REVIEW,0.8
LN003153,14,0.0,0.0,0.0,0.0,Current,0,,0.0,,REVIEW,0.8
LN003153,15,0.0,0.0,0.0,0.0,Current,0,,0.0,,REVIEW,0.8
LN003153,16,0.0,0.0,0.0,0.0,Current,0,,0.0,,REVIEW,0.8
LN003153,17,0.0,0.0,0.0,0.0,Current,0,,0.0,,REVIEW,0.8
LN003153,18,0.0,0.0,0.0,0.0,Current,0,,0.0,,REVIEW,0.8
LN003153,19,0.0,0.0,0.0,0.0,Current,0,,0.0,,REVIEW,0.8
LN003153,20,0.0,0.0,0.0,0.0,Current,0,,0.0,,REVIEW,0.8
LN003153,21,0.0,0.0,0.0,0.0,Current,0,,0.0,,REVIEW,0.8
LN003153,22,0.0,0.0,0.0,0.0,Current,0,,0.0,,REVIEW,0.8
LN003154,1,0.0,0.0,0.0,0.0,Current,0,,0.0,,REVIEW,0.8
LN003154,2,0.0,0.0,0.0,0.0,Current,0,,0.0,,REVIEW,0.8
LN003154,3,0.0,0.0,0.0,0.0,Current,0,,0.0,,REVIEW,0.8
LN003154,4,0.0,0.0,0.0,0.0,Current,0,,0.0,,REVIEW,0.8
LN003154,5,0.0,0.0,0.0,0.0,Current,0,,0.0,,REVIEW,0.8
LN003154,6,0.0,0.0,0.0,0.0,Current,0,,0.0,,REVIEW,0.8
LN003155,1,0.0,0.0,0.0,0.0,Current,0,,0.0,,REVIEW,0.8
LN003155,2,0.0,0.0,0.0,0.0,Current,0,,0.0,,REVIEW,0.8
LN003155,3,0.0,0.0,0.0,0.0,Current,0,,0.0,,REVIEW,0.8
LN003155,4,0.0,0.0,0.0,0.0,Current,0,,0.0,,REVIEW,0.8
LN003155,5,0.0,0.0,0.0,0.0,Current,0,,0.0,,REVIEW,0.8
LN003155,6,0.0,0.0,0.0,0.0,Current,0,,0.0,,REVIEW,0.8
LN003155,7,0.0,0.0,0.0,0.0,Current,0,,0.0,,REVIEW,0.8
LN003155,8,0.0,0.0,0.0,0.0,Current,0,,0.0,,REVIEW,0.8
LN003156,1,0.0,0.0,0.0,0.0,Current,0,,0.0,,REVIEW,0.8
LN003156,2,0.0,0.0,0.0,0.0,Current,0,,0.0,,REVIEW,0.8
LN003156,3,0.0,0.0,0.0,0.0,Current,0,,0.0,,REVIEW,0.8
LN003156,4,0.0,0.0,0.0,0.0,Current,0,,0.0,,REVIEW,0.8
LN003156,5,0.0,0.0,0.0,0.0,Current,0,,0.0,,REVIEW,0.8
LN003156,6,0.0,0.0,0.0,0.0,Current,0,,0.0,,REVIEW,0.8
LN003156,7,0.0,0.0,0.0,0.0,Current,0,,0.0,,REVIEW,0.8
LN003156,8,0.0,0.0,0.0,0.0,Current,0,,0.0,,REVIEW,0.8
LN003156,9,0.0,0.0,0.0,0.0,Current,0,,0.0,,REVIEW,0.8
LN003156,10,0.0,0.0,0.0,0.0,Current,0,,0.0,,REVIEW,0.8
LN003156,11,0.0,0.0,0.0,0.0,Current,0,,0.0,,REVIEW,0.8
LN003156,12,0.0,0.0,0.0,0.0,Current,0,,0.0,,REVIEW,0.8
LN003156,13,0.0,0.0,0.0,0.0,Current,0,,0.0,,REVIEW,0.8
LN003156,14,0.0,0.0,0.0,0.0,Current,0,,0.0,,REVIEW,0.8
LN003156,15,0.0,0.0,0.0,0.0,Current,0,,0.0,,REVIEW,0.8
LN003156,16,0.0,0.0,0.0,0.0,Current,0,,0.0,,REVIEW,0.8
LN003157,1,0.0,0.0,0.0,0.0,Current,0,,0.0,,REVIEW,0.8
LN003157,2,0.0,0.0,0.0,0.0,Current,0,,0.0,,REVIEW,0.8
LN003157,3,0.0,0.0,0.0,0.0,Current,0,,0.0,,REVIEW,0.8
LN003157,4,0.0,0.0,0.0,0.0,Current,0,,0.0,,REVIEW,0.8
LN003157,5,0.0,0.0,0.0,0.0,Current,0,,0.0,,REVIEW,0.8
LN003157,6,0.0,0.0,0.0,0.0,Current,0,,0.0,,REVIEW,0.8
LN003157,7,0.0,0.0,0.0,0.0,Current,0,,0.0,,REVIEW,0.8
LN003157,8,0.0,0.0,0.0,0.0,Current,0,,0.0,,REVIEW,0.8
LN003157,9,0.0,0.0,0.0,0.0,Current,0,,0.0,,REVIEW,0.8
LN003157,10,0.0,0.0,0.0,0.0,Current,0,,0.0,,REVIEW,0.8
LN003157,11,0.0,0.0,0.0,0.0,Current,0,,0.0,,REVIEW,0.8
LN003157,12,0.0,0.0,0.0,0.0,Current,0,,0.0,,REVIEW,0.8
LN003157,13,0.0,0.0,0.0,0.0,Current,0,,0.0,,REVIEW,0.8
LN003157,14,0.0,0.0,0.0,0.0,Current,0,,0.0,,REVIEW,0.8
LN003157,15,0.0,0.0,0.0,0.0,Current,0,,0.0,,REVIEW,0.8
LN003157,16,0.0,0.0,0.0,0.0,Current,0,,0.0,,REVIEW,0.8
LN003157,17,0.0,0.0,0.0,0.0,Current,0,,0.0,,REVIEW,0.8
LN003157,18,0.0,0.0,0.0,0.0,Current,0,,0.0,,REVIEW,0.8
LN003157,19,0.0,0.0,0.0,0.0,Current,0,,0.0,,REVIEW,0.8
LN003157,20,0.0,0.0,0.0,0.0,Current,0,,0.0,,REVIEW,0.8
LN003157,21,0.0,0.0,0.0,0.0,Current,0,,0.0,,REVIEW,0.8
LN003157,22,0.0,0.0,0.0,0.0,Current,0,,0.0,,REVIEW,0.8
LN003157,23,0.0,0.0,0.0,0.0,Current,0,,0.0,,REVIEW,0.8
LN003157,24,0.0,0.0,0.0,0.0,Current,0,,0.0,,REVIEW,0.8
LN003158,1,0.0,0.0,0.0,0.0,Current,0,,0.0,,REVIEW,0.8
LN003158,2,0.0,0.0,0.0,0.0,Current,0,,0.0,,REVIEW,0.8
LN003158,3,0.0,0.0,0.0,0.0,Current,0,,0.0,,REVIEW,0.8
LN003158,4,0.0,0.0,0.0,0.0,Current,0,,0.0,,REVIEW,0.8
LN003158,5,0.0,0.0,0.0,0.0,Current,0,,0.0,,REVIEW,0.8
LN003158,6,0.0,0.0,0.0,0.0,Current,0,,0.0,,REVIEW,0.8
LN003158,7,0.0,0.0,0.0,0.0,Current,0,,0.0,,REVIEW,0.8
LN003158,8,0.0,0.0,0.0,0.0,Current,0,,0.0,,REVIEW,0.8
LN003158,9,0.0,0.0,0.0,0.0,Current,0,,0.0,,REVIEW,0.8
LN003158,10,0.0,0.0,0.0,0.0,Current,0,,0.0,,REVIEW,0.8
LN003158,11,0.0,0.0,0.0,0.0,Current,0,,0.0,,REVIEW,0.8
LN003158,12,0.0,0.0,0.0,0.0,Current,0,,0.0,,REVIEW,0.8
LN003158,13,0.0,0.0,0.0,0.0,Current,0,,0.0,,REVIEW,0.8
LN003158,14,0.0,0.0,0.0,0.0,Current,0,,0.0,,REVIEW,0.8
LN003158,15,0.0,0.0,0.0,0.0,Current,0,,0.0,,REVIEW,0.8
LN003158,16,0.0,0.0,0.0,0.0,Current,0,,0.0,,REVIEW,0.8
LN003158,17,0.0,0.0,0.0,0.0,Current,0,,0.0,,REVIEW,0.8
LN003158,18,0.0,0.0,0.0,0.0,Current,0,,0.0,,REVIEW,0.8
LN003158,19,0.0,0.0,0.0,0.0,Current,0,,0.0,,REVIEW,0.8
LN003158,20,0.0,0.0,0.0,0.0,Current,0,,0.0,,REVIEW,0.8
LN003158,21,0.0,0.0,0.0,0.0,Current,0,,0.0,,REVIEW,0.8
LN003158,22,0.0,0.0,0.0,0.0,Current,0,,0.0,,REVIEW,0.8
LN003158,23,0.0,0.0,0.0,0.0,Current,0,,0.0,,REVIEW,0.8
LN003158,24,0.0,0.0,0.0,0.0,Current,0,,0.0,,REVIEW,0.8
LN003159,1,0.0,0.0,0.0,0.0,Current,0,,0.0,,REVIEW,0.8
LN003159,2,0.0,0.0,0.0,0.0,Current,0,,0.0,,REVIEW,0.8
LN003159,3,0.0,0.0,0.0,0.0,Current,0,,0.0,,REVIEW,0.8
LN003159,4,0.0,0.0,0.0,0.0,Current,0,,0.0,,REVIEW,0.8
LN003159,5,0.0,0.0,0.0,0.0,Current,0,,0.0,,REVIEW,0.8
LN003159,6,0.0,0.0,0.0,0.0,Current,0,,0.0,,REVIEW,0.8
LN003159,7,0.0,0.0,0.0,0.0,Current,0,,0.0,,REVIEW,0.8
LN003159,8,0.0,0.0,0.0,0.0,Current,0,,0.0,,REVIEW,0.8
LN003159,9,0.0,0.0,0.0,0.0,Current,0,,0.0,,REVIEW,0.8
LN003159,10,0.0,0.0,0.0,0.0,Current,0,,0.0,,REVIEW,0.8
LN003159,11,0.0,0.0,0.0,0.0,Current,0,,0.0,,REVIEW,0.8
LN003159,12,0.0,0.0,0.0,0.0,Current,0,,0.0,,REVIEW,0.8
LN003159,13,0.0,0.0,0.0,0.0,Current,0,,0.0,,REVIEW,0.8
LN003159,14,0.0,0.0,0.0,0.0,Current,0,,0.0,,REVIEW,0.8
LN003159,15,0.0,0.0,0.0,0.0,Current,0,,0.0,,REVIEW,0.8
LN003159,16,0.0,0.0,0.0,0.0,Current,0,,0.0,,REVIEW,0.8
LN003159,17,0.0,0.0,0.0,0.0,Current,0,,0.0,,REVIEW,0.8
LN003160,1,0.0,0.0,0.0,0.0,Current,0,,0.0,,REVIEW,0.8
LN003160,2,0.0,0.0,0.0,0.0,Current,0,,0.0,,REVIEW,0.8
LN003160,3,0.0,0.0,0.0,0.0,Current,0,,0.0,,REVIEW,0.8
LN003160,4,0.0,0.0,0.0,0.0,Current,0,,0.0,,REVIEW,0.8
LN003160,5,0.0,0.0,0.0,0.0,Current,0,,0.0,,REVIEW,0.8
LN003160,6,0.0,0.0,0.0,0.0,Current,0,,0.0,,REVIEW,0.8
LN003160,7,0.0,0.0,0.0,0.0,Current,0,,0.0,,REVIEW,0.8
LN003160,8,0.0,0.0,0.0,0.0,Current,0,,0.0,,REVIEW,0.8
LN003160,9,0.0,0.0,0.0,0.0,Current,0,,0.0,,REVIEW,0.8
LN003160,10,0.0,0.0,0.0,0.0,Current,0,,0.0,,REVIEW,0.8
LN003160,11,0.0,0.0,0.0,0.0,Current,0,,0.0,,REVIEW,0.8
LN003160,12,0.0,0.0,0.0,0.0,Current,0,,0.0,,REVIEW,0.8
LN003160,13,0.0,0.0,0.0,0.0,Current,0,,0.0,,REVIEW,0.8
LN003160,14,0.0,0.0,0.0,0.0,Current,0,,0.0,,REVIEW,0.8
LN003160,15,0.0,0.0,0.0,0.0,Current,0,,0.0,,REVIEW,0.8
LN003160,16,0.0,0.0,0.0,0.0,Current,0,,0.0,,REVIEW,0.8
LN003160,17,0.0,0.0,0.0,0.0,Current,0,,0.0,,REVIEW,0.8
LN003160,18,0.0,0.0,0.0,0.0,Current,0,,0.0,,REVIEW,0.8
LN003160,19,0.0,0.0,0.0,0.0,Current,0,,0.0,,REVIEW,0.8
LN003160,20,0.0,0.0,0.0,0.0,Current,0,,0.0,,REVIEW,0.8
LN003160,21,0.0,0.0,0.0,0.0,Current,0,,0.0,,REVIEW,0.8
LN003160,22,0.0,0.0,0.0,0.0,Current,0,,0.0,,REVIEW,0.8
LN003160,23,0.0,0.0,0.0,0.0,Current,0,,0.0,,REVIEW,0.8
LN003160,24,0.0,0.0,0.0,0.0,Current,0,,0.0,,REVIEW,0.8
LN003161,1,0.0,0.0,0.0,0.0,Current,0,,0.0,,REVIEW,0.8
LN003161,2,0.0,0.0,0.0,0.0,Current,0,,0.0,,REVIEW,0.8
LN003161,3,0.0,0.0,0.0,0.0,Current,0,,0.0,,REVIEW,0.8
LN003161,4,0.0,0.0,0.0,0.0,Current,0,,0.0,,REVIEW,0.8
LN003161,5,0.0,0.0,0.0,0.0,Current,0,,0.0,,REVIEW,0.8
LN003161,6,0.0,0.0,0.0,0.0,Current,0,,0.0,,REVIEW,0.8
LN003161,7,0.0,0.0,0.0,0.0,Current,0,,0.0,,REVIEW,0.8
LN003161,8,0.0,0.0,0.0,0.0,Current,0,,0.0,,REVIEW,0.8
LN003161,9,0.0,0.0,0.0,0.0,Current,0,,0.0,,REVIEW,0.8
LN003161,10,0.0,0.0,0.0,0.0,Current,0,,0.0,,REVIEW,0.8
LN003161,11,0.0,0.0,0.0,0.0,Current,0,,0.0,,REVIEW,0.8
LN003161,12,0.0,0.0,0.0,0.0,Current,0,,0.0,,REVIEW,0.8
LN003161,13,0.0,0.0,0.0,0.0,Current,0,,0.0,,REVIEW,0.8
LN003161,14,0.0,0.0,0.0,0.0,Current,0,,0.0,,REVIEW,0.8
LN003161,15,0.0,0.0,0.0,0.0,Current,0,,0.0,,REVIEW,0.8
LN003161,16,0.0,0.0,0.0,0.0,Current,0,,0.0,,REVIEW,0.8
LN003161,17,0.0,0.0,0.0,0.0,Current,0,,0.0,,REVIEW,0.8
LN003161,18,0.0,0.0,0.0,0.0,Current,0,,0.0,,REVIEW,0.8
LN003161,19,0.0,0.0,0.0,0.0,Current,0,,0.0,,REVIEW,0.8
LN003161,20,0.0,0.0,0.0,0.0,Current,0,,0.0,,REVIEW,0.8
LN003162,1,0.0,0.0,0.0,0.0,Current,0,,0.0,,REVIEW,0.8
LN003162,2,0.0,0.0,0.0,0.0,Current,0,,0.0,,REVIEW,0.8
LN003162,3,0.0,0.0,0.0,0.0,Current,0,,0.0,,REVIEW,0.8
LN003162,4,0.0,0.0,0.0,0.0,Current,0,,0.0,,REVIEW,0.8
LN003162,5,0.0,0.0,0.0,0.0,Current,0,,0.0,,REVIEW,0.8
LN003162,6,0.0,0.0,0.0,0.0,Current,0,,0.0,,REVIEW,0.8
LN003162,7,0.0,0.0,0.0,0.0,Current,0,,0.0,,REVIEW,0.8
LN003162,8,0.0,0.0,0.0,0.0,Current,0,,0.0,,REVIEW,0.8
LN003162,9,0.0,0.0,0.0,0.0,Current,0,,0.0,,REVIEW,0.8
LN003162,10,0.0,0.0,0.0,0.0,Current,0,,0.0,,REVIEW,0.8
LN003162,11,0.0,0.0,0.0,0.0,Current,0,,0.0,,REVIEW,0.8
LN003162,12,0.0,0.0,0.0,0.0,Current,0,,0.0,,REVIEW,0.8
LN003162,13,0.0,0.0,0.0,0.0,Current,0,,0.0,,REVIEW,0.8
LN003162,14,0.0,0.0,0.0,0.0,Current,0,,0.0,,REVIEW,0.8
LN003162,15,0.0,0.0,0.0,0.0,Current,0,,0.0,,REVIEW,0.8
LN003162,16,0.0,0.0,0.0,0.0,Current,0,,0.0,,REVIEW,0.8
LN003162,17,0.0,0.0,0.0,0.0,Current,0,,0.0,,REVIEW,0.8
LN003162,18,0.0,0.0,0.0,0.0,Current,0,,0.0,,REVIEW,0.8
LN003162,19,0.0,0.0,0.0,0.0,Current,0,,0.0,,REVIEW,0.8
LN003162,20,0.0,0.0,0.0,0.0,Current,0,,0.0,,REVIEW,0.8
LN003162,21,0.0,0.0,0.0,0.0,Current,0,,0.0,,REVIEW,0.8
LN003162,22,0.0,0.0,0.0,0.0,Current,0,,0.0,,REVIEW,0.8
LN003162,23,0.0,0.0,0.0,0.0,Current,0,,0.0,,REVIEW,0.8
LN003162,24,0.0,0.0,0.0,0.0,Current,0,,0.0,,REVIEW,0.8
LN003163,1,0.0,0.0,0.0,0.0,Current,0,,0.0,,REVIEW,0.8
LN003163,2,0.0,0.0,0.0,0.0,Current,0,,0.0,,REVIEW,0.8
LN003163,3,0.0,0.0,0.0,0.0,Current,0,,0.0,,REVIEW,0.8
LN003163,4,0.0,0.0,0.0,0.0,Current,0,,0.0,,REVIEW,0.8
LN003163,5,0.0,0.0,0.0,0.0,Current,0,,0.0,,REVIEW,0.8
LN003163,6,0.0,0.0,0.0,0.0,Current,0,,0.0,,REVIEW,0.8
LN003163,7,0.0,0.0,0.0,0.0,Current,0,,0.0,,REVIEW,0.8
LN003163,8,0.0,0.0,0.0,0.0,Current,0,,0.0,,REVIEW,0.8
LN003163,9,0.0,0.0,0.0,0.0,Current,0,,0.0,,REVIEW,0.8
LN003163,10,0.0,0.0,0.0,0.0,Current,0,,0.0,,REVIEW,0.8
LN003163,11,0.0,0.0,0.0,0.0,Current,0,,0.0,,REVIEW,0.8
LN003163,12,0.0,0.0,0.0,0.0,Current,0,,0.0,,REVIEW,0.8
LN003163,13,0.0,0.0,0.0,0.0,Current,0,,0.0,,REVIEW,0.8
LN003163,14,0.0,0.0,0.0,0.0,Current,0,,0.0,,REVIEW,0.8
LN003163,15,0.0,0.0,0.0,0.0,Current,0,,0.0,,REVIEW,0.8
LN003163,16,0.0,0.0,0.0,0.0,Current,0,,0.0,,REVIEW,0.8
LN003163,17,0.0,0.0,0.0,0.0,Current,0,,0.0,,REVIEW,0.8
LN003163,18,0.0,0.0,0.0,0.0,Current,0,,0.0,,REVIEW,0.8
LN003163,19,0.0,0.0,0.0,0.0,Current,0,,0.0,,REVIEW,0.8
LN003163,20,0.0,0.0,0.0,0.0,Current,0,,0.0,,REVIEW,0.8
LN003163,21,0.0,0.0,0.0,0.0,Current,0,,0.0,,REVIEW,0.8
LN003163,22,0.0,0.0,0.0,0.0,Current,0,,0.0,,REVIEW,0.8
LN003163,23,0.0,0.0,0.0,0.0,Current,0,,0.0,,REVIEW,0.8
LN003163,24,0.0,0.0,0.0,0.0,Current,0,,0.0,,REVIEW,0.8
LN003164,1,0.0,0.0,0.0,0.0,Current,0,,0.0,,REVIEW,0.8
LN003164,2,0.0,0.0,0.0,0.0,Current,0,,0.0,,REVIEW,0.8
LN003164,3,0.0,0.0,0.0,0.0,Current,0,,0.0,,REVIEW,0.8
LN003164,4,0.0,0.0,0.0,0.0,Current,0,,0.0,,REVIEW,0.8
LN003164,5,0.0,0.0,0.0,0.0,Current,0,,0.0,,REVIEW,0.8
LN003164,6,0.0,0.0,0.0,0.0,Current,0,,0.0,,REVIEW,0.8
LN003164,7,0.0,0.0,0.0,0.0,Current,0,,0.0,,REVIEW,0.8
LN003164,8,0.0,0.0,0.0,0.0,Current,0,,0.0,,REVIEW,0.8
LN003164,9,0.0,0.0,0.0,0.0,Current,0,,0.0,,REVIEW,0.8
LN003164,10,0.0,0.0,0.0,0.0,Current,0,,0.0,,REVIEW,0.8
LN003164,11,0.0,0.0,0.0,0.0,Current,0,,0.0,,REVIEW,0.8
LN003164,12,0.0,0.0,0.0,0.0,Current,0,,0.0,,REVIEW,0.8
LN003164,13,0.0,0.0,0.0,0.0,Current,0,,0.0,,REVIEW,0.8
LN003164,14,0.0,0.0,0.0,0.0,Current,0,,0.0,,REVIEW,0.8
LN003165,1,0.0,0.0,0.0,0.0,Current,0,,0.0,,REVIEW,0.8
LN003165,2,0.0,0.0,0.0,0.0,Current,0,,0.0,,REVIEW,0.8
LN003165,3,0.0,0.0,0.0,0.0,Current,0,,0.0,,REVIEW,0.8
LN003165,4,0.0,0.0,0.0,0.0,Current,0,,0.0,,REVIEW,0.8
LN003165,5,0.0,0.0,0.0,0.0,Current,0,,0.0,,REVIEW,0.8
LN003165,6,0.0,0.0,0.0,0.0,Current,0,,0.0,,REVIEW,0.8
LN003165,7,0.0,0.0,0.0,0.0,Current,0,,0.0,,REVIEW,0.8
LN003165,8,0.0,0.0,0.0,0.0,Current,0,,0.0,,REVIEW,0.8
LN003165,9,0.0,0.0,0.0,0.0,Current,0,,0.0,,REVIEW,0.8
LN003165,10,0.0,0.0,0.0,0.0,Current,0,,0.0,,REVIEW,0.8
LN003165,11,0.0,0.0,0.0,0.0,Current,0,,0.0,,REVIEW,0.8
LN003165,12,0.0,0.0,0.0,0.0,Current,0,,0.0,,REVIEW,0.8
LN003165,13,0.0,0.0,0.0,0.0,Current,0,,0.0,,REVIEW,0.8
LN003165,14,0.0,0.0,0.0,0.0,Current,0,,0.0,,REVIEW,0.8
LN003165,15,0.0,0.0,0.0,0.0,Current,0,,0.0,,REVIEW,0.8
LN003165,16,0.0,0.0,0.0,0.0,Current,0,,0.0,,REVIEW,0.8
LN003165,17,0.0,0.0,0.0,0.0,Current,0,,0.0,,REVIEW,0.8
LN003165,18,0.0,0.0,0.0,0.0,Current,0,,0.0,,REVIEW,0.8
LN003165,19,0.0,0.0,0.0,0.0,Current,0,,0.0,,REVIEW,0.8
LN003165,20,0.0,0.0,0.0,0.0,Current,0,,0.0,,REVIEW,0.8
LN003165,21,0.0,0.0,0.0,0.0,Current,0,,0.0,,REVIEW,0.8
LN003165,22,0.0,0.0,0.0,0.0,Current,0,,0.0,,REVIEW,0.8
LN003165,23,0.0,0.0,0.0,0.0,Current,0,,0.0,,REVIEW,0.8
LN003165,24,0.0,0.0,0.0,0.0,Current,0,,0.0,,REVIEW,0.8
LN003166,1,0.0,0.0,0.0,0.0,Current,0,,0.0,,REVIEW,0.8
LN003166,2,0.0,0.0,0.0,0.0,Current,0,,0.0,,REVIEW,0.8
LN003166,3,0.0,0.0,0.0,0.0,Current,0,,0.0,,REVIEW,0.8
LN003166,4,0.0,0.0,0.0,0.0,Current,0,,0.0,,REVIEW,0.8
LN003167,1,0.0,0.0,0.0,0.0,Current,0,,0.0,,REVIEW,0.8
LN003168,1,0.0,0.0,0.0,0.0,Current,0,,0.0,,REVIEW,0.8
LN003168,2,0.0,0.0,0.0,0.0,Current,0,,0.0,,REVIEW,0.8
LN003168,3,0.0,0.0,0.0,0.0,Current,0,,0.0,,REVIEW,0.8
LN003168,4,0.0,0.0,0.0,0.0,Current,0,,0.0,,REVIEW,0.8
LN003168,5,0.0,0.0,0.0,0.0,Current,0,,0.0,,REVIEW,0.8
LN003168,6,0.0,0.0,0.0,0.0,Current,0,,0.0,,REVIEW,0.8
LN003168,7,0.0,0.0,0.0,0.0,Current,0,,0.0,,REVIEW,0.8
LN003168,8,0.0,0.0,0.0,0.0,Current,0,,0.0,,REVIEW,0.8
LN003168,9,0.0,0.0,0.0,0.0,Current,0,,0.0,,REVIEW,0.8
LN003168,10,0.0,0.0,0.0,0.0,Current,0,,0.0,,REVIEW,0.8
LN003168,11,0.0,0.0,0.0,0.0,Current,0,,0.0,,REVIEW,0.8
LN003168,12,0.0,0.0,0.0,0.0,Current,0,,0.0,,REVIEW,0.8
LN003168,13,0.0,0.0,0.0,0.0,Current,0,,0.0,,REVIEW,0.8
LN003168,14,0.0,0.0,0.0,0.0,Current,0,,0.0,,REVIEW,0.8
LN003168,15,0.0,0.0,0.0,0.0,Current,0,,0.0,,REVIEW,0.8
LN003168,16,0.0,0.0,0.0,0.0,Current,0,,0.0,,REVIEW,0.8
LN003168,17,0.0,0.0,0.0,0.0,Current,0,,0.0,,REVIEW,0.8
LN003168,18,0.0,0.0,0.0,0.0,Current,0,,0.0,,REVIEW,0.8
LN003168,19,0.0,0.0,0.0,0.0,Current,0,,0.0,,REVIEW,0.8
LN003168,20,0.0,0.0,0.0,0.0,Current,0,,0.0,,REVIEW,0.8
LN003168,21,0.0,0.0,0.0,0.0,Current,0,,0.0,,REVIEW,0.8
LN003168,22,0.0,0.0,0.0,0.0,Current,0,,0.0,,REVIEW,0.8
LN003168,23,0.0,0.0,0.0,0.0,Current,0,,0.0,,REVIEW,0.8
LN003168,24,0.0,0.0,0.0,0.0,Current,0,,0.0,,REVIEW,0.8
LN003169,1,0.0,0.0,0.0,0.0,Current,0,,0.0,,REVIEW,0.8
LN003169,2,0.0,0.0,0.0,0.0,Current,0,,0.0,,REVIEW,0.8
LN003169,3,0.0,0.0,0.0,0.0,Current,0,,0.0,,REVIEW,0.8
LN003169,4,0.0,0.0,0.0,0.0,Current,0,,0.0,,REVIEW,0.8
LN003169,5,0.0,0.0,0.0,0.0,Current,0,,0.0,,REVIEW,0.8
LN003169,6,0.0,0.0,0.0,0.0,Current,0,,0.0,,REVIEW,0.8
LN003169,7,0.0,0.0,0.0,0.0,Current,0,,0.0,,REVIEW,0.8
LN003169,8,0.0,0.0,0.0,0.0,Current,0,,0.0,,REVIEW,0.8
LN003169,9,0.0,0.0,0.0,0.0,Current,0,,0.0,,REVIEW,0.8
LN003169,10,0.0,0.0,0.0,0.0,Current,0,,0.0,,REVIEW,0.8
LN003169,11,0.0,0.0,0.0,0.0,Current,0,,0.0,,REVIEW,0.8
LN003169,12,0.0,0.0,0.0,0.0,Current,0,,0.0,,REVIEW,0.8
LN003169,13,0.0,0.0,0.0,0.0,Current,0,,0.0,,REVIEW,0.8
LN003169,14,0.0,0.0,0.0,0.0,Current,0,,0.0,,REVIEW,0.8
LN003169,15,0.0,0.0,0.0,0.0,Current,0,,0.0,,REVIEW,0.8
LN003169,16,0.0,0.0,0.0,0.0,Current,0,,0.0,,REVIEW,0.8
LN003169,17,0.0,0.0,0.0,0.0,Current,0,,0.0,,REVIEW,0.8
LN003169,18,0.0,0.0,0.0,0.0,Current,0,,0.0,,REVIEW,0.8
LN003169,19,0.0,0.0,0.0,0.0,Current,0,,0.0,,REVIEW,0.8
LN003169,20,0.0,0.0,0.0,0.0,Current,0,,0.0,,REVIEW,0.8
LN003169,21,0.0,0.0,0.0,0.0,Current,0,,0.0,,REVIEW,0.8
LN003169,22,0.0,0.0,0.0,0.0,Current,0,,0.0,,REVIEW,0.8
LN003169,23,0.0,0.0,0.0,0.0,Current,0,,0.0,,REVIEW,0.8
LN003169,24,0.0,0.0,0.0,0.0,Current,0,,0.0,,REVIEW,0.8
LN003170,1,0.0,0.0,0.0,0.0,Current,0,,0.0,,REVIEW,0.8
LN003170,2,0.0,0.0,0.0,0.0,Current,0,,0.0,,REVIEW,0.8
LN003170,3,0.0,0.0,0.0,0.0,Current,0,,0.0,,REVIEW,0.8
LN003170,4,0.0,0.0,0.0,0.0,Current,0,,0.0,,REVIEW,0.8
LN003170,5,0.0,0.0,0.0,0.0,Current,0,,0.0,,REVIEW,0.8
LN003170,6,0.0,0.0,0.0,0.0,Current,0,,0.0,,REVIEW,0.8
LN003170,7,0.0,0.0,0.0,0.0,Current,0,,0.0,,REVIEW,0.8
LN003170,8,0.0,0.0,0.0,0.0,Current,0,,0.0,,REVIEW,0.8
LN003170,9,0.0,0.0,0.0,0.0,Current,0,,0.0,,REVIEW,0.8
LN003170,10,0.0,0.0,0.0,0.0,Current,0,,0.0,,REVIEW,0.8
LN003170,11,0.0,0.0,0.0,0.0,Current,0,,0.0,,REVIEW,0.8
LN003170,12,0.0,0.0,0.0,0.0,Current,0,,0.0,,REVIEW,0.8
LN003170,13,0.0,0.0,0.0,0.0,Current,0,,0.0,,REVIEW,0.8
LN003170,14,0.0,0.0,0.0,0.0,Current,0,,0.0,,REVIEW,0.8
LN003170,15,0.0,0.0,0.0,0.0,Current,0,,0.0,,REVIEW,0.8
LN003170,16,0.0,0.0,0.0,0.0,Current,0,,0.0,,REVIEW,0.8
LN003170,17,0.0,0.0,0.0,0.0,Current,0,,0.0,,REVIEW,0.8
LN003170,18,0.0,0.0,0.0,0.0,Current,0,,0.0,,REVIEW,0.8
LN003170,19,0.0,0.0,0.0,0.0,Current,0,,0.0,,REVIEW,0.8
LN003170,20,0.0,0.0,0.0,0.0,Current,0,,0.0,,REVIEW,0.8
LN003170,21,0.0,0.0,0.0,0.0,Current,0,,0.0,,REVIEW,0.8
LN003170,22,0.0,0.0,0.0,0.0,Current,0,,0.0,,REVIEW,0.8
LN003170,23,0.0,0.0,0.0,0.0,Current,0,,0.0,,REVIEW,0.8
LN003170,24,0.0,0.0,0.0,0.0,Current,0,,0.0,,REVIEW,0.8
LN003171,1,0.0,0.0,0.0,0.0,Current,0,,0.0,,REVIEW,0.8
LN003171,2,0.0,0.0,0.0,0.0,Current,0,,0.0,,REVIEW,0.8
LN003171,3,0.0,0.0,0.0,0.0,Current,0,,0.0,,REVIEW,0.8
LN003171,4,0.0,0.0,0.0,0.0,Current,0,,0.0,,REVIEW,0.8
LN003171,5,0.0,0.0,0.0,0.0,Current,0,,0.0,,REVIEW,0.8
LN003171,6,0.0,0.0,0.0,0.0,Current,0,,0.0,,REVIEW,0.8
LN003171,7,0.0,0.0,0.0,0.0,Current,0,,0.0,,REVIEW,0.8
LN003171,8,0.0,0.0,0.0,0.0,Current,0,,0.0,,REVIEW,0.8
LN003171,9,0.0,0.0,0.0,0.0,Current,0,,0.0,,REVIEW,0.8
LN003171,10,0.0,0.0,0.0,0.0,Current,0,,0.0,,REVIEW,0.8
LN003171,11,0.0,0.0,0.0,0.0,Current,0,,0.0,,REVIEW,0.8
LN003171,12,0.0,0.0,0.0,0.0,Current,0,,0.0,,REVIEW,0.8
LN003171,13,0.0,0.0,0.0,0.0,Current,0,,0.0,,REVIEW,0.8
LN003171,14,0.0,0.0,0.0,0.0,Current,0,,0.0,,REVIEW,0.8
LN003171,15,0.0,0.0,0.0,0.0,Current,0,,0.0,,REVIEW,0.8
LN003171,16,0.0,0.0,0.0,0.0,Current,0,,0.0,,REVIEW,0.8
LN003171,17,0.0,0.0,0.0,0.0,Current,0,,0.0,,REVIEW,0.8
LN003171,18,0.0,0.0,0.0,0.0,Current,0,,0.0,,REVIEW,0.8
LN003171,19,0.0,0.0,0.0,0.0,Current,0,,0.0,,REVIEW,0.8
LN003171,20,0.0,0.0,0.0,0.0,Current,0,,0.0,,REVIEW,0.8
LN003171,21,0.0,0.0,0.0,0.0,Current,0,,0.0,,REVIEW,0.8
LN003171,22,0.0,0.0,0.0,0.0,Current,0,,0.0,,REVIEW,0.8
LN003171,23,0.0,0.0,0.0,0.0,Current,0,,0.0,,REVIEW,0.8
LN003171,24,0.0,0.0,0.0,0.0,Current,0,,0.0,,REVIEW,0.8
LN003172,1,0.0,0.0,0.0,0.0,Current,0,,0.0,,REVIEW,0.8
LN003172,2,0.0,0.0,0.0,0.0,Current,0,,0.0,,REVIEW,0.8
LN003172,3,0.0,0.0,0.0,0.0,Current,0,,0.0,,REVIEW,0.8
LN003172,4,0.0,0.0,0.0,0.0,Current,0,,0.0,,REVIEW,0.8
LN003172,5,0.0,0.0,0.0,0.0,Current,0,,0.0,,REVIEW,0.8
LN003172,6,0.0,0.0,0.0,0.0,Current,0,,0.0,,REVIEW,0.8
LN003172,7,0.0,0.0,0.0,0.0,Current,0,,0.0,,REVIEW,0.8
LN003172,8,0.0,0.0,0.0,0.0,Current,0,,0.0,,REVIEW,0.8
LN003172,9,0.0,0.0,0.0,0.0,Current,0,,0.0,,REVIEW,0.8
LN003172,10,0.0,0.0,0.0,0.0,Current,0,,0.0,,REVIEW,0.8
LN003172,11,0.0,0.0,0.0,0.0,Current,0,,0.0,,REVIEW,0.8
LN003172,12,0.0,0.0,0.0,0.0,Current,0,,0.0,,REVIEW,0.8
LN003172,13,0.0,0.0,0.0,0.0,Current,0,,0.0,,REVIEW,0.8
LN003173,1,0.0,0.0,0.0,0.0,Current,0,,0.0,,REVIEW,0.8
LN003173,2,0.0,0.0,0.0,0.0,Current,0,,0.0,,REVIEW,0.8
LN003173,3,0.0,0.0,0.0,0.0,Current,0,,0.0,,REVIEW,0.8
LN003173,4,0.0,0.0,0.0,0.0,Current,0,,0.0,,REVIEW,0.8
LN003173,5,0.0,0.0,0.0,0.0,Current,0,,0.0,,REVIEW,0.8
LN003173,6,0.0,0.0,0.0,0.0,Current,0,,0.0,,REVIEW,0.8
LN003173,7,0.0,0.0,0.0,0.0,Current,0,,0.0,,REVIEW,0.8
LN003173,8,0.0,0.0,0.0,0.0,Current,0,,0.0,,REVIEW,0.8
LN003173,9,0.0,0.0,0.0,0.0,Current,0,,0.0,,REVIEW,0.8
LN003173,10,0.0,0.0,0.0,0.0,Current,0,,0.0,,REVIEW,0.8
LN003173,11,0.0,0.0,0.0,0.0,Current,0,,0.0,,REVIEW,0.8
LN003173,12,0.0,0.0,0.0,0.0,Current,0,,0.0,,REVIEW,0.8
LN003173,13,0.0,0.0,0.0,0.0,Current,0,,0.0,,REVIEW,0.8
LN003173,14,0.0,0.0,0.0,0.0,Current,0,,0.0,,REVIEW,0.8
LN003173,15,0.0,0.0,0.0,0.0,Current,0,,0.0,,REVIEW,0.8
LN003173,16,0.0,0.0,0.0,0.0,Current,0,,0.0,,REVIEW,0.8
LN003173,17,0.0,0.0,0.0,0.0,Current,0,,0.0,,REVIEW,0.8
LN003173,18,0.0,0.0,0.0,0.0,Current,0,,0.0,,REVIEW,0.8
LN003173,19,0.0,0.0,0.0,0.0,Current,0,,0.0,,REVIEW,0.8
LN003173,20,0.0,0.0,0.0,0.0,Current,0,,0.0,,REVIEW,0.8
LN003173,21,0.0,0.0,0.0,0.0,Current,0,,0.0,,REVIEW,0.8
LN003173,22,0.0,0.0,0.0,0.0,Current,0,,0.0,,REVIEW,0.8
LN003173,23,0.0,0.0,0.0,0.0,Current,0,,0.0,,REVIEW,0.8
LN003173,24,0.0,0.0,0.0,0.0,Current,0,,0.0,,REVIEW,0.8
LN003174,1,0.0,0.0,0.0,0.0,Current,0,,0.0,,REVIEW,0.8
LN003174,2,0.0,0.0,0.0,0.0,Current,0,,0.0,,REVIEW,0.8
LN003174,3,0.0,0.0,0.0,0.0,Current,0,,0.0,,REVIEW,0.8
LN003174,4,0.0,0.0,0.0,0.0,Current,0,,0.0,,REVIEW,0.8
LN003174,5,0.0,0.0,0.0,0.0,Current,0,,0.0,,REVIEW,0.8
LN003174,6,0.0,0.0,0.0,0.0,Current,0,,0.0,,REVIEW,0.8
LN003174,7,0.0,0.0,0.0,0.0,Current,0,,0.0,,REVIEW,0.8
LN003174,8,0.0,0.0,0.0,0.0,Current,0,,0.0,,REVIEW,0.8
LN003175,1,0.0,0.0,0.0,0.0,Current,0,,0.0,,REVIEW,0.8
LN003175,2,0.0,0.0,0.0,0.0,Current,0,,0.0,,REVIEW,0.8
LN003175,3,0.0,0.0,0.0,0.0,Current,0,,0.0,,REVIEW,0.8
LN003175,4,0.0,0.0,0.0,0.0,Current,0,,0.0,,REVIEW,0.8
LN003175,5,0.0,0.0,0.0,0.0,Current,0,,0.0,,REVIEW,0.8
LN003175,6,0.0,0.0,0.0,0.0,Current,0,,0.0,,REVIEW,0.8
LN003175,7,0.0,0.0,0.0,0.0,Current,0,,0.0,,REVIEW,0.8
LN003175,8,0.0,0.0,0.0,0.0,Current,0,,0.0,,REVIEW,0.8
LN003175,9,0.0,0.0,0.0,0.0,Current,0,,0.0,,REVIEW,0.8
LN003175,10,0.0,0.0,0.0,0.0,Current,0,,0.0,,REVIEW,0.8
LN003175,11,0.0,0.0,0.0,0.0,Current,0,,0.0,,REVIEW,0.8
LN003175,12,0.0,0.0,0.0,0.0,Current,0,,0.0,,REVIEW,0.8
LN003175,13,0.0,0.0,0.0,0.0,Current,0,,0.0,,REVIEW,0.8
LN003175,14,0.0,0.0,0.0,0.0,Current,0,,0.0,,REVIEW,0.8
LN003175,15,0.0,0.0,0.0,0.0,Current,0,,0.0,,REVIEW,0.8
LN003175,16,0.0,0.0,0.0,0.0,Current,0,,0.0,,REVIEW,0.8
LN003175,17,0.0,0.0,0.0,0.0,Current,0,,0.0,,REVIEW,0.8
LN003175,18,0.0,0.0,0.0,0.0,Current,0,,0.0,,REVIEW,0.8
LN003175,19,0.0,0.0,0.0,0.0,Current,0,,0.0,,REVIEW,0.8
LN003175,20,0.0,0.0,0.0,0.0,Current,0,,0.0,,REVIEW,0.8
LN003175,21,0.0,0.0,0.0,0.0,Current,0,,0.0,,REVIEW,0.8
LN003175,22,0.0,0.0,0.0,0.0,Current,0,,0.0,,REVIEW,0.8
LN003175,23,0.0,0.0,0.0,0.0,Current,0,,0.0,,REVIEW,0.8
LN003175,24,0.0,0.0,0.0,0.0,Current,0,,0.0,,REVIEW,0.8
LN003176,1,0.0,0.0,0.0,0.0,Current,0,,0.0,,REVIEW,0.8
LN003176,2,0.0,0.0,0.0,0.0,Current,0,,0.0,,REVIEW,0.8
LN003176,3,0.0,0.0,0.0,0.0,Current,0,,0.0,,REVIEW,0.8
LN003176,4,0.0,0.0,0.0,0.0,Current,0,,0.0,,REVIEW,0.8
LN003176,5,0.0,0.0,0.0,0.0,Current,0,,0.0,,REVIEW,0.8
LN003176,6,0.0,0.0,0.0,0.0,Current,0,,0.0,,REVIEW,0.8
LN003176,7,0.0,0.0,0.0,0.0,Current,0,,0.0,,REVIEW,0.8
LN003176,8,0.0,0.0,0.0,0.0,Current,0,,0.0,,REVIEW,0.8
LN003176,9,0.0,0.0,0.0,0.0,Current,0,,0.0,,REVIEW,0.8
LN003176,10,0.0,0.0,0.0,0.0,Current,0,,0.0,,REVIEW,0.8
LN003176,11,0.0,0.0,0.0,0.0,Current,0,,0.0,,REVIEW,0.8
LN003176,12,0.0,0.0,0.0,0.0,Current,0,,0.0,,REVIEW,0.8
LN003176,13,0.0,0.0,0.0,0.0,Current,0,,0.0,,REVIEW,0.8
LN003176,14,0.0,0.0,0.0,0.0,Current,0,,0.0,,REVIEW,0.8
LN003176,15,0.0,0.0,0.0,0.0,Current,0,,0.0,,REVIEW,0.8
LN003176,16,0.0,0.0,0.0,0.0,Current,0,,0.0,,REVIEW,0.8
LN003176,17,0.0,0.0,0.0,0.0,Current,0,,0.0,,REVIEW,0.8
LN003176,18,0.0,0.0,0.0,0.0,Current,0,,0.0,,REVIEW,0.8
LN003176,19,0.0,0.0,0.0,0.0,Current,0,,0.0,,REVIEW,0.8
LN003176,20,0.0,0.0,0.0,0.0,Current,0,,0.0,,REVIEW,0.8
LN003176,21,0.0,0.0,0.0,0.0,Current,0,,0.0,,REVIEW,0.8
LN003176,22,0.0,0.0,0.0,0.0,Current,0,,0.0,,REVIEW,0.8
LN003176,23,0.0,0.0,0.0,0.0,Current,0,,0.0,,REVIEW,0.8
LN003176,24,0.0,0.0,0.0,0.0,Current,0,,0.0,,REVIEW,0.8
LN003177,1,0.0,0.0,0.0,0.0,Current,0,,0.0,,REVIEW,0.8
LN003177,2,0.0,0.0,0.0,0.0,Current,0,,0.0,,REVIEW,0.8
LN003177,3,0.0,0.0,0.0,0.0,Current,0,,0.0,,REVIEW,0.8
LN003177,4,0.0,0.0,0.0,0.0,Current,0,,0.0,,REVIEW,0.8
LN003177,5,0.0,0.0,0.0,0.0,Current,0,,0.0,,REVIEW,0.8
LN003177,6,0.0,0.0,0.0,0.0,Current,0,,0.0,,REVIEW,0.8
LN003177,7,0.0,0.0,0.0,0.0,Current,0,,0.0,,REVIEW,0.8
LN003177,8,0.0,0.0,0.0,0.0,Current,0,,0.0,,REVIEW,0.8
LN003177,9,0.0,0.0,0.0,0.0,Current,0,,0.0,,REVIEW,0.8
LN003177,10,0.0,0.0,0.0,0.0,Current,0,,0.0,,REVIEW,0.8
LN003177,11,0.0,0.0,0.0,0.0,Current,0,,0.0,,REVIEW,0.8
LN003177,12,0.0,0.0,0.0,0.0,Current,0,,0.0,,REVIEW,0.8
LN003177,13,0.0,0.0,0.0,0.0,Current,0,,0.0,,REVIEW,0.8
LN003177,14,0.0,0.0,0.0,0.0,Current,0,,0.0,,REVIEW,0.8
LN003177,15,0.0,0.0,0.0,0.0,Current,0,,0.0,,REVIEW,0.8
LN003177,16,0.0,0.0,0.0,0.0,Current,0,,0.0,,REVIEW,0.8
LN003177,17,0.0,0.0,0.0,0.0,Current,0,,0.0,,REVIEW,0.8
LN003177,18,0.0,0.0,0.0,0.0,Current,0,,0.0,,REVIEW,0.8
LN003177,19,0.0,0.0,0.0,0.0,Current,0,,0.0,,REVIEW,0.8
LN003177,20,0.0,0.0,0.0,0.0,Current,0,,0.0,,REVIEW,0.8
LN003177,21,0.0,0.0,0.0,0.0,Current,0,,0.0,,REVIEW,0.8
LN003177,22,0.0,0.0,0.0,0.0,Current,0,,0.0,,REVIEW,0.8
LN003178,1,0.0,0.0,0.0,0.0,Current,0,,0.0,,REVIEW,0.8
LN003178,2,0.0,0.0,0.0,0.0,Current,0,,0.0,,REVIEW,0.8
LN003178,3,0.0,0.0,0.0,0.0,Current,0,,0.0,,REVIEW,0.8
LN003178,4,0.0,0.0,0.0,0.0,Current,0,,0.0,,REVIEW,0.8
LN003178,5,0.0,0.0,0.0,0.0,Current,0,,0.0,,REVIEW,0.8
LN003178,6,0.0,0.0,0.0,0.0,Current,0,,0.0,,REVIEW,0.8
LN003178,7,0.0,0.0,0.0,0.0,Current,0,,0.0,,REVIEW,0.8
LN003178,8,0.0,0.0,0.0,0.0,Current,0,,0.0,,REVIEW,0.8
LN003178,9,0.0,0.0,0.0,0.0,Current,0,,0.0,,REVIEW,0.8
LN003178,10,0.0,0.0,0.0,0.0,Current,0,,0.0,,REVIEW,0.8
LN003178,11,0.0,0.0,0.0,0.0,Current,0,,0.0,,REVIEW,0.8
LN003178,12,0.0,0.0,0.0,0.0,Current,0,,0.0,,REVIEW,0.8
LN003178,13,0.0,0.0,0.0,0.0,Current,0,,0.0,,REVIEW,0.8
LN003178,14,0.0,0.0,0.0,0.0,Current,0,,0.0,,REVIEW,0.8
LN003178,15,0.0,0.0,0.0,0.0,Current,0,,0.0,,REVIEW,0.8
LN003178,16,0.0,0.0,0.0,0.0,Current,0,,0.0,,REVIEW,0.8
LN003178,17,0.0,0.0,0.0,0.0,Current,0,,0.0,,REVIEW,0.8
LN003178,18,0.0,0.0,0.0,0.0,Current,0,,0.0,,REVIEW,0.8
LN003178,19,0.0,0.0,0.0,0.0,Current,0,,0.0,,REVIEW,0.8
LN003178,20,0.0,0.0,0.0,0.0,Current,0,,0.0,,REVIEW,0.8
LN003178,21,0.0,0.0,0.0,0.0,Current,0,,0.0,,REVIEW,0.8
LN003178,22,0.0,0.0,0.0,0.0,Current,0,,0.0,,REVIEW,0.8
LN003178,23,0.0,0.0,0.0,0.0,Current,0,,0.0,,REVIEW,0.8
LN003178,24,0.0,0.0,0.0,0.0,Current,0,,0.0,,REVIEW,0.8
LN003179,1,0.0,0.0,0.0,0.0,Current,0,,0.0,,REVIEW,0.8
LN003179,2,0.0,0.0,0.0,0.0,Current,0,,0.0,,REVIEW,0.8
LN003179,3,0.0,0.0,0.0,0.0,Current,0,,0.0,,REVIEW,0.8
LN003179,4,0.0,0.0,0.0,0.0,Current,0,,0.0,,REVIEW,0.8
LN003179,5,0.0,0.0,0.0,0.0,Current,0,,0.0,,REVIEW,0.8
LN003179,6,0.0,0.0,0.0,0.0,Current,0,,0.0,,REVIEW,0.8
LN003179,7,0.0,0.0,0.0,0.0,Current,0,,0.0,,REVIEW,0.8
LN003179,8,0.0,0.0,0.0,0.0,Current,0,,0.0,,REVIEW,0.8
LN003179,9,0.0,0.0,0.0,0.0,Current,0,,0.0,,REVIEW,0.8
LN003179,10,0.0,0.0,0.0,0.0,Current,0,,0.0,,REVIEW,0.8
LN003179,11,0.0,0.0,0.0,0.0,Current,0,,0.0,,REVIEW,0.8
LN003179,12,0.0,0.0,0.0,0.0,Current,0,,0.0,,REVIEW,0.8
LN003179,13,0.0,0.0,0.0,0.0,Current,0,,0.0,,REVIEW,0.8
LN003179,14,0.0,0.0,0.0,0.0,Current,0,,0.0,,REVIEW,0.8
LN003179,15,0.0,0.0,0.0,0.0,Current,0,,0.0,,REVIEW,0.8
LN003179,16,0.0,0.0,0.0,0.0,Current,0,,0.0,,REVIEW,0.8
LN003179,17,0.0,0.0,0.0,0.0,Current,0,,0.0,,REVIEW,0.8
LN003179,18,0.0,0.0,0.0,0.0,Current,0,,0.0,,REVIEW,0.8
LN003179,19,0.0,0.0,0.0,0.0,Current,0,,0.0,,REVIEW,0.8
LN003179,20,0.0,0.0,0.0,0.0,Current,0,,0.0,,REVIEW,0.8
LN003179,21,0.0,0.0,0.0,0.0,Current,0,,0.0,,REVIEW,0.8
LN003179,22,0.0,0.0,0.0,0.0,Current,0,,0.0,,REVIEW,0.8
LN003179,23,0.0,0.0,0.0,0.0,Current,0,,0.0,,REVIEW,0.8
LN003179,24,0.0,0.0,0.0,0.0,Current,0,,0.0,,REVIEW,0.8
LN003180,1,0.0,0.0,0.0,0.0,Current,0,,0.0,,REVIEW,0.8
LN003180,2,0.0,0.0,0.0,0.0,Current,0,,0.0,,REVIEW,0.8
LN003180,3,0.0,0.0,0.0,0.0,Current,0,,0.0,,REVIEW,0.8
LN003180,4,0.0,0.0,0.0,0.0,Current,0,,0.0,,REVIEW,0.8
LN003180,5,0.0,0.0,0.0,0.0,Current,0,,0.0,,REVIEW,0.8
LN003180,6,0.0,0.0,0.0,0.0,Current,0,,0.0,,REVIEW,0.8
LN003180,7,0.0,0.0,0.0,0.0,Current,0,,0.0,,REVIEW,0.8
LN003180,8,0.0,0.0,0.0,0.0,Current,0,,0.0,,REVIEW,0.8
LN003180,9,0.0,0.0,0.0,0.0,Current,0,,0.0,,REVIEW,0.8
LN003180,10,0.0,0.0,0.0,0.0,Current,0,,0.0,,REVIEW,0.8
LN003180,11,0.0,0.0,0.0,0.0,Current,0,,0.0,,REVIEW,0.8
LN003180,12,0.0,0.0,0.0,0.0,Current,0,,0.0,,REVIEW,0.8
LN003180,13,0.0,0.0,0.0,0.0,Current,0,,0.0,,REVIEW,0.8
LN003180,14,0.0,0.0,0.0,0.0,Current,0,,0.0,,REVIEW,0.8
LN003180,15,0.0,0.0,0.0,0.0,Current,0,,0.0,,REVIEW,0.8
LN003180,16,0.0,0.0,0.0,0.0,Current,0,,0.0,,REVIEW,0.8
LN003180,17,0.0,0.0,0.0,0.0,Current,0,,0.0,,REVIEW,0.8
LN003180,18,0.0,0.0,0.0,0.0,Current,0,,0.0,,REVIEW,0.8
LN003180,19,0.0,0.0,0.0,0.0,Current,0,,0.0,,REVIEW,0.8
LN003180,20,0.0,0.0,0.0,0.0,Current,0,,0.0,,REVIEW,0.8
LN003180,21,0.0,0.0,0.0,0.0,Current,0,,0.0,,REVIEW,0.8
LN003180,22,0.0,0.0,0.0,0.0,Current,0,,0.0,,REVIEW,0.8
LN003180,23,0.0,0.0,0.0,0.0,Current,0,,0.0,,REVIEW,0.8
LN003180,24,0.0,0.0,0.0,0.0,Current,0,,0.0,,REVIEW,0.8
LN003181,1,0.0,0.0,0.0,0.0,Current,0,,0.0,,REVIEW,0.8
LN003181,2,0.0,0.0,0.0,0.0,Current,0,,0.0,,REVIEW,0.8
LN003181,3,0.0,0.0,0.0,0.0,Current,0,,0.0,,REVIEW,0.8
LN003181,4,0.0,0.0,0.0,0.0,Current,0,,0.0,,REVIEW,0.8
LN003181,5,0.0,0.0,0.0,0.0,Current,0,,0.0,,REVIEW,0.8
LN003181,6,0.0,0.0,0.0,0.0,Current,0,,0.0,,REVIEW,0.8
LN003181,7,0.0,0.0,0.0,0.0,Current,0,,0.0,,REVIEW,0.8
LN003181,8,0.0,0.0,0.0,0.0,Current,0,,0.0,,REVIEW,0.8
LN003181,9,0.0,0.0,0.0,0.0,Current,0,,0.0,,REVIEW,0.8
LN003181,10,0.0,0.0,0.0,0.0,Current,0,,0.0,,REVIEW,0.8
LN003181,11,0.0,0.0,0.0,0.0,Current,0,,0.0,,REVIEW,0.8
LN003181,12,0.0,0.0,0.0,0.0,Current,0,,0.0,,REVIEW,0.8
LN003181,13,0.0,0.0,0.0,0.0,Current,0,,0.0,,REVIEW,0.8
LN003181,14,0.0,0.0,0.0,0.0,Current,0,,0.0,,REVIEW,0.8
LN003181,15,0.0,0.0,0.0,0.0,Current,0,,0.0,,REVIEW,0.8
LN003181,16,0.0,0.0,0.0,0.0,Current,0,,0.0,,REVIEW,0.8
LN003181,17,0.0,0.0,0.0,0.0,Current,0,,0.0,,REVIEW,0.8
LN003181,18,0.0,0.0,0.0,0.0,Current,0,,0.0,,REVIEW,0.8
LN003181,19,0.0,0.0,0.0,0.0,Current,0,,0.0,,REVIEW,0.8
LN003181,20,0.0,0.0,0.0,0.0,Current,0,,0.0,,REVIEW,0.8
LN003181,21,0.0,0.0,0.0,0.0,Current,0,,0.0,,REVIEW,0.8
LN003181,22,0.0,0.0,0.0,0.0,Current,0,,0.0,,REVIEW,0.8
LN003181,23,0.0,0.0,0.0,0.0,Current,0,,0.0,,REVIEW,0.8
LN003181,24,0.0,0.0,0.0,0.0,Current,0,,0.0,,REVIEW,0.8
LN003182,1,0.0,0.0,0.0,0.0,Current,0,,0.0,,REVIEW,0.8
LN003182,2,0.0,0.0,0.0,0.0,Current,0,,0.0,,REVIEW,0.8
LN003182,3,0.0,0.0,0.0,0.0,Current,0,,0.0,,REVIEW,0.8
LN003182,4,0.0,0.0,0.0,0.0,Current,0,,0.0,,REVIEW,0.8
LN003183,1,0.0,0.0,0.0,0.0,Current,0,,0.0,,REVIEW,0.8
LN003183,2,0.0,0.0,0.0,0.0,Current,0,,0.0,,REVIEW,0.8
LN003183,3,0.0,0.0,0.0,0.0,Current,0,,0.0,,REVIEW,0.8
LN003183,4,0.0,0.0,0.0,0.0,Current,0,,0.0,,REVIEW,0.8
LN003183,5,0.0,0.0,0.0,0.0,Current,0,,0.0,,REVIEW,0.8
LN003183,6,0.0,0.0,0.0,0.0,Current,0,,0.0,,REVIEW,0.8
LN003183,7,0.0,0.0,0.0,0.0,Current,0,,0.0,,REVIEW,0.8
LN003183,8,0.0,0.0,0.0,0.0,Current,0,,0.0,,REVIEW,0.8
LN003183,9,0.0,0.0,0.0,0.0,Current,0,,0.0,,REVIEW,0.8
LN003183,10,0.0,0.0,0.0,0.0,Current,0,,0.0,,REVIEW,0.8
LN003183,11,0.0,0.0,0.0,0.0,Current,0,,0.0,,REVIEW,0.8
LN003183,12,0.0,0.0,0.0,0.0,Current,0,,0.0,,REVIEW,0.8
LN003183,13,0.0,0.0,0.0,0.0,Current,0,,0.0,,REVIEW,0.8
LN003183,14,0.0,0.0,0.0,0.0,Current,0,,0.0,,REVIEW,0.8
LN003183,15,0.0,0.0,0.0,0.0,Current,0,,0.0,,REVIEW,0.8
LN003183,16,0.0,0.0,0.0,0.0,Current,0,,0.0,,REVIEW,0.8
LN003183,17,0.0,0.0,0.0,0.0,Current,0,,0.0,,REVIEW,0.8
LN003183,18,0.0,0.0,0.0,0.0,Current,0,,0.0,,REVIEW,0.8
LN003183,19,0.0,0.0,0.0,0.0,Current,0,,0.0,,REVIEW,0.8
LN003183,20,0.0,0.0,0.0,0.0,Current,0,,0.0,,REVIEW,0.8
LN003183,21,0.0,0.0,0.0,0.0,Current,0,,0.0,,REVIEW,0.8
LN003183,22,0.0,0.0,0.0,0.0,Current,0,,0.0,,REVIEW,0.8
LN003183,23,0.0,0.0,0.0,0.0,Current,0,,0.0,,REVIEW,0.8
LN003183,24,0.0,0.0,0.0,0.0,Current,0,,0.0,,REVIEW,0.8
LN003184,1,0.0,0.0,0.0,0.0,Current,0,,0.0,,REVIEW,0.8
LN003184,2,0.0,0.0,0.0,0.0,Current,0,,0.0,,REVIEW,0.8
LN003184,3,0.0,0.0,0.0,0.0,Current,0,,0.0,,REVIEW,0.8
LN003184,4,0.0,0.0,0.0,0.0,Current,0,,0.0,,REVIEW,0.8
LN003184,5,0.0,0.0,0.0,0.0,Current,0,,0.0,,REVIEW,0.8
LN003184,6,0.0,0.0,0.0,0.0,Current,0,,0.0,,REVIEW,0.8
LN003184,7,0.0,0.0,0.0,0.0,Current,0,,0.0,,REVIEW,0.8
LN003184,8,0.0,0.0,0.0,0.0,Current,0,,0.0,,REVIEW,0.8
LN003184,9,0.0,0.0,0.0,0.0,Current,0,,0.0,,REVIEW,0.8
LN003184,10,0.0,0.0,0.0,0.0,Current,0,,0.0,,REVIEW,0.8
LN003184,11,0.0,0.0,0.0,0.0,Current,0,,0.0,,REVIEW,0.8
LN003184,12,0.0,0.0,0.0,0.0,Current,0,,0.0,,REVIEW,0.8
LN003184,13,0.0,0.0,0.0,0.0,Current,0,,0.0,,REVIEW,0.8
LN003184,14,0.0,0.0,0.0,0.0,Current,0,,0.0,,REVIEW,0.8
LN003184,15,0.0,0.0,0.0,0.0,Current,0,,0.0,,REVIEW,0.8
LN003184,16,0.0,0.0,0.0,0.0,Current,0,,0.0,,REVIEW,0.8
LN003184,17,0.0,0.0,0.0,0.0,Current,0,,0.0,,REVIEW,0.8
LN003184,18,0.0,0.0,0.0,0.0,Current,0,,0.0,,REVIEW,0.8
LN003184,19,0.0,0.0,0.0,0.0,Current,0,,0.0,,REVIEW,0.8
LN003184,20,0.0,0.0,0.0,0.0,Current,0,,0.0,,REVIEW,0.8
LN003184,21,0.0,0.0,0.0,0.0,Current,0,,0.0,,REVIEW,0.8
LN003184,22,0.0,0.0,0.0,0.0,Current,0,,0.0,,REVIEW,0.8
LN003184,23,0.0,0.0,0.0,0.0,Current,0,,0.0,,REVIEW,0.8
LN003184,24,0.0,0.0,0.0,0.0,Current,0,,0.0,,REVIEW,0.8
LN003185,1,0.0,0.0,0.0,0.0,Current,0,,0.0,,REVIEW,0.8
LN003185,2,0.0,0.0,0.0,0.0,Current,0,,0.0,,REVIEW,0.8
LN003185,3,0.0,0.0,0.0,0.0,Current,0,,0.0,,REVIEW,0.8
LN003185,4,0.0,0.0,0.0,0.0,Current,0,,0.0,,REVIEW,0.8
LN003185,5,0.0,0.0,0.0,0.0,Current,0,,0.0,,REVIEW,0.8
LN003185,6,0.0,0.0,0.0,0.0,Current,0,,0.0,,REVIEW,0.8
LN003185,7,0.0,0.0,0.0,0.0,Current,0,,0.0,,REVIEW,0.8
LN003185,8,0.0,0.0,0.0,0.0,Current,0,,0.0,,REVIEW,0.8
LN003185,9,0.0,0.0,0.0,0.0,Current,0,,0.0,,REVIEW,0.8
LN003185,10,0.0,0.0,0.0,0.0,Current,0,,0.0,,REVIEW,0.8
LN003185,11,0.0,0.0,0.0,0.0,Current,0,,0.0,,REVIEW,0.8
LN003185,12,0.0,0.0,0.0,0.0,Current,0,,0.0,,REVIEW,0.8
LN003185,13,0.0,0.0,0.0,0.0,Current,0,,0.0,,REVIEW,0.8
LN003185,14,0.0,0.0,0.0,0.0,Current,0,,0.0,,REVIEW,0.8
LN003185,15,0.0,0.0,0.0,0.0,Current,0,,0.0,,REVIEW,0.8
LN003185,16,0.0,0.0,0.0,0.0,Current,0,,0.0,,REVIEW,0.8
LN003185,17,0.0,0.0,0.0,0.0,Current,0,,0.0,,REVIEW,0.8
LN003185,18,0.0,0.0,0.0,0.0,Current,0,,0.0,,REVIEW,0.8
LN003185,19,0.0,0.0,0.0,0.0,Current,0,,0.0,,REVIEW,0.8
LN003185,20,0.0,0.0,0.0,0.0,Current,0,,0.0,,REVIEW,0.8
LN003185,21,0.0,0.0,0.0,0.0,Current,0,,0.0,,REVIEW,0.8
LN003185,22,0.0,0.0,0.0,0.0,Current,0,,0.0,,REVIEW,0.8
LN003185,23,0.0,0.0,0.0,0.0,Current,0,,0.0,,REVIEW,0.8
LN003185,24,0.0,0.0,0.0,0.0,Current,0,,0.0,,REVIEW,0.8
LN003186,1,0.0,0.0,0.0,0.0,Current,0,,0.0,,REVIEW,0.8
LN003186,2,0.0,0.0,0.0,0.0,Current,0,,0.0,,REVIEW,0.8
LN003186,3,0.0,0.0,0.0,0.0,Current,0,,0.0,,REVIEW,0.8
LN003186,4,0.0,0.0,0.0,0.0,Current,0,,0.0,,REVIEW,0.8
LN003186,5,0.0,0.0,0.0,0.0,Current,0,,0.0,,REVIEW,0.8
LN003186,6,0.0,0.0,0.0,0.0,Current,0,,0.0,,REVIEW,0.8
LN003186,7,0.0,0.0,0.0,0.0,Current,0,,0.0,,REVIEW,0.8
LN003186,8,0.0,0.0,0.0,0.0,Current,0,,0.0,,REVIEW,0.8
LN003186,9,0.0,0.0,0.0,0.0,Current,0,,0.0,,REVIEW,0.8
LN003186,10,0.0,0.0,0.0,0.0,Current,0,,0.0,,REVIEW,0.8
LN003186,11,0.0,0.0,0.0,0.0,Current,0,,0.0,,REVIEW,0.8
LN003186,12,0.0,0.0,0.0,0.0,Current,0,,0.0,,REVIEW,0.8
LN003186,13,0.0,0.0,0.0,0.0,Current,0,,0.0,,REVIEW,0.8
LN003186,14,0.0,0.0,0.0,0.0,Current,0,,0.0,,REVIEW,0.8
LN003186,15,0.0,0.0,0.0,0.0,Current,0,,0.0,,REVIEW,0.8
LN003186,16,0.0,0.0,0.0,0.0,Current,0,,0.0,,REVIEW,0.8
LN003186,17,0.0,0.0,0.0,0.0,Current,0,,0.0,,REVIEW,0.8
LN003186,18,0.0,0.0,0.0,0.0,Current,0,,0.0,,REVIEW,0.8
LN003186,19,0.0,0.0,0.0,0.0,Current,0,,0.0,,REVIEW,0.8
LN003186,20,0.0,0.0,0.0,0.0,Current,0,,0.0,,REVIEW,0.8
LN003186,21,0.0,0.0,0.0,0.0,Current,0,,0.0,,REVIEW,0.8
LN003186,22,0.0,0.0,0.0,0.0,Current,0,,0.0,,REVIEW,0.8
LN003186,23,0.0,0.0,0.0,0.0,Current,0,,0.0,,REVIEW,0.8
LN003186,24,0.0,0.0,0.0,0.0,Current,0,,0.0,,REVIEW,0.8
LN003187,1,0.0,0.0,0.0,0.0,Current,0,,0.0,,REVIEW,0.8
LN003187,2,0.0,0.0,0.0,0.0,Current,0,,0.0,,REVIEW,0.8
LN003187,3,0.0,0.0,0.0,0.0,Current,0,,0.0,,REVIEW,0.8
LN003187,4,0.0,0.0,0.0,0.0,Current,0,,0.0,,REVIEW,0.8
LN003187,5,0.0,0.0,0.0,0.0,Current,0,,0.0,,REVIEW,0.8
LN003187,6,0.0,0.0,0.0,0.0,Current,0,,0.0,,REVIEW,0.8
LN003187,7,0.0,0.0,0.0,0.0,Current,0,,0.0,,REVIEW,0.8
LN003187,8,0.0,0.0,0.0,0.0,Current,0,,0.0,,REVIEW,0.8
LN003187,9,0.0,0.0,0.0,0.0,Current,0,,0.0,,REVIEW,0.8
LN003187,10,0.0,0.0,0.0,0.0,Current,0,,0.0,,REVIEW,0.8
LN003187,11,0.0,0.0,0.0,0.0,Current,0,,0.0,,REVIEW,0.8
LN003187,12,0.0,0.0,0.0,0.0,Current,0,,0.0,,REVIEW,0.8
LN003187,13,0.0,0.0,0.0,0.0,Current,0,,0.0,,REVIEW,0.8
LN003187,14,0.0,0.0,0.0,0.0,Current,0,,0.0,,REVIEW,0.8
LN003187,15,0.0,0.0,0.0,0.0,Current,0,,0.0,,REVIEW,0.8
LN003187,16,0.0,0.0,0.0,0.0,Current,0,,0.0,,REVIEW,0.8
LN003187,17,0.0,0.0,0.0,0.0,Current,0,,0.0,,REVIEW,0.8
LN003187,18,0.0,0.0,0.0,0.0,Current,0,,0.0,,REVIEW,0.8
LN003187,19,0.0,0.0,0.0,0.0,Current,0,,0.0,,REVIEW,0.8
LN003187,20,0.0,0.0,0.0,0.0,Current,0,,0.0,,REVIEW,0.8
LN003187,21,0.0,0.0,0.0,0.0,Current,0,,0.0,,REVIEW,0.8
LN003187,22,0.0,0.0,0.0,0.0,Current,0,,0.0,,REVIEW,0.8
LN003187,23,0.0,0.0,0.0,0.0,Current,0,,0.0,,REVIEW,0.8
LN003187,24,0.0,0.0,0.0,0.0,Current,0,,0.0,,REVIEW,0.8
LN003188,1,0.0,0.0,0.0,0.0,Current,0,,0.0,,REVIEW,0.8
LN003188,2,0.0,0.0,0.0,0.0,Current,0,,0.0,,REVIEW,0.8
LN003188,3,0.0,0.0,0.0,0.0,Current,0,,0.0,,REVIEW,0.8
LN003188,4,0.0,0.0,0.0,0.0,Current,0,,0.0,,REVIEW,0.8
LN003188,5,0.0,0.0,0.0,0.0,Current,0,,0.0,,REVIEW,0.8
LN003188,6,0.0,0.0,0.0,0.0,Current,0,,0.0,,REVIEW,0.8
LN003188,7,0.0,0.0,0.0,0.0,Current,0,,0.0,,REVIEW,0.8
LN003188,8,0.0,0.0,0.0,0.0,Current,0,,0.0,,REVIEW,0.8
LN003188,9,0.0,0.0,0.0,0.0,Current,0,,0.0,,REVIEW,0.8
LN003188,10,0.0,0.0,0.0,0.0,Current,0,,0.0,,REVIEW,0.8
LN003188,11,0.0,0.0,0.0,0.0,Current,0,,0.0,,REVIEW,0.8
LN003188,12,0.0,0.0,0.0,0.0,Current,0,,0.0,,REVIEW,0.8
LN003188,13,0.0,0.0,0.0,0.0,Current,0,,0.0,,REVIEW,0.8
LN003188,14,0.0,0.0,0.0,0.0,Current,0,,0.0,,REVIEW,0.8
LN003188,15,0.0,0.0,0.0,0.0,Current,0,,0.0,,REVIEW,0.8
LN003188,16,0.0,0.0,0.0,0.0,Current,0,,0.0,,REVIEW,0.8
LN003188,17,0.0,0.0,0.0,0.0,Current,0,,0.0,,REVIEW,0.8
LN003188,18,0.0,0.0,0.0,0.0,Current,0,,0.0,,REVIEW,0.8
LN003188,19,0.0,0.0,0.0,0.0,Current,0,,0.0,,REVIEW,0.8
LN003188,20,0.0,0.0,0.0,0.0,Current,0,,0.0,,REVIEW,0.8
LN003188,21,0.0,0.0,0.0,0.0,Current,0,,0.0,,REVIEW,0.8
LN003188,22,0.0,0.0,0.0,0.0,Current,0,,0.0,,REVIEW,0.8
LN003188,23,0.0,0.0,0.0,0.0,Current,0,,0.0,,REVIEW,0.8
LN003188,24,0.0,0.0,0.0,0.0,Current,0,,0.0,,REVIEW,0.8
LN003189,1,0.0,0.0,0.0,0.0,Current,0,,0.0,,REVIEW,0.8
LN003189,2,0.0,0.0,0.0,0.0,Current,0,,0.0,,REVIEW,0.8
LN003189,3,0.0,0.0,0.0,0.0,Current,0,,0.0,,REVIEW,0.8
LN003189,4,0.0,0.0,0.0,0.0,Current,0,,0.0,,REVIEW,0.8
LN003189,5,0.0,0.0,0.0,0.0,Current,0,,0.0,,REVIEW,0.8
LN003189,6,0.0,0.0,0.0,0.0,Current,0,,0.0,,REVIEW,0.8
LN003189,7,0.0,0.0,0.0,0.0,Current,0,,0.0,,REVIEW,0.8
LN003189,8,0.0,0.0,0.0,0.0,Current,0,,0.0,,REVIEW,0.8
LN003189,9,0.0,0.0,0.0,0.0,Current,0,,0.0,,REVIEW,0.8
LN003189,10,0.0,0.0,0.0,0.0,Current,0,,0.0,,REVIEW,0.8
LN003189,11,0.0,0.0,0.0,0.0,Current,0,,0.0,,REVIEW,0.8
LN003189,12,0.0,0.0,0.0,0.0,Current,0,,0.0,,REVIEW,0.8
LN003189,13,0.0,0.0,0.0,0.0,Current,0,,0.0,,REVIEW,0.8
LN003189,14,0.0,0.0,0.0,0.0,Current,0,,0.0,,REVIEW,0.8
LN003189,15,0.0,0.0,0.0,0.0,Current,0,,0.0,,REVIEW,0.8
LN003189,16,0.0,0.0,0.0,0.0,Current,0,,0.0,,REVIEW,0.8
LN003189,17,0.0,0.0,0.0,0.0,Current,0,,0.0,,REVIEW,0.8
LN003189,18,0.0,0.0,0.0,0.0,Current,0,,0.0,,REVIEW,0.8
LN003189,19,0.0,0.0,0.0,0.0,Current,0,,0.0,,REVIEW,0.8
LN003189,20,0.0,0.0,0.0,0.0,Current,0,,0.0,,REVIEW,0.8
LN003189,21,0.0,0.0,0.0,0.0,Current,0,,0.0,,REVIEW,0.8
LN003189,22,0.0,0.0,0.0,0.0,Current,0,,0.0,,REVIEW,0.8
LN003189,23,0.0,0.0,0.0,0.0,Current,0,,0.0,,REVIEW,0.8
LN003189,24,0.0,0.0,0.0,0.0,Current,0,,0.0,,REVIEW,0.8
LN003190,1,0.0,0.0,0.0,0.0,Current,0,,0.0,,REVIEW,0.8
LN003190,2,0.0,0.0,0.0,0.0,Current,0,,0.0,,REVIEW,0.8
LN003190,3,0.0,0.0,0.0,0.0,Current,0,,0.0,,REVIEW,0.8
LN003190,4,0.0,0.0,0.0,0.0,Current,0,,0.0,,REVIEW,0.8
LN003190,5,0.0,0.0,0.0,0.0,Current,0,,0.0,,REVIEW,0.8
LN003190,6,0.0,0.0,0.0,0.0,Current,0,,0.0,,REVIEW,0.8
LN003190,7,0.0,0.0,0.0,0.0,Current,0,,0.0,,REVIEW,0.8
LN003190,8,0.0,0.0,0.0,0.0,Current,0,,0.0,,REVIEW,0.8
LN003190,9,0.0,0.0,0.0,0.0,Current,0,,0.0,,REVIEW,0.8
LN003190,10,0.0,0.0,0.0,0.0,Current,0,,0.0,,REVIEW,0.8
LN003190,11,0.0,0.0,0.0,0.0,Current,0,,0.0,,REVIEW,0.8
LN003190,12,0.0,0.0,0.0,0.0,Current,0,,0.0,,REVIEW,0.8
LN003190,13,0.0,0.0,0.0,0.0,Current,0,,0.0,,REVIEW,0.8
LN003190,14,0.0,0.0,0.0,0.0,Current,0,,0.0,,REVIEW,0.8
LN003190,15,0.0,0.0,0.0,0.0,Current,0,,0.0,,REVIEW,0.8
LN003190,16,0.0,0.0,0.0,0.0,Current,0,,0.0,,REVIEW,0.8
LN003190,17,0.0,0.0,0.0,0.0,Current,0,,0.0,,REVIEW,0.8
LN003190,18,0.0,0.0,0.0,0.0,Current,0,,0.0,,REVIEW,0.8
LN003190,19,0.0,0.0,0.0,0.0,Current,0,,0.0,,REVIEW,0.8
LN003190,20,0.0,0.0,0.0,0.0,Current,0,,0.0,,REVIEW,0.8
LN003190,21,0.0,0.0,0.0,0.0,Current,0,,0.0,,REVIEW,0.8
LN003190,22,0.0,0.0,0.0,0.0,Current,0,,0.0,,REVIEW,0.8
LN003190,23,0.0,0.0,0.0,0.0,Current,0,,0.0,,REVIEW,0.8
LN003190,24,0.0,0.0,0.0,0.0,Current,0,,0.0,,REVIEW,0.8
LN003191,1,0.0,0.0,0.0,0.0,Current,0,,0.0,,REVIEW,0.8
LN003191,2,0.0,0.0,0.0,0.0,Current,0,,0.0,,REVIEW,0.8
LN003191,3,0.0,0.0,0.0,0.0,Current,0,,0.0,,REVIEW,0.8
LN003191,4,0.0,0.0,0.0,0.0,Current,0,,0.0,,REVIEW,0.8
LN003191,5,0.0,0.0,0.0,0.0,Current,0,,0.0,,REVIEW,0.8
LN003191,6,0.0,0.0,0.0,0.0,Current,0,,0.0,,REVIEW,0.8
LN003191,7,0.0,0.0,0.0,0.0,Current,0,,0.0,,REVIEW,0.8
LN003191,8,0.0,0.0,0.0,0.0,Current,0,,0.0,,REVIEW,0.8
LN003191,9,0.0,0.0,0.0,0.0,Current,0,,0.0,,REVIEW,0.8
LN003191,10,0.0,0.0,0.0,0.0,Current,0,,0.0,,REVIEW,0.8
LN003191,11,0.0,0.0,0.0,0.0,Current,0,,0.0,,REVIEW,0.8
LN003191,12,0.0,0.0,0.0,0.0,Current,0,,0.0,,REVIEW,0.8
LN003191,13,0.0,0.0,0.0,0.0,Current,0,,0.0,,REVIEW,0.8
LN003191,14,0.0,0.0,0.0,0.0,Current,0,,0.0,,REVIEW,0.8
LN003191,15,0.0,0.0,0.0,0.0,Current,0,,0.0,,REVIEW,0.8
LN003191,16,0.0,0.0,0.0,0.0,Current,0,,0.0,,REVIEW,0.8
LN003191,17,0.0,0.0,0.0,0.0,Current,0,,0.0,,REVIEW,0.8
LN003191,18,0.0,0.0,0.0,0.0,Current,0,,0.0,,REVIEW,0.8
LN003191,19,0.0,0.0,0.0,0.0,Current,0,,0.0,,REVIEW,0.8
LN003191,20,0.0,0.0,0.0,0.0,Current,0,,0.0,,REVIEW,0.8
LN003191,21,0.0,0.0,0.0,0.0,Current,0,,0.0,,REVIEW,0.8
LN003191,22,0.0,0.0,0.0,0.0,Current,0,,0.0,,REVIEW,0.8
LN003191,23,0.0,0.0,0.0,0.0,Current,0,,0.0,,REVIEW,0.8
LN003191,24,0.0,0.0,0.0,0.0,Current,0,,0.0,,REVIEW,0.8
LN003192,1,0.0,0.0,0.0,0.0,Current,0,,0.0,,REVIEW,0.8
LN003192,2,0.0,0.0,0.0,0.0,Current,0,,0.0,,REVIEW,0.8
LN003192,3,0.0,0.0,0.0,0.0,Current,0,,0.0,,REVIEW,0.8
LN003192,4,0.0,0.0,0.0,0.0,Current,0,,0.0,,REVIEW,0.8
LN003192,5,0.0,0.0,0.0,0.0,Current,0,,0.0,,REVIEW,0.8
LN003192,6,0.0,0.0,0.0,0.0,Current,0,,0.0,,REVIEW,0.8
LN003192,7,0.0,0.0,0.0,0.0,Current,0,,0.0,,REVIEW,0.8
LN003192,8,0.0,0.0,0.0,0.0,Current,0,,0.0,,REVIEW,0.8
LN003192,9,0.0,0.0,0.0,0.0,Current,0,,0.0,,REVIEW,0.8
LN003192,10,0.0,0.0,0.0,0.0,Current,0,,0.0,,REVIEW,0.8
LN003192,11,0.0,0.0,0.0,0.0,Current,0,,0.0,,REVIEW,0.8
LN003192,12,0.0,0.0,0.0,0.0,Current,0,,0.0,,REVIEW,0.8
LN003192,13,0.0,0.0,0.0,0.0,Current,0,,0.0,,REVIEW,0.8
LN003192,14,0.0,0.0,0.0,0.0,Current,0,,0.0,,REVIEW,0.8
LN003192,15,0.0,0.0,0.0,0.0,Current,0,,0.0,,REVIEW,0.8
LN003192,16,0.0,0.0,0.0,0.0,Current,0,,0.0,,REVIEW,0.8
LN003192,17,0.0,0.0,0.0,0.0,Current,0,,0.0,,REVIEW,0.8
LN003192,18,0.0,0.0,0.0,0.0,Current,0,,0.0,,REVIEW,0.8
LN003192,19,0.0,0.0,0.0,0.0,Current,0,,0.0,,REVIEW,0.8
LN003192,20,0.0,0.0,0.0,0.0,Current,0,,0.0,,REVIEW,0.8
LN003192,21,0.0,0.0,0.0,0.0,Current,0,,0.0,,REVIEW,0.8
LN003192,22,0.0,0.0,0.0,0.0,Current,0,,0.0,,REVIEW,0.8
LN003192,23,0.0,0.0,0.0,0.0,Current,0,,0.0,,REVIEW,0.8
LN003192,24,0.0,0.0,0.0,0.0,Current,0,,0.0,,REVIEW,0.8
LN003193,1,0.0,0.0,0.0,0.0,Current,0,,0.0,,REVIEW,0.8
LN003193,2,0.0,0.0,0.0,0.0,Current,0,,0.0,,REVIEW,0.8
LN003193,3,0.0,0.0,0.0,0.0,Current,0,,0.0,,REVIEW,0.8
LN003193,4,0.0,0.0,0.0,0.0,Current,0,,0.0,,REVIEW,0.8
LN003193,5,0.0,0.0,0.0,0.0,Current,0,,0.0,,REVIEW,0.8
LN003193,6,0.0,0.0,0.0,0.0,Current,0,,0.0,,REVIEW,0.8
LN003193,7,0.0,0.0,0.0,0.0,Current,0,,0.0,,REVIEW,0.8
LN003193,8,0.0,0.0,0.0,0.0,Current,0,,0.0,,REVIEW,0.8
LN003193,9,0.0,0.0,0.0,0.0,Current,0,,0.0,,REVIEW,0.8
LN003193,10,0.0,0.0,0.0,0.0,Current,0,,0.0,,REVIEW,0.8
LN003193,11,0.0,0.0,0.0,0.0,Current,0,,0.0,,REVIEW,0.8
LN003193,12,0.0,0.0,0.0,0.0,Current,0,,0.0,,REVIEW,0.8
LN003193,13,0.0,0.0,0.0,0.0,Current,0,,0.0,,REVIEW,0.8
LN003193,14,0.0,0.0,0.0,0.0,Current,0,,0.0,,REVIEW,0.8
LN003193,15,0.0,0.0,0.0,0.0,Current,0,,0.0,,REVIEW,0.8
LN003193,16,0.0,0.0,0.0,0.0,Current,0,,0.0,,REVIEW,0.8
LN003193,17,0.0,0.0,0.0,0.0,Current,0,,0.0,,REVIEW,0.8
LN003193,18,0.0,0.0,0.0,0.0,Current,0,,0.0,,REVIEW,0.8
LN003193,19,0.0,0.0,0.0,0.0,Current,0,,0.0,,REVIEW,0.8
LN003193,20,0.0,0.0,0.0,0.0,Current,0,,0.0,,REVIEW,0.8
LN003194,1,0.0,0.0,0.0,0.0,Current,0,,0.0,,REVIEW,0.8
LN003194,2,0.0,0.0,0.0,0.0,Current,0,,0.0,,REVIEW,0.8
LN003194,3,0.0,0.0,0.0,0.0,Current,0,,0.0,,REVIEW,0.8
LN003194,4,0.0,0.0,0.0,0.0,Current,0,,0.0,,REVIEW,0.8
LN003194,5,0.0,0.0,0.0,0.0,Current,0,,0.0,,REVIEW,0.8
LN003194,6,0.0,0.0,0.0,0.0,Current,0,,0.0,,REVIEW,0.8
LN003194,7,0.0,0.0,0.0,0.0,Current,0,,0.0,,REVIEW,0.8
LN003194,8,0.0,0.0,0.0,0.0,Current,0,,0.0,,REVIEW,0.8
LN003194,9,0.0,0.0,0.0,0.0,Current,0,,0.0,,REVIEW,0.8
LN003194,10,0.0,0.0,0.0,0.0,Current,0,,0.0,,REVIEW,0.8
LN003194,11,0.0,0.0,0.0,0.0,Current,0,,0.0,,REVIEW,0.8
LN003194,12,0.0,0.0,0.0,0.0,Current,0,,0.0,,REVIEW,0.8
LN003194,13,0.0,0.0,0.0,0.0,Current,0,,0.0,,REVIEW,0.8
LN003194,14,0.0,0.0,0.0,0.0,Current,0,,0.0,,REVIEW,0.8
LN003194,15,0.0,0.0,0.0,0.0,Current,0,,0.0,,REVIEW,0.8
LN003194,16,0.0,0.0,0.0,0.0,Current,0,,0.0,,REVIEW,0.8
LN003194,17,0.0,0.0,0.0,0.0,Current,0,,0.0,,REVIEW,0.8
LN003194,18,0.0,0.0,0.0,0.0,Current,0,,0.0,,REVIEW,0.8
LN003194,19,0.0,0.0,0.0,0.0,Current,0,,0.0,,REVIEW,0.8
LN003194,20,0.0,0.0,0.0,0.0,Current,0,,0.0,,REVIEW,0.8
LN003194,21,0.0,0.0,0.0,0.0,Current,0,,0.0,,REVIEW,0.8
LN003194,22,0.0,0.0,0.0,0.0,Current,0,,0.0,,REVIEW,0.8
LN003194,23,0.0,0.0,0.0,0.0,Current,0,,0.0,,REVIEW,0.8
LN003194,24,0.0,0.0,0.0,0.0,Current,0,,0.0,,REVIEW,0.8
LN003195,1,0.0,0.0,0.0,0.0,Current,0,,0.0,,REVIEW,0.8
LN003195,2,0.0,0.0,0.0,0.0,Current,0,,0.0,,REVIEW,0.8
LN003195,3,0.0,0.0,0.0,0.0,Current,0,,0.0,,REVIEW,0.8
LN003195,4,0.0,0.0,0.0,0.0,Current,0,,0.0,,REVIEW,0.8
LN003195,5,0.0,0.0,0.0,0.0,Current,0,,0.0,,REVIEW,0.8
LN003195,6,0.0,0.0,0.0,0.0,Current,0,,0.0,,REVIEW,0.8
LN003195,7,0.0,0.0,0.0,0.0,Current,0,,0.0,,REVIEW,0.8
LN003195,8,0.0,0.0,0.0,0.0,Current,0,,0.0,,REVIEW,0.8
LN003195,9,0.0,0.0,0.0,0.0,Current,0,,0.0,,REVIEW,0.8
LN003195,10,0.0,0.0,0.0,0.0,Current,0,,0.0,,REVIEW,0.8
LN003195,11,0.0,0.0,0.0,0.0,Current,0,,0.0,,REVIEW,0.8
LN003195,12,0.0,0.0,0.0,0.0,Current,0,,0.0,,REVIEW,0.8
LN003195,13,0.0,0.0,0.0,0.0,Current,0,,0.0,,REVIEW,0.8
LN003195,14,0.0,0.0,0.0,0.0,Current,0,,0.0,,REVIEW,0.8
LN003195,15,0.0,0.0,0.0,0.0,Current,0,,0.0,,REVIEW,0.8
LN003195,16,0.0,0.0,0.0,0.0,Current,0,,0.0,,REVIEW,0.8
LN003195,17,0.0,0.0,0.0,0.0,Current,0,,0.0,,REVIEW,0.8
LN003195,18,0.0,0.0,0.0,0.0,Current,0,,0.0,,REVIEW,0.8
LN003195,19,0.0,0.0,0.0,0.0,Current,0,,0.0,,REVIEW,0.8
LN003195,20,0.0,0.0,0.0,0.0,Current,0,,0.0,,REVIEW,0.8
LN003196,1,0.0,0.0,0.0,0.0,Current,0,,0.0,,REVIEW,0.8
LN003196,2,0.0,0.0,0.0,0.0,Current,0,,0.0,,REVIEW,0.8
LN003196,3,0.0,0.0,0.0,0.0,Current,0,,0.0,,REVIEW,0.8
LN003196,4,0.0,0.0,0.0,0.0,Current,0,,0.0,,REVIEW,0.8
LN003196,5,0.0,0.0,0.0,0.0,Current,0,,0.0,,REVIEW,0.8
LN003196,6,0.0,0.0,0.0,0.0,Current,0,,0.0,,REVIEW,0.8
LN003196,7,0.0,0.0,0.0,0.0,Current,0,,0.0,,REVIEW,0.8
LN003196,8,0.0,0.0,0.0,0.0,Current,0,,0.0,,REVIEW,0.8
LN003196,9,0.0,0.0,0.0,0.0,Current,0,,0.0,,REVIEW,0.8
LN003196,10,0.0,0.0,0.0,0.0,Current,0,,0.0,,REVIEW,0.8
LN003196,11,0.0,0.0,0.0,0.0,Current,0,,0.0,,REVIEW,0.8
LN003196,12,0.0,0.0,0.0,0.0,Current,0,,0.0,,REVIEW,0.8
LN003196,13,0.0,0.0,0.0,0.0,Current,0,,0.0,,REVIEW,0.8
LN003196,14,0.0,0.0,0.0,0.0,Current,0,,0.0,,REVIEW,0.8
LN003196,15,0.0,0.0,0.0,0.0,Current,0,,0.0,,REVIEW,0.8
LN003196,16,0.0,0.0,0.0,0.0,Current,0,,0.0,,REVIEW,0.8
LN003196,17,0.0,0.0,0.0,0.0,Current,0,,0.0,,REVIEW,0.8
LN003196,18,0.0,0.0,0.0,0.0,Current,0,,0.0,,REVIEW,0.8
LN003196,19,0.0,0.0,0.0,0.0,Current,0,,0.0,,REVIEW,0.8
LN003196,20,0.0,0.0,0.0,0.0,Current,0,,0.0,,REVIEW,0.8
LN003196,21,0.0,0.0,0.0,0.0,Current,0,,0.0,,REVIEW,0.8
LN003196,22,0.0,0.0,0.0,0.0,Current,0,,0.0,,REVIEW,0.8
LN003196,23,0.0,0.0,0.0,0.0,Current,0,,0.0,,REVIEW,0.8
LN003196,24,0.0,0.0,0.0,0.0,Current,0,,0.0,,REVIEW,0.8
LN003197,1,0.0,0.0,0.0,0.0,Current,0,,0.0,,REVIEW,0.8
LN003198,1,0.0,0.0,0.0,0.0,Current,0,,0.0,,REVIEW,0.8
LN003198,2,0.0,0.0,0.0,0.0,Current,0,,0.0,,REVIEW,0.8
LN003198,3,0.0,0.0,0.0,0.0,Current,0,,0.0,,REVIEW,0.8
LN003198,4,0.0,0.0,0.0,0.0,Current,0,,0.0,,REVIEW,0.8
LN003198,5,0.0,0.0,0.0,0.0,Current,0,,0.0,,REVIEW,0.8
LN003198,6,0.0,0.0,0.0,0.0,Current,0,,0.0,,REVIEW,0.8
LN003198,7,0.0,0.0,0.0,0.0,Current,0,,0.0,,REVIEW,0.8
LN003198,8,0.0,0.0,0.0,0.0,Current,0,,0.0,,REVIEW,0.8
LN003198,9,0.0,0.0,0.0,0.0,Current,0,,0.0,,REVIEW,0.8
LN003198,10,0.0,0.0,0.0,0.0,Current,0,,0.0,,REVIEW,0.8
LN003198,11,0.0,0.0,0.0,0.0,Current,0,,0.0,,REVIEW,0.8
LN003198,12,0.0,0.0,0.0,0.0,Current,0,,0.0,,REVIEW,0.8
LN003198,13,0.0,0.0,0.0,0.0,Current,0,,0.0,,REVIEW,0.8
LN003198,14,0.0,0.0,0.0,0.0,Current,0,,0.0,,REVIEW,0.8
LN003198,15,0.0,0.0,0.0,0.0,Current,0,,0.0,,REVIEW,0.8
LN003198,16,0.0,0.0,0.0,0.0,Current,0,,0.0,,REVIEW,0.8
LN003198,17,0.0,0.0,0.0,0.0,Current,0,,0.0,,REVIEW,0.8
LN003198,18,0.0,0.0,0.0,0.0,Current,0,,0.0,,REVIEW,0.8
LN003198,19,0.0,0.0,0.0,0.0,Current,0,,0.0,,REVIEW,0.8
LN003198,20,0.0,0.0,0.0,0.0,Current,0,,0.0,,REVIEW,0.8
LN003198,21,0.0,0.0,0.0,0.0,Current,0,,0.0,,REVIEW,0.8
LN003198,22,0.0,0.0,0.0,0.0,Current,0,,0.0,,REVIEW,0.8
LN003198,23,0.0,0.0,0.0,0.0,Current,0,,0.0,,REVIEW,0.8
LN003198,24,0.0,0.0,0.0,0.0,Current,0,,0.0,,REVIEW,0.8
LN003199,1,0.0,0.0,0.0,0.0,Current,0,,0.0,,REVIEW,0.8
LN003200,1,0.0,0.0,0.0,0.0,Current,0,,0.0,,REVIEW,0.8
LN003200,2,0.0,0.0,0.0,0.0,Current,0,,0.0,,REVIEW,0.8
LN003200,3,0.0,0.0,0.0,0.0,Current,0,,0.0,,REVIEW,0.8
LN003200,4,0.0,0.0,0.0,0.0,Current,0,,0.0,,REVIEW,0.8
LN003200,5,0.0,0.0,0.0,0.0,Current,0,,0.0,,REVIEW,0.8
LN003200,6,0.0,0.0,0.0,0.0,Current,0,,0.0,,REVIEW,0.8
LN003200,7,0.0,0.0,0.0,0.0,Current,0,,0.0,,REVIEW,0.8
LN003200,8,0.0,0.0,0.0,0.0,Current,0,,0.0,,REVIEW,0.8
LN003200,9,0.0,0.0,0.0,0.0,Current,0,,0.0,,REVIEW,0.8
LN003200,10,0.0,0.0,0.0,0.0,Current,0,,0.0,,REVIEW,0.8
LN003200,11,0.0,0.0,0.0,0.0,Current,0,,0.0,,REVIEW,0.8
LN003200,12,0.0,0.0,0.0,0.0,Current,0,,0.0,,REVIEW,0.8
LN003200,13,0.0,0.0,0.0,0.0,Current,0,,0.0,,REVIEW,0.8
LN003200,14,0.0,0.0,0.0,0.0,Current,0,,0.0,,REVIEW,0.8
LN003200,15,0.0,0.0,0.0,0.0,Current,0,,0.0,,REVIEW,0.8
LN003200,16,0.0,0.0,0.0,0.0,Current,0,,0.0,,REVIEW,0.8
LN003200,17,0.0,0.0,0.0,0.0,Current,0,,0.0,,REVIEW,0.8
LN003200,18,0.0,0.0,0.0,0.0,Current,0,,0.0,,REVIEW,0.8
LN003200,19,0.0,0.0,0.0,0.0,Current,0,,0.0,,REVIEW,0.8
LN003200,20,0.0,0.0,0.0,0.0,Current,0,,0.0,,REVIEW,0.8
LN003200,21,0.0,0.0,0.0,0.0,Current,0,,0.0,,REVIEW,0.8
LN003200,22,0.0,0.0,0.0,0.0,Current,0,,0.0,,REVIEW,0.8
LN003200,23,0.0,0.0,0.0,0.0,Current,0,,0.0,,REVIEW,0.8
LN003200,24,0.0,0.0,0.0,0.0,Current,0,,0.0,,REVIEW,0.8
LN003201,1,0.0,0.0,0.0,0.0,Current,0,,0.0,,REVIEW,0.8
LN003201,2,0.0,0.0,0.0,0.0,Current,0,,0.0,,REVIEW,0.8
LN003201,3,0.0,0.0,0.0,0.0,Current,0,,0.0,,REVIEW,0.8
LN003201,4,0.0,0.0,0.0,0.0,Current,0,,0.0,,REVIEW,0.8
LN003201,5,0.0,0.0,0.0,0.0,Current,0,,0.0,,REVIEW,0.8
LN003201,6,0.0,0.0,0.0,0.0,Current,0,,0.0,,REVIEW,0.8
LN003201,7,0.0,0.0,0.0,0.0,Current,0,,0.0,,REVIEW,0.8
LN003201,8,0.0,0.0,0.0,0.0,Current,0,,0.0,,REVIEW,0.8
LN003201,9,0.0,0.0,0.0,0.0,Current,0,,0.0,,REVIEW,0.8
LN003201,10,0.0,0.0,0.0,0.0,Current,0,,0.0,,REVIEW,0.8
LN003201,11,0.0,0.0,0.0,0.0,Current,0,,0.0,,REVIEW,0.8
LN003201,12,0.0,0.0,0.0,0.0,Current,0,,0.0,,REVIEW,0.8
LN003201,13,0.0,0.0,0.0,0.0,Current,0,,0.0,,REVIEW,0.8
LN003202,1,0.0,0.0,0.0,0.0,Current,0,,0.0,,REVIEW,0.8
LN003202,2,0.0,0.0,0.0,0.0,Current,0,,0.0,,REVIEW,0.8
LN003202,3,0.0,0.0,0.0,0.0,Current,0,,0.0,,REVIEW,0.8
LN003203,1,0.0,0.0,0.0,0.0,Current,0,,0.0,,REVIEW,0.8
LN003203,2,0.0,0.0,0.0,0.0,Current,0,,0.0,,REVIEW,0.8
LN003203,3,0.0,0.0,0.0,0.0,Current,0,,0.0,,REVIEW,0.8
LN003204,1,0.0,0.0,0.0,0.0,Current,0,,0.0,,REVIEW,0.8
LN003204,2,0.0,0.0,0.0,0.0,Current,0,,0.0,,REVIEW,0.8
LN003204,3,0.0,0.0,0.0,0.0,Current,0,,0.0,,REVIEW,0.8
LN003204,4,0.0,0.0,0.0,0.0,Current,0,,0.0,,REVIEW,0.8
LN003204,5,0.0,0.0,0.0,0.0,Current,0,,0.0,,REVIEW,0.8
LN003204,6,0.0,0.0,0.0,0.0,Current,0,,0.0,,REVIEW,0.8
LN003204,7,0.0,0.0,0.0,0.0,Current,0,,0.0,,REVIEW,0.8
LN003204,8,0.0,0.0,0.0,0.0,Current,0,,0.0,,REVIEW,0.8
LN003204,9,0.0,0.0,0.0,0.0,Current,0,,0.0,,REVIEW,0.8
LN003204,10,0.0,0.0,0.0,0.0,Current,0,,0.0,,REVIEW,0.8
LN003204,11,0.0,0.0,0.0,0.0,Current,0,,0.0,,REVIEW,0.8
LN003204,12,0.0,0.0,0.0,0.0,Current,0,,0.0,,REVIEW,0.8
LN003204,13,0.0,0.0,0.0,0.0,Current,0,,0.0,,REVIEW,0.8
LN003204,14,0.0,0.0,0.0,0.0,Current,0,,0.0,,REVIEW,0.8
LN003204,15,0.0,0.0,0.0,0.0,Current,0,,0.0,,REVIEW,0.8
LN003204,16,0.0,0.0,0.0,0.0,Current,0,,0.0,,REVIEW,0.8
LN003204,17,0.0,0.0,0.0,0.0,Current,0,,0.0,,REVIEW,0.8
LN003204,18,0.0,0.0,0.0,0.0,Current,0,,0.0,,REVIEW,0.8
LN003204,19,0.0,0.0,0.0,0.0,Current,0,,0.0,,REVIEW,0.8
LN003204,20,0.0,0.0,0.0,0.0,Current,0,,0.0,,REVIEW,0.8
LN003204,21,0.0,0.0,0.0,0.0,Current,0,,0.0,,REVIEW,0.8
LN003204,22,0.0,0.0,0.0,0.0,Current,0,,0.0,,REVIEW,0.8
LN003204,23,0.0,0.0,0.0,0.0,Current,0,,0.0,,REVIEW,0.8
LN003204,24,0.0,0.0,0.0,0.0,Current,0,,0.0,,REVIEW,0.8
LN003205,1,0.0,0.0,0.0,0.0,Current,0,,0.0,,REVIEW,0.8
LN003205,2,0.0,0.0,0.0,0.0,Current,0,,0.0,,REVIEW,0.8
LN003205,3,0.0,0.0,0.0,0.0,Current,0,,0.0,,REVIEW,0.8
LN003205,4,0.0,0.0,0.0,0.0,Current,0,,0.0,,REVIEW,0.8
LN003205,5,0.0,0.0,0.0,0.0,Current,0,,0.0,,REVIEW,0.8
LN003205,6,0.0,0.0,0.0,0.0,Current,0,,0.0,,REVIEW,0.8
LN003205,7,0.0,0.0,0.0,0.0,Current,0,,0.0,,REVIEW,0.8
LN003205,8,0.0,0.0,0.0,0.0,Current,0,,0.0,,REVIEW,0.8
LN003205,9,0.0,0.0,0.0,0.0,Current,0,,0.0,,REVIEW,0.8
LN003205,10,0.0,0.0,0.0,0.0,Current,0,,0.0,,REVIEW,0.8
LN003205,11,0.0,0.0,0.0,0.0,Current,0,,0.0,,REVIEW,0.8
LN003205,12,0.0,0.0,0.0,0.0,Current,0,,0.0,,REVIEW,0.8
LN003205,13,0.0,0.0,0.0,0.0,Current,0,,0.0,,REVIEW,0.8
LN003205,14,0.0,0.0,0.0,0.0,Current,0,,0.0,,REVIEW,0.8
LN003205,15,0.0,0.0,0.0,0.0,Current,0,,0.0,,REVIEW,0.8
LN003205,16,0.0,0.0,0.0,0.0,Current,0,,0.0,,REVIEW,0.8
LN003205,17,0.0,0.0,0.0,0.0,Current,0,,0.0,,REVIEW,0.8
LN003205,18,0.0,0.0,0.0,0.0,Current,0,,0.0,,REVIEW,0.8
LN003205,19,0.0,0.0,0.0,0.0,Current,0,,0.0,,REVIEW,0.8
LN003205,20,0.0,0.0,0.0,0.0,Current,0,,0.0,,REVIEW,0.8
LN003205,21,0.0,0.0,0.0,0.0,Current,0,,0.0,,REVIEW,0.8
LN003205,22,0.0,0.0,0.0,0.0,Current,0,,0.0,,REVIEW,0.8
LN003205,23,0.0,0.0,0.0,0.0,Current,0,,0.0,,REVIEW,0.8
LN003205,24,0.0,0.0,0.0,0.0,Current,0,,0.0,,REVIEW,0.8
LN003206,1,0.0,0.0,0.0,0.0,Current,0,,0.0,,REVIEW,0.8
LN003206,2,0.0,0.0,0.0,0.0,Current,0,,0.0,,REVIEW,0.8
LN003207,1,0.0,0.0,0.0,0.0,Current,0,,0.0,,REVIEW,0.8
LN003207,2,0.0,0.0,0.0,0.0,Current,0,,0.0,,REVIEW,0.8
LN003207,3,0.0,0.0,0.0,0.0,Current,0,,0.0,,REVIEW,0.8
LN003207,4,0.0,0.0,0.0,0.0,Current,0,,0.0,,REVIEW,0.8
LN003207,5,0.0,0.0,0.0,0.0,Current,0,,0.0,,REVIEW,0.8
LN003207,6,0.0,0.0,0.0,0.0,Current,0,,0.0,,REVIEW,0.8
LN003207,7,0.0,0.0,0.0,0.0,Current,0,,0.0,,REVIEW,0.8
LN003207,8,0.0,0.0,0.0,0.0,Current,0,,0.0,,REVIEW,0.8
LN003207,9,0.0,0.0,0.0,0.0,Current,0,,0.0,,REVIEW,0.8
LN003207,10,0.0,0.0,0.0,0.0,Current,0,,0.0,,REVIEW,0.8
LN003207,11,0.0,0.0,0.0,0.0,Current,0,,0.0,,REVIEW,0.8
LN003207,12,0.0,0.0,0.0,0.0,Current,0,,0.0,,REVIEW,0.8
LN003207,13,0.0,0.0,0.0,0.0,Current,0,,0.0,,REVIEW,0.8
LN003207,14,0.0,0.0,0.0,0.0,Current,0,,0.0,,REVIEW,0.8
LN003207,15,0.0,0.0,0.0,0.0,Current,0,,0.0,,REVIEW,0.8
LN003207,16,0.0,0.0,0.0,0.0,Current,0,,0.0,,REVIEW,0.8
LN003207,17,0.0,0.0,0.0,0.0,Current,0,,0.0,,REVIEW,0.8
LN003207,18,0.0,0.0,0.0,0.0,Current,0,,0.0,,REVIEW,0.8
LN003207,19,0.0,0.0,0.0,0.0,Current,0,,0.0,,REVIEW,0.8
LN003207,20,0.0,0.0,0.0,0.0,Current,0,,0.0,,REVIEW,0.8
LN003207,21,0.0,0.0,0.0,0.0,Current,0,,0.0,,REVIEW,0.8
LN003207,22,0.0,0.0,0.0,0.0,Current,0,,0.0,,REVIEW,0.8
LN003207,23,0.0,0.0,0.0,0.0,Current,0,,0.0,,REVIEW,0.8
LN003207,24,0.0,0.0,0.0,0.0,Current,0,,0.0,,REVIEW,0.8
LN003208,1,0.0,0.0,0.0,0.0,Current,0,,0.0,,REVIEW,0.8
LN003208,2,0.0,0.0,0.0,0.0,Current,0,,0.0,,REVIEW,0.8
LN003208,3,0.0,0.0,0.0,0.0,Current,0,,0.0,,REVIEW,0.8
LN003208,4,0.0,0.0,0.0,0.0,Current,0,,0.0,,REVIEW,0.8
LN003208,5,0.0,0.0,0.0,0.0,Current,0,,0.0,,REVIEW,0.8
LN003208,6,0.0,0.0,0.0,0.0,Current,0,,0.0,,REVIEW,0.8
LN003208,7,0.0,0.0,0.0,0.0,Current,0,,0.0,,REVIEW,0.8
LN003208,8,0.0,0.0,0.0,0.0,Current,0,,0.0,,REVIEW,0.8
LN003208,9,0.0,0.0,0.0,0.0,Current,0,,0.0,,REVIEW,0.8
LN003208,10,0.0,0.0,0.0,0.0,Current,0,,0.0,,REVIEW,0.8
LN003208,11,0.0,0.0,0.0,0.0,Current,0,,0.0,,REVIEW,0.8
LN003208,12,0.0,0.0,0.0,0.0,Current,0,,0.0,,REVIEW,0.8
LN003208,13,0.0,0.0,0.0,0.0,Current,0,,0.0,,REVIEW,0.8
LN003208,14,0.0,0.0,0.0,0.0,Current,0,,0.0,,REVIEW,0.8
LN003208,15,0.0,0.0,0.0,0.0,Current,0,,0.0,,REVIEW,0.8
LN003208,16,0.0,0.0,0.0,0.0,Current,0,,0.0,,REVIEW,0.8
LN003208,17,0.0,0.0,0.0,0.0,Current,0,,0.0,,REVIEW,0.8
LN003208,18,0.0,0.0,0.0,0.0,Current,0,,0.0,,REVIEW,0.8
LN003208,19,0.0,0.0,0.0,0.0,Current,0,,0.0,,REVIEW,0.8
LN003208,20,0.0,0.0,0.0,0.0,Current,0,,0.0,,REVIEW,0.8
LN003208,21,0.0,0.0,0.0,0.0,Current,0,,0.0,,REVIEW,0.8
LN003208,22,0.0,0.0,0.0,0.0,Current,0,,0.0,,REVIEW,0.8
LN003208,23,0.0,0.0,0.0,0.0,Current,0,,0.0,,REVIEW,0.8
LN003208,24,0.0,0.0,0.0,0.0,Current,0,,0.0,,REVIEW,0.8
LN003209,1,0.0,0.0,0.0,0.0,Current,0,,0.0,,REVIEW,0.8
LN003210,1,0.0,0.0,0.0,0.0,Current,0,,0.0,,REVIEW,0.8
LN003210,2,0.0,0.0,0.0,0.0,Current,0,,0.0,,REVIEW,0.8
LN003210,3,0.0,0.0,0.0,0.0,Current,0,,0.0,,REVIEW,0.8
LN003210,4,0.0,0.0,0.0,0.0,Current,0,,0.0,,REVIEW,0.8
LN003210,5,0.0,0.0,0.0,0.0,Current,0,,0.0,,REVIEW,0.8
LN003210,6,0.0,0.0,0.0,0.0,Current,0,,0.0,,REVIEW,0.8
LN003210,7,0.0,0.0,0.0,0.0,Current,0,,0.0,,REVIEW,0.8
LN003210,8,0.0,0.0,0.0,0.0,Current,0,,0.0,,REVIEW,0.8
LN003210,9,0.0,0.0,0.0,0.0,Current,0,,0.0,,REVIEW,0.8
LN003210,10,0.0,0.0,0.0,0.0,Current,0,,0.0,,REVIEW,0.8
LN003210,11,0.0,0.0,0.0,0.0,Current,0,,0.0,,REVIEW,0.8
LN003210,12,0.0,0.0,0.0,0.0,Current,0,,0.0,,REVIEW,0.8
LN003210,13,0.0,0.0,0.0,0.0,Current,0,,0.0,,REVIEW,0.8
LN003210,14,0.0,0.0,0.0,0.0,Current,0,,0.0,,REVIEW,0.8
LN003210,15,0.0,0.0,0.0,0.0,Current,0,,0.0,,REVIEW,0.8
LN003210,16,0.0,0.0,0.0,0.0,Current,0,,0.0,,REVIEW,0.8
LN003210,17,0.0,0.0,0.0,0.0,Current,0,,0.0,,REVIEW,0.8
LN003210,18,0.0,0.0,0.0,0.0,Current,0,,0.0,,REVIEW,0.8
LN003210,19,0.0,0.0,0.0,0.0,Current,0,,0.0,,REVIEW,0.8
LN003210,20,0.0,0.0,0.0,0.0,Current,0,,0.0,,REVIEW,0.8
LN003210,21,0.0,0.0,0.0,0.0,Current,0,,0.0,,REVIEW,0.8
LN003210,22,0.0,0.0,0.0,0.0,Current,0,,0.0,,REVIEW,0.8
LN003210,23,0.0,0.0,0.0,0.0,Current,0,,0.0,,REVIEW,0.8
LN003210,24,0.0,0.0,0.0,0.0,Current,0,,0.0,,REVIEW,0.8
LN003211,1,0.0,0.0,0.0,0.0,Current,0,,0.0,,REVIEW,0.8
LN003211,2,0.0,0.0,0.0,0.0,Current,0,,0.0,,REVIEW,0.8
LN003211,3,0.0,0.0,0.0,0.0,Current,0,,0.0,,REVIEW,0.8
LN003211,4,0.0,0.0,0.0,0.0,Current,0,,0.0,,REVIEW,0.8
LN003211,5,0.0,0.0,0.0,0.0,Current,0,,0.0,,REVIEW,0.8
LN003211,6,0.0,0.0,0.0,0.0,Current,0,,0.0,,REVIEW,0.8
LN003211,7,0.0,0.0,0.0,0.0,Current,0,,0.0,,REVIEW,0.8
LN003211,8,0.0,0.0,0.0,0.0,Current,0,,0.0,,REVIEW,0.8
LN003211,9,0.0,0.0,0.0,0.0,Current,0,,0.0,,REVIEW,0.8
LN003211,10,0.0,0.0,0.0,0.0,Current,0,,0.0,,REVIEW,0.8
LN003211,11,0.0,0.0,0.0,0.0,Current,0,,0.0,,REVIEW,0.8
LN003211,12,0.0,0.0,0.0,0.0,Current,0,,0.0,,REVIEW,0.8
LN003211,13,0.0,0.0,0.0,0.0,Current,0,,0.0,,REVIEW,0.8
LN003211,14,0.0,0.0,0.0,0.0,Current,0,,0.0,,REVIEW,0.8
LN003211,15,0.0,0.0,0.0,0.0,Current,0,,0.0,,REVIEW,0.8
LN003211,16,0.0,0.0,0.0,0.0,Current,0,,0.0,,REVIEW,0.8
LN003211,17,0.0,0.0,0.0,0.0,Current,0,,0.0,,REVIEW,0.8
LN003211,18,0.0,0.0,0.0,0.0,Current,0,,0.0,,REVIEW,0.8
LN003211,19,0.0,0.0,0.0,0.0,Current,0,,0.0,,REVIEW,0.8
LN003211,20,0.0,0.0,0.0,0.0,Current,0,,0.0,,REVIEW,0.8
LN003211,21,0.0,0.0,0.0,0.0,Current,0,,0.0,,REVIEW,0.8
LN003211,22,0.0,0.0,0.0,0.0,Current,0,,0.0,,REVIEW,0.8
LN003211,23,0.0,0.0,0.0,0.0,Current,0,,0.0,,REVIEW,0.8
LN003211,24,0.0,0.0,0.0,0.0,Current,0,,0.0,,REVIEW,0.8
LN003212,1,0.0,0.0,0.0,0.0,Current,0,,0.0,,REVIEW,0.8
LN003212,2,0.0,0.0,0.0,0.0,Current,0,,0.0,,REVIEW,0.8
LN003212,3,0.0,0.0,0.0,0.0,Current,0,,0.0,,REVIEW,0.8
LN003212,4,0.0,0.0,0.0,0.0,Current,0,,0.0,,REVIEW,0.8
LN003212,5,0.0,0.0,0.0,0.0,Current,0,,0.0,,REVIEW,0.8
LN003212,6,0.0,0.0,0.0,0.0,Current,0,,0.0,,REVIEW,0.8
LN003212,7,0.0,0.0,0.0,0.0,Current,0,,0.0,,REVIEW,0.8
LN003212,8,0.0,0.0,0.0,0.0,Current,0,,0.0,,REVIEW,0.8
LN003212,9,0.0,0.0,0.0,0.0,Current,0,,0.0,,REVIEW,0.8
LN003212,10,0.0,0.0,0.0,0.0,Current,0,,0.0,,REVIEW,0.8
LN003212,11,0.0,0.0,0.0,0.0,Current,0,,0.0,,REVIEW,0.8
LN003212,12,0.0,0.0,0.0,0.0,Current,0,,0.0,,REVIEW,0.8
LN003212,13,0.0,0.0,0.0,0.0,Current,0,,0.0,,REVIEW,0.8
LN003212,14,0.0,0.0,0.0,0.0,Current,0,,0.0,,REVIEW,0.8
LN003212,15,0.0,0.0,0.0,0.0,Current,0,,0.0,,REVIEW,0.8
LN003212,16,0.0,0.0,0.0,0.0,Current,0,,0.0,,REVIEW,0.8
LN003212,17,0.0,0.0,0.0,0.0,Current,0,,0.0,,REVIEW,0.8
LN003212,18,0.0,0.0,0.0,0.0,Current,0,,0.0,,REVIEW,0.8
LN003212,19,0.0,0.0,0.0,0.0,Current,0,,0.0,,REVIEW,0.8
LN003212,20,0.0,0.0,0.0,0.0,Current,0,,0.0,,REVIEW,0.8
LN003212,21,0.0,0.0,0.0,0.0,Current,0,,0.0,,REVIEW,0.8
LN003212,22,0.0,0.0,0.0,0.0,Current,0,,0.0,,REVIEW,0.8
LN003212,23,0.0,0.0,0.0,0.0,Current,0,,0.0,,REVIEW,0.8
LN003212,24,0.0,0.0,0.0,0.0,Current,0,,0.0,,REVIEW,0.8
LN003213,1,0.0,0.0,0.0,0.0,Current,0,,0.0,,REVIEW,0.8
LN003213,2,0.0,0.0,0.0,0.0,Current,0,,0.0,,REVIEW,0.8
LN003213,3,0.0,0.0,0.0,0.0,Current,0,,0.0,,REVIEW,0.8
LN003213,4,0.0,0.0,0.0,0.0,Current,0,,0.0,,REVIEW,0.8
LN003213,5,0.0,0.0,0.0,0.0,Current,0,,0.0,,REVIEW,0.8
LN003213,6,0.0,0.0,0.0,0.0,Current,0,,0.0,,REVIEW,0.8
LN003213,7,0.0,0.0,0.0,0.0,Current,0,,0.0,,REVIEW,0.8
LN003213,8,0.0,0.0,0.0,0.0,Current,0,,0.0,,REVIEW,0.8
LN003213,9,0.0,0.0,0.0,0.0,Current,0,,0.0,,REVIEW,0.8
LN003213,10,0.0,0.0,0.0,0.0,Current,0,,0.0,,REVIEW,0.8
LN003213,11,0.0,0.0,0.0,0.0,Current,0,,0.0,,REVIEW,0.8
LN003213,12,0.0,0.0,0.0,0.0,Current,0,,0.0,,REVIEW,0.8
LN003213,13,0.0,0.0,0.0,0.0,Current,0,,0.0,,REVIEW,0.8
LN003213,14,0.0,0.0,0.0,0.0,Current,0,,0.0,,REVIEW,0.8
LN003213,15,0.0,0.0,0.0,0.0,Current,0,,0.0,,REVIEW,0.8
LN003213,16,0.0,0.0,0.0,0.0,Current,0,,0.0,,REVIEW,0.8
LN003213,17,0.0,0.0,0.0,0.0,Current,0,,0.0,,REVIEW,0.8
LN003213,18,0.0,0.0,0.0,0.0,Current,0,,0.0,,REVIEW,0.8
LN003213,19,0.0,0.0,0.0,0.0,Current,0,,0.0,,REVIEW,0.8
LN003213,20,0.0,0.0,0.0,0.0,Current,0,,0.0,,REVIEW,0.8
LN003213,21,0.0,0.0,0.0,0.0,Current,0,,0.0,,REVIEW,0.8
LN003213,22,0.0,0.0,0.0,0.0,Current,0,,0.0,,REVIEW,0.8
LN003213,23,0.0,0.0,0.0,0.0,Current,0,,0.0,,REVIEW,0.8
LN003213,24,0.0,0.0,0.0,0.0,Current,0,,0.0,,REVIEW,0.8
LN003214,1,0.0,0.0,0.0,0.0,Current,0,,0.0,,REVIEW,0.8
LN003214,2,0.0,0.0,0.0,0.0,Current,0,,0.0,,REVIEW,0.8
LN003214,3,0.0,0.0,0.0,0.0,Current,0,,0.0,,REVIEW,0.8
LN003214,4,0.0,0.0,0.0,0.0,Current,0,,0.0,,REVIEW,0.8
LN003214,5,0.0,0.0,0.0,0.0,Current,0,,0.0,,REVIEW,0.8
LN003214,6,0.0,0.0,0.0,0.0,Current,0,,0.0,,REVIEW,0.8
LN003214,7,0.0,0.0,0.0,0.0,Current,0,,0.0,,REVIEW,0.8
LN003214,8,0.0,0.0,0.0,0.0,Current,0,,0.0,,REVIEW,0.8
LN003214,9,0.0,0.0,0.0,0.0,Current,0,,0.0,,REVIEW,0.8
LN003214,10,0.0,0.0,0.0,0.0,Current,0,,0.0,,REVIEW,0.8
LN003214,11,0.0,0.0,0.0,0.0,Current,0,,0.0,,REVIEW,0.8
LN003214,12,0.0,0.0,0.0,0.0,Current,0,,0.0,,REVIEW,0.8
LN003214,13,0.0,0.0,0.0,0.0,Current,0,,0.0,,REVIEW,0.8
LN003214,14,0.0,0.0,0.0,0.0,Current,0,,0.0,,REVIEW,0.8
LN003214,15,0.0,0.0,0.0,0.0,Current,0,,0.0,,REVIEW,0.8
LN003214,16,0.0,0.0,0.0,0.0,Current,0,,0.0,,REVIEW,0.8
LN003214,17,0.0,0.0,0.0,0.0,Current,0,,0.0,,REVIEW,0.8
LN003214,18,0.0,0.0,0.0,0.0,Current,0,,0.0,,REVIEW,0.8
LN003214,19,0.0,0.0,0.0,0.0,Current,0,,0.0,,REVIEW,0.8
LN003214,20,0.0,0.0,0.0,0.0,Current,0,,0.0,,REVIEW,0.8
LN003214,21,0.0,0.0,0.0,0.0,Current,0,,0.0,,REVIEW,0.8
LN003214,22,0.0,0.0,0.0,0.0,Current,0,,0.0,,REVIEW,0.8
LN003214,23,0.0,0.0,0.0,0.0,Current,0,,0.0,,REVIEW,0.8
LN003214,24,0.0,0.0,0.0,0.0,Current,0,,0.0,,REVIEW,0.8
LN003215,1,0.0,0.0,0.0,0.0,Current,0,,0.0,,REVIEW,0.8
LN003215,2,0.0,0.0,0.0,0.0,Current,0,,0.0,,REVIEW,0.8
LN003215,3,0.0,0.0,0.0,0.0,Current,0,,0.0,,REVIEW,0.8
LN003215,4,0.0,0.0,0.0,0.0,Current,0,,0.0,,REVIEW,0.8
LN003215,5,0.0,0.0,0.0,0.0,Current,0,,0.0,,REVIEW,0.8
LN003215,6,0.0,0.0,0.0,0.0,Current,0,,0.0,,REVIEW,0.8
LN003215,7,0.0,0.0,0.0,0.0,Current,0,,0.0,,REVIEW,0.8
LN003215,8,0.0,0.0,0.0,0.0,Current,0,,0.0,,REVIEW,0.8
LN003215,9,0.0,0.0,0.0,0.0,Current,0,,0.0,,REVIEW,0.8
LN003215,10,0.0,0.0,0.0,0.0,Current,0,,0.0,,REVIEW,0.8
LN003215,11,0.0,0.0,0.0,0.0,Current,0,,0.0,,REVIEW,0.8
LN003215,12,0.0,0.0,0.0,0.0,Current,0,,0.0,,REVIEW,0.8
LN003215,13,0.0,0.0,0.0,0.0,Current,0,,0.0,,REVIEW,0.8
LN003215,14,0.0,0.0,0.0,0.0,Current,0,,0.0,,REVIEW,0.8
LN003215,15,0.0,0.0,0.0,0.0,Current,0,,0.0,,REVIEW,0.8
LN003215,16,0.0,0.0,0.0,0.0,Current,0,,0.0,,REVIEW,0.8
LN003215,17,0.0,0.0,0.0,0.0,Current,0,,0.0,,REVIEW,0.8
LN003215,18,0.0,0.0,0.0,0.0,Current,0,,0.0,,REVIEW,0.8
LN003215,19,0.0,0.0,0.0,0.0,Current,0,,0.0,,REVIEW,0.8
LN003215,20,0.0,0.0,0.0,0.0,Current,0,,0.0,,REVIEW,0.8
LN003215,21,0.0,0.0,0.0,0.0,Current,0,,0.0,,REVIEW,0.8
LN003215,22,0.0,0.0,0.0,0.0,Current,0,,0.0,,REVIEW,0.8
LN003215,23,0.0,0.0,0.0,0.0,Current,0,,0.0,,REVIEW,0.8
LN003215,24,0.0,0.0,0.0,0.0,Current,0,,0.0,,REVIEW,0.8
LN003216,1,0.0,0.0,0.0,0.0,Current,0,,0.0,,REVIEW,0.8
LN003216,2,0.0,0.0,0.0,0.0,Current,0,,0.0,,REVIEW,0.8
LN003216,3,0.0,0.0,0.0,0.0,Current,0,,0.0,,REVIEW,0.8
LN003216,4,0.0,0.0,0.0,0.0,Current,0,,0.0,,REVIEW,0.8
LN003216,5,0.0,0.0,0.0,0.0,Current,0,,0.0,,REVIEW,0.8
LN003216,6,0.0,0.0,0.0,0.0,Current,0,,0.0,,REVIEW,0.8
LN003216,7,0.0,0.0,0.0,0.0,Current,0,,0.0,,REVIEW,0.8
LN003216,8,0.0,0.0,0.0,0.0,Current,0,,0.0,,REVIEW,0.8
LN003216,9,0.0,0.0,0.0,0.0,Current,0,,0.0,,REVIEW,0.8
LN003216,10,0.0,0.0,0.0,0.0,Current,0,,0.0,,REVIEW,0.8
LN003216,11,0.0,0.0,0.0,0.0,Current,0,,0.0,,REVIEW,0.8
LN003216,12,0.0,0.0,0.0,0.0,Current,0,,0.0,,REVIEW,0.8
LN003216,13,0.0,0.0,0.0,0.0,Current,0,,0.0,,REVIEW,0.8
LN003216,14,0.0,0.0,0.0,0.0,Current,0,,0.0,,REVIEW,0.8
LN003216,15,0.0,0.0,0.0,0.0,Current,0,,0.0,,REVIEW,0.8
LN003216,16,0.0,0.0,0.0,0.0,Current,0,,0.0,,REVIEW,0.8
LN003216,17,0.0,0.0,0.0,0.0,Current,0,,0.0,,REVIEW,0.8
LN003216,18,0.0,0.0,0.0,0.0,Current,0,,0.0,,REVIEW,0.8
LN003216,19,0.0,0.0,0.0,0.0,Current,0,,0.0,,REVIEW,0.8
LN003216,20,0.0,0.0,0.0,0.0,Current,0,,0.0,,REVIEW,0.8
LN003216,21,0.0,0.0,0.0,0.0,Current,0,,0.0,,REVIEW,0.8
LN003216,22,0.0,0.0,0.0,0.0,Current,0,,0.0,,REVIEW,0.8
LN003216,23,0.0,0.0,0.0,0.0,Current,0,,0.0,,REVIEW,0.8
LN003216,24,0.0,0.0,0.0,0.0,Current,0,,0.0,,REVIEW,0.8
LN003217,1,0.0,0.0,0.0,0.0,Current,0,,0.0,,REVIEW,0.8
LN003217,2,0.0,0.0,0.0,0.0,Current,0,,0.0,,REVIEW,0.8
LN003217,3,0.0,0.0,0.0,0.0,Current,0,,0.0,,REVIEW,0.8
LN003217,4,0.0,0.0,0.0,0.0,Current,0,,0.0,,REVIEW,0.8
LN003217,5,0.0,0.0,0.0,0.0,Current,0,,0.0,,REVIEW,0.8
LN003217,6,0.0,0.0,0.0,0.0,Current,0,,0.0,,REVIEW,0.8
LN003217,7,0.0,0.0,0.0,0.0,Current,0,,0.0,,REVIEW,0.8
LN003217,8,0.0,0.0,0.0,0.0,Current,0,,0.0,,REVIEW,0.8
LN003217,9,0.0,0.0,0.0,0.0,Current,0,,0.0,,REVIEW,0.8
LN003217,10,0.0,0.0,0.0,0.0,Current,0,,0.0,,REVIEW,0.8
LN003217,11,0.0,0.0,0.0,0.0,Current,0,,0.0,,REVIEW,0.8
LN003217,12,0.0,0.0,0.0,0.0,Current,0,,0.0,,REVIEW,0.8
LN003217,13,0.0,0.0,0.0,0.0,Current,0,,0.0,,REVIEW,0.8
LN003217,14,0.0,0.0,0.0,0.0,Current,0,,0.0,,REVIEW,0.8
LN003218,1,0.0,0.0,0.0,0.0,Current,0,,0.0,,REVIEW,0.8
LN003218,2,0.0,0.0,0.0,0.0,Current,0,,0.0,,REVIEW,0.8
LN003218,3,0.0,0.0,0.0,0.0,Current,0,,0.0,,REVIEW,0.8
LN003218,4,0.0,0.0,0.0,0.0,Current,0,,0.0,,REVIEW,0.8
LN003218,5,0.0,0.0,0.0,0.0,Current,0,,0.0,,REVIEW,0.8
LN003218,6,0.0,0.0,0.0,0.0,Current,0,,0.0,,REVIEW,0.8
LN003218,7,0.0,0.0,0.0,0.0,Current,0,,0.0,,REVIEW,0.8
LN003218,8,0.0,0.0,0.0,0.0,Current,0,,0.0,,REVIEW,0.8
LN003218,9,0.0,0.0,0.0,0.0,Current,0,,0.0,,REVIEW,0.8
LN003218,10,0.0,0.0,0.0,0.0,Current,0,,0.0,,REVIEW,0.8
LN003218,11,0.0,0.0,0.0,0.0,Current,0,,0.0,,REVIEW,0.8
LN003218,12,0.0,0.0,0.0,0.0,Current,0,,0.0,,REVIEW,0.8
LN003218,13,0.0,0.0,0.0,0.0,Current,0,,0.0,,REVIEW,0.8
LN003218,14,0.0,0.0,0.0,0.0,Current,0,,0.0,,REVIEW,0.8
LN003218,15,0.0,0.0,0.0,0.0,Current,0,,0.0,,REVIEW,0.8
LN003218,16,0.0,0.0,0.0,0.0,Current,0,,0.0,,REVIEW,0.8
LN003218,17,0.0,0.0,0.0,0.0,Current,0,,0.0,,REVIEW,0.8
LN003218,18,0.0,0.0,0.0,0.0,Current,0,,0.0,,REVIEW,0.8
LN003218,19,0.0,0.0,0.0,0.0,Current,0,,0.0,,REVIEW,0.8
LN003218,20,0.0,0.0,0.0,0.0,Current,0,,0.0,,REVIEW,0.8
LN003218,21,0.0,0.0,0.0,0.0,Current,0,,0.0,,REVIEW,0.8
LN003218,22,0.0,0.0,0.0,0.0,Current,0,,0.0,,REVIEW,0.8
LN003218,23,0.0,0.0,0.0,0.0,Current,0,,0.0,,REVIEW,0.8
LN003218,24,0.0,0.0,0.0,0.0,Current,0,,0.0,,REVIEW,0.8
LN003219,1,0.0,0.0,0.0,0.0,Current,0,,0.0,,REVIEW,0.8
LN003219,2,0.0,0.0,0.0,0.0,Current,0,,0.0,,REVIEW,0.8
LN003219,3,0.0,0.0,0.0,0.0,Current,0,,0.0,,REVIEW,0.8
LN003219,4,0.0,0.0,0.0,0.0,Current,0,,0.0,,REVIEW,0.8
LN003219,5,0.0,0.0,0.0,0.0,Current,0,,0.0,,REVIEW,0.8
LN003219,6,0.0,0.0,0.0,0.0,Current,0,,0.0,,REVIEW,0.8
LN003219,7,0.0,0.0,0.0,0.0,Current,0,,0.0,,REVIEW,0.8
LN003219,8,0.0,0.0,0.0,0.0,Current,0,,0.0,,REVIEW,0.8
LN003219,9,0.0,0.0,0.0,0.0,Current,0,,0.0,,REVIEW,0.8
LN003219,10,0.0,0.0,0.0,0.0,Current,0,,0.0,,REVIEW,0.8
LN003219,11,0.0,0.0,0.0,0.0,Current,0,,0.0,,REVIEW,0.8
LN003219,12,0.0,0.0,0.0,0.0,Current,0,,0.0,,REVIEW,0.8
LN003219,13,0.0,0.0,0.0,0.0,Current,0,,0.0,,REVIEW,0.8
LN003219,14,0.0,0.0,0.0,0.0,Current,0,,0.0,,REVIEW,0.8
LN003219,15,0.0,0.0,0.0,0.0,Current,0,,0.0,,REVIEW,0.8
LN003219,16,0.0,0.0,0.0,0.0,Current,0,,0.0,,REVIEW,0.8
LN003219,17,0.0,0.0,0.0,0.0,Current,0,,0.0,,REVIEW,0.8
LN003219,18,0.0,0.0,0.0,0.0,Current,0,,0.0,,REVIEW,0.8
LN003219,19,0.0,0.0,0.0,0.0,Current,0,,0.0,,REVIEW,0.8
LN003219,20,0.0,0.0,0.0,0.0,Current,0,,0.0,,REVIEW,0.8
LN003219,21,0.0,0.0,0.0,0.0,Current,0,,0.0,,REVIEW,0.8
LN003219,22,0.0,0.0,0.0,0.0,Current,0,,0.0,,REVIEW,0.8
LN003219,23,0.0,0.0,0.0,0.0,Current,0,,0.0,,REVIEW,0.8
LN003219,24,0.0,0.0,0.0,0.0,Current,0,,0.0,,REVIEW,0.8
LN003220,1,0.0,0.0,0.0,0.0,Current,0,,0.0,,REVIEW,0.8
LN003220,2,0.0,0.0,0.0,0.0,Current,0,,0.0,,REVIEW,0.8
LN003220,3,0.0,0.0,0.0,0.0,Current,0,,0.0,,REVIEW,0.8
LN003220,4,0.0,0.0,0.0,0.0,Current,0,,0.0,,REVIEW,0.8
LN003220,5,0.0,0.0,0.0,0.0,Current,0,,0.0,,REVIEW,0.8
LN003220,6,0.0,0.0,0.0,0.0,Current,0,,0.0,,REVIEW,0.8
LN003220,7,0.0,0.0,0.0,0.0,Current,0,,0.0,,REVIEW,0.8
LN003220,8,0.0,0.0,0.0,0.0,Current,0,,0.0,,REVIEW,0.8
LN003220,9,0.0,0.0,0.0,0.0,Current,0,,0.0,,REVIEW,0.8
LN003220,10,0.0,0.0,0.0,0.0,Current,0,,0.0,,REVIEW,0.8
LN003220,11,0.0,0.0,0.0,0.0,Current,0,,0.0,,REVIEW,0.8
LN003220,12,0.0,0.0,0.0,0.0,Current,0,,0.0,,REVIEW,0.8
LN003220,13,0.0,0.0,0.0,0.0,Current,0,,0.0,,REVIEW,0.8
LN003220,14,0.0,0.0,0.0,0.0,Current,0,,0.0,,REVIEW,0.8
LN003220,15,0.0,0.0,0.0,0.0,Current,0,,0.0,,REVIEW,0.8
LN003220,16,0.0,0.0,0.0,0.0,Current,0,,0.0,,REVIEW,0.8
LN003220,17,0.0,0.0,0.0,0.0,Current,0,,0.0,,REVIEW,0.8
LN003220,18,0.0,0.0,0.0,0.0,Current,0,,0.0,,REVIEW,0.8
LN003220,19,0.0,0.0,0.0,0.0,Current,0,,0.0,,REVIEW,0.8
LN003220,20,0.0,0.0,0.0,0.0,Current,0,,0.0,,REVIEW,0.8
LN003220,21,0.0,0.0,0.0,0.0,Current,0,,0.0,,REVIEW,0.8
LN003220,22,0.0,0.0,0.0,0.0,Current,0,,0.0,,REVIEW,0.8
LN003220,23,0.0,0.0,0.0,0.0,Current,0,,0.0,,REVIEW,0.8
LN003220,24,0.0,0.0,0.0,0.0,Current,0,,0.0,,REVIEW,0.8
LN003221,1,0.0,0.0,0.0,0.0,Current,0,,0.0,,REVIEW,0.8
LN003221,2,0.0,0.0,0.0,0.0,Current,0,,0.0,,REVIEW,0.8
LN003221,3,0.0,0.0,0.0,0.0,Current,0,,0.0,,REVIEW,0.8
LN003221,4,0.0,0.0,0.0,0.0,Current,0,,0.0,,REVIEW,0.8
LN003221,5,0.0,0.0,0.0,0.0,Current,0,,0.0,,REVIEW,0.8
LN003221,6,0.0,0.0,0.0,0.0,Current,0,,0.0,,REVIEW,0.8
LN003221,7,0.0,0.0,0.0,0.0,Current,0,,0.0,,REVIEW,0.8
LN003221,8,0.0,0.0,0.0,0.0,Current,0,,0.0,,REVIEW,0.8
LN003221,9,0.0,0.0,0.0,0.0,Current,0,,0.0,,REVIEW,0.8
LN003221,10,0.0,0.0,0.0,0.0,Current,0,,0.0,,REVIEW,0.8
LN003221,11,0.0,0.0,0.0,0.0,Current,0,,0.0,,REVIEW,0.8
LN003221,12,0.0,0.0,0.0,0.0,Current,0,,0.0,,REVIEW,0.8
LN003221,13,0.0,0.0,0.0,0.0,Current,0,,0.0,,REVIEW,0.8
LN003221,14,0.0,0.0,0.0,0.0,Current,0,,0.0,,REVIEW,0.8
LN003221,15,0.0,0.0,0.0,0.0,Current,0,,0.0,,REVIEW,0.8
LN003221,16,0.0,0.0,0.0,0.0,Current,0,,0.0,,REVIEW,0.8
LN003221,17,0.0,0.0,0.0,0.0,Current,0,,0.0,,REVIEW,0.8
LN003221,18,0.0,0.0,0.0,0.0,Current,0,,0.0,,REVIEW,0.8
LN003221,19,0.0,0.0,0.0,0.0,Current,0,,0.0,,REVIEW,0.8
LN003221,20,0.0,0.0,0.0,0.0,Current,0,,0.0,,REVIEW,0.8
LN003221,21,0.0,0.0,0.0,0.0,Current,0,,0.0,,REVIEW,0.8
LN003221,22,0.0,0.0,0.0,0.0,Current,0,,0.0,,REVIEW,0.8
LN003221,23,0.0,0.0,0.0,0.0,Current,0,,0.0,,REVIEW,0.8
LN003221,24,0.0,0.0,0.0,0.0,Current,0,,0.0,,REVIEW,0.8
LN003222,1,0.0,0.0,0.0,0.0,Current,0,,0.0,,REVIEW,0.8
LN003222,2,0.0,0.0,0.0,0.0,Current,0,,0.0,,REVIEW,0.8
LN003222,3,0.0,0.0,0.0,0.0,Current,0,,0.0,,REVIEW,0.8
LN003222,4,0.0,0.0,0.0,0.0,Current,0,,0.0,,REVIEW,0.8
LN003222,5,0.0,0.0,0.0,0.0,Current,0,,0.0,,REVIEW,0.8
LN003222,6,0.0,0.0,0.0,0.0,Current,0,,0.0,,REVIEW,0.8
LN003222,7,0.0,0.0,0.0,0.0,Current,0,,0.0,,REVIEW,0.8
LN003222,8,0.0,0.0,0.0,0.0,Current,0,,0.0,,REVIEW,0.8
LN003223,1,0.0,0.0,0.0,0.0,Current,0,,0.0,,REVIEW,0.8
LN003223,2,0.0,0.0,0.0,0.0,Current,0,,0.0,,REVIEW,0.8
LN003223,3,0.0,0.0,0.0,0.0,Current,0,,0.0,,REVIEW,0.8
LN003223,4,0.0,0.0,0.0,0.0,Current,0,,0.0,,REVIEW,0.8
LN003223,5,0.0,0.0,0.0,0.0,Current,0,,0.0,,REVIEW,0.8
LN003223,6,0.0,0.0,0.0,0.0,Current,0,,0.0,,REVIEW,0.8
LN003223,7,0.0,0.0,0.0,0.0,Current,0,,0.0,,REVIEW,0.8
LN003223,8,0.0,0.0,0.0,0.0,Current,0,,0.0,,REVIEW,0.8
LN003223,9,0.0,0.0,0.0,0.0,Current,0,,0.0,,REVIEW,0.8
LN003223,10,0.0,0.0,0.0,0.0,Current,0,,0.0,,REVIEW,0.8
LN003223,11,0.0,0.0,0.0,0.0,Current,0,,0.0,,REVIEW,0.8
LN003223,12,0.0,0.0,0.0,0.0,Current,0,,0.0,,REVIEW,0.8
LN003223,13,0.0,0.0,0.0,0.0,Current,0,,0.0,,REVIEW,0.8
LN003223,14,0.0,0.0,0.0,0.0,Current,0,,0.0,,REVIEW,0.8
LN003223,15,0.0,0.0,0.0,0.0,Current,0,,0.0,,REVIEW,0.8
LN003223,16,0.0,0.0,0.0,0.0,Current,0,,0.0,,REVIEW,0.8
LN003223,17,0.0,0.0,0.0,0.0,Current,0,,0.0,,REVIEW,0.8
LN003223,18,0.0,0.0,0.0,0.0,Current,0,,0.0,,REVIEW,0.8
LN003223,19,0.0,0.0,0.0,0.0,Current,0,,0.0,,REVIEW,0.8
LN003223,20,0.0,0.0,0.0,0.0,Current,0,,0.0,,REVIEW,0.8
LN003223,21,0.0,0.0,0.0,0.0,Current,0,,0.0,,REVIEW,0.8
LN003223,22,0.0,0.0,0.0,0.0,Current,0,,0.0,,REVIEW,0.8
LN003223,23,0.0,0.0,0.0,0.0,Current,0,,0.0,,REVIEW,0.8
LN003223,24,0.0,0.0,0.0,0.0,Current,0,,0.0,,REVIEW,0.8
LN003224,1,0.0,0.0,0.0,0.0,Current,0,,0.0,,REVIEW,0.8
LN003224,2,0.0,0.0,0.0,0.0,Current,0,,0.0,,REVIEW,0.8
LN003224,3,0.0,0.0,0.0,0.0,Current,0,,0.0,,REVIEW,0.8
LN003224,4,0.0,0.0,0.0,0.0,Current,0,,0.0,,REVIEW,0.8
LN003224,5,0.0,0.0,0.0,0.0,Current,0,,0.0,,REVIEW,0.8
LN003224,6,0.0,0.0,0.0,0.0,Current,0,,0.0,,REVIEW,0.8
LN003224,7,0.0,0.0,0.0,0.0,Current,0,,0.0,,REVIEW,0.8
LN003224,8,0.0,0.0,0.0,0.0,Current,0,,0.0,,REVIEW,0.8
LN003224,9,0.0,0.0,0.0,0.0,Current,0,,0.0,,REVIEW,0.8
LN003224,10,0.0,0.0,0.0,0.0,Current,0,,0.0,,REVIEW,0.8
LN003224,11,0.0,0.0,0.0,0.0,Current,0,,0.0,,REVIEW,0.8
LN003224,12,0.0,0.0,0.0,0.0,Current,0,,0.0,,REVIEW,0.8
LN003224,13,0.0,0.0,0.0,0.0,Current,0,,0.0,,REVIEW,0.8
LN003224,14,0.0,0.0,0.0,0.0,Current,0,,0.0,,REVIEW,0.8
LN003224,15,0.0,0.0,0.0,0.0,Current,0,,0.0,,REVIEW,0.8
LN003224,16,0.0,0.0,0.0,0.0,Current,0,,0.0,,REVIEW,0.8
LN003224,17,0.0,0.0,0.0,0.0,Current,0,,0.0,,REVIEW,0.8
LN003224,18,0.0,0.0,0.0,0.0,Current,0,,0.0,,REVIEW,0.8
LN003224,19,0.0,0.0,0.0,0.0,Current,0,,0.0,,REVIEW,0.8
LN003224,20,0.0,0.0,0.0,0.0,Current,0,,0.0,,REVIEW,0.8
LN003224,21,0.0,0.0,0.0,0.0,Current,0,,0.0,,REVIEW,0.8
LN003224,22,0.0,0.0,0.0,0.0,Current,0,,0.0,,REVIEW,0.8
LN003224,23,0.0,0.0,0.0,0.0,Current,0,,0.0,,REVIEW,0.8
LN003224,24,0.0,0.0,0.0,0.0,Current,0,,0.0,,REVIEW,0.8
LN003225,1,0.0,0.0,0.0,0.0,Current,0,,0.0,,REVIEW,0.8
LN003225,2,0.0,0.0,0.0,0.0,Current,0,,0.0,,REVIEW,0.8
LN003225,3,0.0,0.0,0.0,0.0,Current,0,,0.0,,REVIEW,0.8
LN003225,4,0.0,0.0,0.0,0.0,Current,0,,0.0,,REVIEW,0.8
LN003226,1,0.0,0.0,0.0,0.0,Current,0,,0.0,,REVIEW,0.8
LN003226,2,0.0,0.0,0.0,0.0,Current,0,,0.0,,REVIEW,0.8
LN003226,3,0.0,0.0,0.0,0.0,Current,0,,0.0,,REVIEW,0.8
LN003226,4,0.0,0.0,0.0,0.0,Current,0,,0.0,,REVIEW,0.8
LN003226,5,0.0,0.0,0.0,0.0,Current,0,,0.0,,REVIEW,0.8
LN003226,6,0.0,0.0,0.0,0.0,Current,0,,0.0,,REVIEW,0.8
LN003226,7,0.0,0.0,0.0,0.0,Current,0,,0.0,,REVIEW,0.8
LN003226,8,0.0,0.0,0.0,0.0,Current,0,,0.0,,REVIEW,0.8
LN003226,9,0.0,0.0,0.0,0.0,Current,0,,0.0,,REVIEW,0.8
LN003226,10,0.0,0.0,0.0,0.0,Current,0,,0.0,,REVIEW,0.8
LN003226,11,0.0,0.0,0.0,0.0,Current,0,,0.0,,REVIEW,0.8
LN003226,12,0.0,0.0,0.0,0.0,Current,0,,0.0,,REVIEW,0.8
LN003226,13,0.0,0.0,0.0,0.0,Current,0,,0.0,,REVIEW,0.8
LN003226,14,0.0,0.0,0.0,0.0,Current,0,,0.0,,REVIEW,0.8
LN003226,15,0.0,0.0,0.0,0.0,Current,0,,0.0,,REVIEW,0.8
LN003226,16,0.0,0.0,0.0,0.0,Current,0,,0.0,,REVIEW,0.8
LN003226,17,0.0,0.0,0.0,0.0,Current,0,,0.0,,REVIEW,0.8
LN003226,18,0.0,0.0,0.0,0.0,Current,0,,0.0,,REVIEW,0.8
LN003226,19,0.0,0.0,0.0,0.0,Current,0,,0.0,,REVIEW,0.8
LN003226,20,0.0,0.0,0.0,0.0,Current,0,,0.0,,REVIEW,0.8
LN003226,21,0.0,0.0,0.0,0.0,Current,0,,0.0,,REVIEW,0.8
LN003226,22,0.0,0.0,0.0,0.0,Current,0,,0.0,,REVIEW,0.8
LN003226,23,0.0,0.0,0.0,0.0,Current,0,,0.0,,REVIEW,0.8
LN003226,24,0.0,0.0,0.0,0.0,Current,0,,0.0,,REVIEW,0.8
LN003227,1,0.0,0.0,0.0,0.0,Current,0,,0.0,,REVIEW,0.8
LN003227,2,0.0,0.0,0.0,0.0,Current,0,,0.0,,REVIEW,0.8
LN003227,3,0.0,0.0,0.0,0.0,Current,0,,0.0,,REVIEW,0.8
LN003228,1,0.0,0.0,0.0,0.0,Current,0,,0.0,,REVIEW,0.8
LN003228,2,0.0,0.0,0.0,0.0,Current,0,,0.0,,REVIEW,0.8
LN003228,3,0.0,0.0,0.0,0.0,Current,0,,0.0,,REVIEW,0.8
LN003228,4,0.0,0.0,0.0,0.0,Current,0,,0.0,,REVIEW,0.8
LN003228,5,0.0,0.0,0.0,0.0,Current,0,,0.0,,REVIEW,0.8
LN003228,6,0.0,0.0,0.0,0.0,Current,0,,0.0,,REVIEW,0.8
LN003228,7,0.0,0.0,0.0,0.0,Current,0,,0.0,,REVIEW,0.8
LN003228,8,0.0,0.0,0.0,0.0,Current,0,,0.0,,REVIEW,0.8
LN003228,9,0.0,0.0,0.0,0.0,Current,0,,0.0,,REVIEW,0.8
LN003228,10,0.0,0.0,0.0,0.0,Current,0,,0.0,,REVIEW,0.8
LN003228,11,0.0,0.0,0.0,0.0,Current,0,,0.0,,REVIEW,0.8
LN003228,12,0.0,0.0,0.0,0.0,Current,0,,0.0,,REVIEW,0.8
LN003228,13,0.0,0.0,0.0,0.0,Current,0,,0.0,,REVIEW,0.8
LN003228,14,0.0,0.0,0.0,0.0,Current,0,,0.0,,REVIEW,0.8
LN003228,15,0.0,0.0,0.0,0.0,Current,0,,0.0,,REVIEW,0.8
LN003228,16,0.0,0.0,0.0,0.0,Current,0,,0.0,,REVIEW,0.8
LN003228,17,0.0,0.0,0.0,0.0,Current,0,,0.0,,REVIEW,0.8
LN003228,18,0.0,0.0,0.0,0.0,Current,0,,0.0,,REVIEW,0.8
LN003228,19,0.0,0.0,0.0,0.0,Current,0,,0.0,,REVIEW,0.8
LN003228,20,0.0,0.0,0.0,0.0,Current,0,,0.0,,REVIEW,0.8
LN003228,21,0.0,0.0,0.0,0.0,Current,0,,0.0,,REVIEW,0.8
LN003228,22,0.0,0.0,0.0,0.0,Current,0,,0.0,,REVIEW,0.8
LN003228,23,0.0,0.0,0.0,0.0,Current,0,,0.0,,REVIEW,0.8
LN003228,24,0.0,0.0,0.0,0.0,Current,0,,0.0,,REVIEW,0.8
LN003229,1,0.0,0.0,0.0,0.0,Current,0,,0.0,,REVIEW,0.8
LN003229,2,0.0,0.0,0.0,0.0,Current,0,,0.0,,REVIEW,0.8
LN003229,3,0.0,0.0,0.0,0.0,Current,0,,0.0,,REVIEW,0.8
LN003229,4,0.0,0.0,0.0,0.0,Current,0,,0.0,,REVIEW,0.8
LN003229,5,0.0,0.0,0.0,0.0,Current,0,,0.0,,REVIEW,0.8
LN003229,6,0.0,0.0,0.0,0.0,Current,0,,0.0,,REVIEW,0.8
LN003229,7,0.0,0.0,0.0,0.0,Current,0,,0.0,,REVIEW,0.8
LN003229,8,0.0,0.0,0.0,0.0,Current,0,,0.0,,REVIEW,0.8
LN003229,9,0.0,0.0,0.0,0.0,Current,0,,0.0,,REVIEW,0.8
LN003229,10,0.0,0.0,0.0,0.0,Current,0,,0.0,,REVIEW,0.8
LN003229,11,0.0,0.0,0.0,0.0,Current,0,,0.0,,REVIEW,0.8
LN003229,12,0.0,0.0,0.0,0.0,Current,0,,0.0,,REVIEW,0.8
LN003229,13,0.0,0.0,0.0,0.0,Current,0,,0.0,,REVIEW,0.8
LN003229,14,0.0,0.0,0.0,0.0,Current,0,,0.0,,REVIEW,0.8
LN003229,15,0.0,0.0,0.0,0.0,Current,0,,0.0,,REVIEW,0.8
LN003229,16,0.0,0.0,0.0,0.0,Current,0,,0.0,,REVIEW,0.8
LN003229,17,0.0,0.0,0.0,0.0,Current,0,,0.0,,REVIEW,0.8
LN003229,18,0.0,0.0,0.0,0.0,Current,0,,0.0,,REVIEW,0.8
LN003229,19,0.0,0.0,0.0,0.0,Current,0,,0.0,,REVIEW,0.8
LN003229,20,0.0,0.0,0.0,0.0,Current,0,,0.0,,REVIEW,0.8
LN003229,21,0.0,0.0,0.0,0.0,Current,0,,0.0,,REVIEW,0.8
LN003229,22,0.0,0.0,0.0,0.0,Current,0,,0.0,,REVIEW,0.8
LN003229,23,0.0,0.0,0.0,0.0,Current,0,,0.0,,REVIEW,0.8
LN003229,24,0.0,0.0,0.0,0.0,Current,0,,0.0,,REVIEW,0.8
LN003230,1,0.0,0.0,0.0,0.0,Current,0,,0.0,,REVIEW,0.8
LN003230,2,0.0,0.0,0.0,0.0,Current,0,,0.0,,REVIEW,0.8
LN003230,3,0.0,0.0,0.0,0.0,Current,0,,0.0,,REVIEW,0.8
LN003230,4,0.0,0.0,0.0,0.0,Current,0,,0.0,,REVIEW,0.8
LN003230,5,0.0,0.0,0.0,0.0,Current,0,,0.0,,REVIEW,0.8
LN003230,6,0.0,0.0,0.0,0.0,Current,0,,0.0,,REVIEW,0.8
LN003230,7,0.0,0.0,0.0,0.0,Current,0,,0.0,,REVIEW,0.8
LN003230,8,0.0,0.0,0.0,0.0,Current,0,,0.0,,REVIEW,0.8
LN003230,9,0.0,0.0,0.0,0.0,Current,0,,0.0,,REVIEW,0.8
LN003230,10,0.0,0.0,0.0,0.0,Current,0,,0.0,,REVIEW,0.8
LN003230,11,0.0,0.0,0.0,0.0,Current,0,,0.0,,REVIEW,0.8
LN003230,12,0.0,0.0,0.0,0.0,Current,0,,0.0,,REVIEW,0.8
LN003230,13,0.0,0.0,0.0,0.0,Current,0,,0.0,,REVIEW,0.8
LN003230,14,0.0,0.0,0.0,0.0,Current,0,,0.0,,REVIEW,0.8
LN003230,15,0.0,0.0,0.0,0.0,Current,0,,0.0,,REVIEW,0.8
LN003230,16,0.0,0.0,0.0,0.0,Current,0,,0.0,,REVIEW,0.8
LN003230,17,0.0,0.0,0.0,0.0,Current,0,,0.0,,REVIEW,0.8
LN003230,18,0.0,0.0,0.0,0.0,Current,0,,0.0,,REVIEW,0.8
LN003230,19,0.0,0.0,0.0,0.0,Current,0,,0.0,,REVIEW,0.8
LN003230,20,0.0,0.0,0.0,0.0,Current,0,,0.0,,REVIEW,0.8
LN003230,21,0.0,0.0,0.0,0.0,Current,0,,0.0,,REVIEW,0.8
LN003230,22,0.0,0.0,0.0,0.0,Current,0,,0.0,,REVIEW,0.8
LN003230,23,0.0,0.0,0.0,0.0,Current,0,,0.0,,REVIEW,0.8
LN003230,24,0.0,0.0,0.0,0.0,Current,0,,0.0,,REVIEW,0.8
LN003231,1,0.0,0.0,0.0,0.0,Current,0,,0.0,,REVIEW,0.8
LN003231,2,0.0,0.0,0.0,0.0,Current,0,,0.0,,REVIEW,0.8
LN003231,3,0.0,0.0,0.0,0.0,Current,0,,0.0,,REVIEW,0.8
LN003231,4,0.0,0.0,0.0,0.0,Current,0,,0.0,,REVIEW,0.8
LN003231,5,0.0,0.0,0.0,0.0,Current,0,,0.0,,REVIEW,0.8
LN003231,6,0.0,0.0,0.0,0.0,Current,0,,0.0,,REVIEW,0.8
LN003231,7,0.0,0.0,0.0,0.0,Current,0,,0.0,,REVIEW,0.8
LN003231,8,0.0,0.0,0.0,0.0,Current,0,,0.0,,REVIEW,0.8
LN003231,9,0.0,0.0,0.0,0.0,Current,0,,0.0,,REVIEW,0.8
LN003231,10,0.0,0.0,0.0,0.0,Current,0,,0.0,,REVIEW,0.8
LN003231,11,0.0,0.0,0.0,0.0,Current,0,,0.0,,REVIEW,0.8
LN003231,12,0.0,0.0,0.0,0.0,Current,0,,0.0,,REVIEW,0.8
LN003231,13,0.0,0.0,0.0,0.0,Current,0,,0.0,,REVIEW,0.8
LN003231,14,0.0,0.0,0.0,0.0,Current,0,,0.0,,REVIEW,0.8
LN003232,1,0.0,0.0,0.0,0.0,Current,0,,0.0,,REVIEW,0.8
LN003232,2,0.0,0.0,0.0,0.0,Current,0,,0.0,,REVIEW,0.8
LN003232,3,0.0,0.0,0.0,0.0,Current,0,,0.0,,REVIEW,0.8
LN003232,4,0.0,0.0,0.0,0.0,Current,0,,0.0,,REVIEW,0.8
LN003232,5,0.0,0.0,0.0,0.0,Current,0,,0.0,,REVIEW,0.8
LN003232,6,0.0,0.0,0.0,0.0,Current,0,,0.0,,REVIEW,0.8
LN003232,7,0.0,0.0,0.0,0.0,Current,0,,0.0,,REVIEW,0.8
LN003232,8,0.0,0.0,0.0,0.0,Current,0,,0.0,,REVIEW,0.8
LN003232,9,0.0,0.0,0.0,0.0,Current,0,,0.0,,REVIEW,0.8
LN003232,10,0.0,0.0,0.0,0.0,Current,0,,0.0,,REVIEW,0.8
LN003232,11,0.0,0.0,0.0,0.0,Current,0,,0.0,,REVIEW,0.8
LN003232,12,0.0,0.0,0.0,0.0,Current,0,,0.0,,REVIEW,0.8
LN003232,13,0.0,0.0,0.0,0.0,Current,0,,0.0,,REVIEW,0.8
LN003232,14,0.0,0.0,0.0,0.0,Current,0,,0.0,,REVIEW,0.8
LN003232,15,0.0,0.0,0.0,0.0,Current,0,,0.0,,REVIEW,0.8
LN003232,16,0.0,0.0,0.0,0.0,Current,0,,0.0,,REVIEW,0.8
LN003232,17,0.0,0.0,0.0,0.0,Current,0,,0.0,,REVIEW,0.8
LN003232,18,0.0,0.0,0.0,0.0,Current,0,,0.0,,REVIEW,0.8
LN003232,19,0.0,0.0,0.0,0.0,Current,0,,0.0,,REVIEW,0.8
LN003232,20,0.0,0.0,0.0,0.0,Current,0,,0.0,,REVIEW,0.8
LN003232,21,0.0,0.0,0.0,0.0,Current,0,,0.0,,REVIEW,0.8
LN003232,22,0.0,0.0,0.0,0.0,Current,0,,0.0,,REVIEW,0.8
LN003232,23,0.0,0.0,0.0,0.0,Current,0,,0.0,,REVIEW,0.8
LN003232,24,0.0,0.0,0.0,0.0,Current,0,,0.0,,REVIEW,0.8
LN003233,1,0.0,0.0,0.0,0.0,Current,0,,0.0,,REVIEW,0.8
LN003233,2,0.0,0.0,0.0,0.0,Current,0,,0.0,,REVIEW,0.8
LN003233,3,0.0,0.0,0.0,0.0,Current,0,,0.0,,REVIEW,0.8
LN003233,4,0.0,0.0,0.0,0.0,Current,0,,0.0,,REVIEW,0.8
LN003233,5,0.0,0.0,0.0,0.0,Current,0,,0.0,,REVIEW,0.8
LN003233,6,0.0,0.0,0.0,0.0,Current,0,,0.0,,REVIEW,0.8
LN003233,7,0.0,0.0,0.0,0.0,Current,0,,0.0,,REVIEW,0.8
LN003233,8,0.0,0.0,0.0,0.0,Current,0,,0.0,,REVIEW,0.8
LN003233,9,0.0,0.0,0.0,0.0,Current,0,,0.0,,REVIEW,0.8
LN003233,10,0.0,0.0,0.0,0.0,Current,0,,0.0,,REVIEW,0.8
LN003233,11,0.0,0.0,0.0,0.0,Current,0,,0.0,,REVIEW,0.8
LN003233,12,0.0,0.0,0.0,0.0,Current,0,,0.0,,REVIEW,0.8
LN003233,13,0.0,0.0,0.0,0.0,Current,0,,0.0,,REVIEW,0.8
LN003233,14,0.0,0.0,0.0,0.0,Current,0,,0.0,,REVIEW,0.8
LN003233,15,0.0,0.0,0.0,0.0,Current,0,,0.0,,REVIEW,0.8
LN003233,16,0.0,0.0,0.0,0.0,Current,0,,0.0,,REVIEW,0.8
LN003233,17,0.0,0.0,0.0,0.0,Current,0,,0.0,,REVIEW,0.8
LN003233,18,0.0,0.0,0.0,0.0,Current,0,,0.0,,REVIEW,0.8
LN003233,19,0.0,0.0,0.0,0.0,Current,0,,0.0,,REVIEW,0.8
LN003233,20,0.0,0.0,0.0,0.0,Current,0,,0.0,,REVIEW,0.8
LN003233,21,0.0,0.0,0.0,0.0,Current,0,,0.0,,REVIEW,0.8
LN003233,22,0.0,0.0,0.0,0.0,Current,0,,0.0,,REVIEW,0.8
LN003233,23,0.0,0.0,0.0,0.0,Current,0,,0.0,,REVIEW,0.8
LN003233,24,0.0,0.0,0.0,0.0,Current,0,,0.0,,REVIEW,0.8
LN003234,1,0.0,0.0,0.0,0.0,Current,0,,0.0,,REVIEW,0.8
LN003234,2,0.0,0.0,0.0,0.0,Current,0,,0.0,,REVIEW,0.8
LN003234,3,0.0,0.0,0.0,0.0,Current,0,,0.0,,REVIEW,0.8
LN003234,4,0.0,0.0,0.0,0.0,Current,0,,0.0,,REVIEW,0.8
LN003234,5,0.0,0.0,0.0,0.0,Current,0,,0.0,,REVIEW,0.8
LN003234,6,0.0,0.0,0.0,0.0,Current,0,,0.0,,REVIEW,0.8
LN003234,7,0.0,0.0,0.0,0.0,Current,0,,0.0,,REVIEW,0.8
LN003234,8,0.0,0.0,0.0,0.0,Current,0,,0.0,,REVIEW,0.8
LN003234,9,0.0,0.0,0.0,0.0,Current,0,,0.0,,REVIEW,0.8
LN003234,10,0.0,0.0,0.0,0.0,Current,0,,0.0,,REVIEW,0.8
LN003234,11,0.0,0.0,0.0,0.0,Current,0,,0.0,,REVIEW,0.8
LN003234,12,0.0,0.0,0.0,0.0,Current,0,,0.0,,REVIEW,0.8
LN003234,13,0.0,0.0,0.0,0.0,Current,0,,0.0,,REVIEW,0.8
LN003234,14,0.0,0.0,0.0,0.0,Current,0,,0.0,,REVIEW,0.8
LN003235,1,0.0,0.0,0.0,0.0,Current,0,,0.0,,REVIEW,0.8
LN003235,2,0.0,0.0,0.0,0.0,Current,0,,0.0,,REVIEW,0.8
LN003235,3,0.0,0.0,0.0,0.0,Current,0,,0.0,,REVIEW,0.8
LN003235,4,0.0,0.0,0.0,0.0,Current,0,,0.0,,REVIEW,0.8
LN003235,5,0.0,0.0,0.0,0.0,Current,0,,0.0,,REVIEW,0.8
LN003235,6,0.0,0.0,0.0,0.0,Current,0,,0.0,,REVIEW,0.8
LN003235,7,0.0,0.0,0.0,0.0,Current,0,,0.0,,REVIEW,0.8
LN003235,8,0.0,0.0,0.0,0.0,Current,0,,0.0,,REVIEW,0.8
LN003235,9,0.0,0.0,0.0,0.0,Current,0,,0.0,,REVIEW,0.8
LN003235,10,0.0,0.0,0.0,0.0,Current,0,,0.0,,REVIEW,0.8
LN003235,11,0.0,0.0,0.0,0.0,Current,0,,0.0,,REVIEW,0.8
LN003235,12,0.0,0.0,0.0,0.0,Current,0,,0.0,,REVIEW,0.8
LN003235,13,0.0,0.0,0.0,0.0,Current,0,,0.0,,REVIEW,0.8
LN003235,14,0.0,0.0,0.0,0.0,Current,0,,0.0,,REVIEW,0.8
LN003235,15,0.0,0.0,0.0,0.0,Current,0,,0.0,,REVIEW,0.8
LN003235,16,0.0,0.0,0.0,0.0,Current,0,,0.0,,REVIEW,0.8
LN003235,17,0.0,0.0,0.0,0.0,Current,0,,0.0,,REVIEW,0.8
LN003235,18,0.0,0.0,0.0,0.0,Current,0,,0.0,,REVIEW,0.8
LN003235,19,0.0,0.0,0.0,0.0,Current,0,,0.0,,REVIEW,0.8
LN003235,20,0.0,0.0,0.0,0.0,Current,0,,0.0,,REVIEW,0.8
LN003235,21,0.0,0.0,0.0,0.0,Current,0,,0.0,,REVIEW,0.8
LN003235,22,0.0,0.0,0.0,0.0,Current,0,,0.0,,REVIEW,0.8
LN003235,23,0.0,0.0,0.0,0.0,Current,0,,0.0,,REVIEW,0.8
LN003235,24,0.0,0.0,0.0,0.0,Current,0,,0.0,,REVIEW,0.8
LN003236,1,0.0,0.0,0.0,0.0,Current,0,,0.0,,REVIEW,0.8
LN003236,2,0.0,0.0,0.0,0.0,Current,0,,0.0,,REVIEW,0.8
LN003236,3,0.0,0.0,0.0,0.0,Current,0,,0.0,,REVIEW,0.8
LN003236,4,0.0,0.0,0.0,0.0,Current,0,,0.0,,REVIEW,0.8
LN003236,5,0.0,0.0,0.0,0.0,Current,0,,0.0,,REVIEW,0.8
LN003236,6,0.0,0.0,0.0,0.0,Current,0,,0.0,,REVIEW,0.8
LN003236,7,0.0,0.0,0.0,0.0,Current,0,,0.0,,REVIEW,0.8
LN003236,8,0.0,0.0,0.0,0.0,Current,0,,0.0,,REVIEW,0.8
LN003236,9,0.0,0.0,0.0,0.0,Current,0,,0.0,,REVIEW,0.8
LN003236,10,0.0,0.0,0.0,0.0,Current,0,,0.0,,REVIEW,0.8
LN003236,11,0.0,0.0,0.0,0.0,Current,0,,0.0,,REVIEW,0.8
LN003236,12,0.0,0.0,0.0,0.0,Current,0,,0.0,,REVIEW,0.8
LN003236,13,0.0,0.0,0.0,0.0,Current,0,,0.0,,REVIEW,0.8
LN003236,14,0.0,0.0,0.0,0.0,Current,0,,0.0,,REVIEW,0.8
LN003236,15,0.0,0.0,0.0,0.0,Current,0,,0.0,,REVIEW,0.8
LN003236,16,0.0,0.0,0.0,0.0,Current,0,,0.0,,REVIEW,0.8
LN003236,17,0.0,0.0,0.0,0.0,Current,0,,0.0,,REVIEW,0.8
LN003236,18,0.0,0.0,0.0,0.0,Current,0,,0.0,,REVIEW,0.8
LN003236,19,0.0,0.0,0.0,0.0,Current,0,,0.0,,REVIEW,0.8
LN003236,20,0.0,0.0,0.0,0.0,Current,0,,0.0,,REVIEW,0.8
LN003236,21,0.0,0.0,0.0,0.0,Current,0,,0.0,,REVIEW,0.8
LN003236,22,0.0,0.0,0.0,0.0,Current,0,,0.0,,REVIEW,0.8
LN003236,23,0.0,0.0,0.0,0.0,Current,0,,0.0,,REVIEW,0.8
LN003236,24,0.0,0.0,0.0,0.0,Current,0,,0.0,,REVIEW,0.8
LN003237,1,0.0,0.0,0.0,0.0,Current,0,,0.0,,REVIEW,0.8
LN003237,2,0.0,0.0,0.0,0.0,Current,0,,0.0,,REVIEW,0.8
LN003237,3,0.0,0.0,0.0,0.0,Current,0,,0.0,,REVIEW,0.8
LN003237,4,0.0,0.0,0.0,0.0,Current,0,,0.0,,REVIEW,0.8
LN003237,5,0.0,0.0,0.0,0.0,Current,0,,0.0,,REVIEW,0.8
LN003237,6,0.0,0.0,0.0,0.0,Current,0,,0.0,,REVIEW,0.8
LN003237,7,0.0,0.0,0.0,0.0,Current,0,,0.0,,REVIEW,0.8
LN003237,8,0.0,0.0,0.0,0.0,Current,0,,0.0,,REVIEW,0.8
LN003237,9,0.0,0.0,0.0,0.0,Current,0,,0.0,,REVIEW,0.8
LN003237,10,0.0,0.0,0.0,0.0,Current,0,,0.0,,REVIEW,0.8
LN003237,11,0.0,0.0,0.0,0.0,Current,0,,0.0,,REVIEW,0.8
LN003237,12,0.0,0.0,0.0,0.0,Current,0,,0.0,,REVIEW,0.8
LN003237,13,0.0,0.0,0.0,0.0,Current,0,,0.0,,REVIEW,0.8
LN003237,14,0.0,0.0,0.0,0.0,Current,0,,0.0,,REVIEW,0.8
LN003237,15,0.0,0.0,0.0,0.0,Current,0,,0.0,,REVIEW,0.8
LN003238,1,0.0,0.0,0.0,0.0,Current,0,,0.0,,REVIEW,0.8
LN003238,2,0.0,0.0,0.0,0.0,Current,0,,0.0,,REVIEW,0.8
LN003238,3,0.0,0.0,0.0,0.0,Current,0,,0.0,,REVIEW,0.8
LN003238,4,0.0,0.0,0.0,0.0,Current,0,,0.0,,REVIEW,0.8
LN003238,5,0.0,0.0,0.0,0.0,Current,0,,0.0,,REVIEW,0.8
LN003238,6,0.0,0.0,0.0,0.0,Current,0,,0.0,,REVIEW,0.8
LN003238,7,0.0,0.0,0.0,0.0,Current,0,,0.0,,REVIEW,0.8
LN003238,8,0.0,0.0,0.0,0.0,Current,0,,0.0,,REVIEW,0.8
LN003238,9,0.0,0.0,0.0,0.0,Current,0,,0.0,,REVIEW,0.8
LN003238,10,0.0,0.0,0.0,0.0,Current,0,,0.0,,REVIEW,0.8
LN003238,11,0.0,0.0,0.0,0.0,Current,0,,0.0,,REVIEW,0.8
LN003238,12,0.0,0.0,0.0,0.0,Current,0,,0.0,,REVIEW,0.8
LN003238,13,0.0,0.0,0.0,0.0,Current,0,,0.0,,REVIEW,0.8
LN003238,14,0.0,0.0,0.0,0.0,Current,0,,0.0,,REVIEW,0.8
LN003238,15,0.0,0.0,0.0,0.0,Current,0,,0.0,,REVIEW,0.8
LN003238,16,0.0,0.0,0.0,0.0,Current,0,,0.0,,REVIEW,0.8
LN003238,17,0.0,0.0,0.0,0.0,Current,0,,0.0,,REVIEW,0.8
LN003238,18,0.0,0.0,0.0,0.0,Current,0,,0.0,,REVIEW,0.8
LN003238,19,0.0,0.0,0.0,0.0,Current,0,,0.0,,REVIEW,0.8
LN003238,20,0.0,0.0,0.0,0.0,Current,0,,0.0,,REVIEW,0.8
LN003238,21,0.0,0.0,0.0,0.0,Current,0,,0.0,,REVIEW,0.8
LN003238,22,0.0,0.0,0.0,0.0,Current,0,,0.0,,REVIEW,0.8
LN003239,1,0.0,0.0,0.0,0.0,Current,0,,0.0,,REVIEW,0.8
LN003239,2,0.0,0.0,0.0,0.0,Current,0,,0.0,,REVIEW,0.8
LN003239,3,0.0,0.0,0.0,0.0,Current,0,,0.0,,REVIEW,0.8
LN003239,4,0.0,0.0,0.0,0.0,Current,0,,0.0,,REVIEW,0.8
LN003239,5,0.0,0.0,0.0,0.0,Current,0,,0.0,,REVIEW,0.8
LN003239,6,0.0,0.0,0.0,0.0,Current,0,,0.0,,REVIEW,0.8
LN003239,7,0.0,0.0,0.0,0.0,Current,0,,0.0,,REVIEW,0.8
LN003239,8,0.0,0.0,0.0,0.0,Current,0,,0.0,,REVIEW,0.8
LN003239,9,0.0,0.0,0.0,0.0,Current,0,,0.0,,REVIEW,0.8
LN003239,10,0.0,0.0,0.0,0.0,Current,0,,0.0,,REVIEW,0.8
LN003239,11,0.0,0.0,0.0,0.0,Current,0,,0.0,,REVIEW,0.8
LN003239,12,0.0,0.0,0.0,0.0,Current,0,,0.0,,REVIEW,0.8
LN003239,13,0.0,0.0,0.0,0.0,Current,0,,0.0,,REVIEW,0.8
LN003239,14,0.0,0.0,0.0,0.0,Current,0,,0.0,,REVIEW,0.8
LN003239,15,0.0,0.0,0.0,0.0,Current,0,,0.0,,REVIEW,0.8
LN003239,16,0.0,0.0,0.0,0.0,Current,0,,0.0,,REVIEW,0.8
LN003239,17,0.0,0.0,0.0,0.0,Current,0,,0.0,,REVIEW,0.8
LN003239,18,0.0,0.0,0.0,0.0,Current,0,,0.0,,REVIEW,0.8
LN003239,19,0.0,0.0,0.0,0.0,Current,0,,0.0,,REVIEW,0.8
LN003239,20,0.0,0.0,0.0,0.0,Current,0,,0.0,,REVIEW,0.8
LN003239,21,0.0,0.0,0.0,0.0,Current,0,,0.0,,REVIEW,0.8
LN003239,22,0.0,0.0,0.0,0.0,Current,0,,0.0,,REVIEW,0.8
LN003239,23,0.0,0.0,0.0,0.0,Current,0,,0.0,,REVIEW,0.8
LN003239,24,0.0,0.0,0.0,0.0,Current,0,,0.0,,REVIEW,0.8
LN003240,1,0.0,0.0,0.0,0.0,Current,0,,0.0,,REVIEW,0.8
LN003240,2,0.0,0.0,0.0,0.0,Current,0,,0.0,,REVIEW,0.8
LN003240,3,0.0,0.0,0.0,0.0,Current,0,,0.0,,REVIEW,0.8
LN003240,4,0.0,0.0,0.0,0.0,Current,0,,0.0,,REVIEW,0.8
LN003240,5,0.0,0.0,0.0,0.0,Current,0,,0.0,,REVIEW,0.8
LN003240,6,0.0,0.0,0.0,0.0,Current,0,,0.0,,REVIEW,0.8
LN003240,7,0.0,0.0,0.0,0.0,Current,0,,0.0,,REVIEW,0.8
LN003241,1,0.0,0.0,0.0,0.0,Current,0,,0.0,,REVIEW,0.8
LN003241,2,0.0,0.0,0.0,0.0,Current,0,,0.0,,REVIEW,0.8
LN003241,3,0.0,0.0,0.0,0.0,Current,0,,0.0,,REVIEW,0.8
LN003241,4,0.0,0.0,0.0,0.0,Current,0,,0.0,,REVIEW,0.8
LN003241,5,0.0,0.0,0.0,0.0,Current,0,,0.0,,REVIEW,0.8
LN003241,6,0.0,0.0,0.0,0.0,Current,0,,0.0,,REVIEW,0.8
LN003241,7,0.0,0.0,0.0,0.0,Current,0,,0.0,,REVIEW,0.8
LN003241,8,0.0,0.0,0.0,0.0,Current,0,,0.0,,REVIEW,0.8
LN003241,9,0.0,0.0,0.0,0.0,Current,0,,0.0,,REVIEW,0.8
LN003241,10,0.0,0.0,0.0,0.0,Current,0,,0.0,,REVIEW,0.8
LN003241,11,0.0,0.0,0.0,0.0,Current,0,,0.0,,REVIEW,0.8
LN003241,12,0.0,0.0,0.0,0.0,Current,0,,0.0,,REVIEW,0.8
LN003241,13,0.0,0.0,0.0,0.0,Current,0,,0.0,,REVIEW,0.8
LN003241,14,0.0,0.0,0.0,0.0,Current,0,,0.0,,REVIEW,0.8
LN003241,15,0.0,0.0,0.0,0.0,Current,0,,0.0,,REVIEW,0.8
LN003241,16,0.0,0.0,0.0,0.0,Current,0,,0.0,,REVIEW,0.8
LN003241,17,0.0,0.0,0.0,0.0,Current,0,,0.0,,REVIEW,0.8
LN003241,18,0.0,0.0,0.0,0.0,Current,0,,0.0,,REVIEW,0.8
LN003241,19,0.0,0.0,0.0,0.0,Current,0,,0.0,,REVIEW,0.8
LN003241,20,0.0,0.0,0.0,0.0,Current,0,,0.0,,REVIEW,0.8
LN003241,21,0.0,0.0,0.0,0.0,Current,0,,0.0,,REVIEW,0.8
LN003241,22,0.0,0.0,0.0,0.0,Current,0,,0.0,,REVIEW,0.8
LN003241,23,0.0,0.0,0.0,0.0,Current,0,,0.0,,REVIEW,0.8
LN003241,24,0.0,0.0,0.0,0.0,Current,0,,0.0,,REVIEW,0.8
LN003242,1,0.0,0.0,0.0,0.0,Current,0,,0.0,,REVIEW,0.8
LN003242,2,0.0,0.0,0.0,0.0,Current,0,,0.0,,REVIEW,0.8
LN003242,3,0.0,0.0,0.0,0.0,Current,0,,0.0,,REVIEW,0.8
LN003242,4,0.0,0.0,0.0,0.0,Current,0,,0.0,,REVIEW,0.8
LN003242,5,0.0,0.0,0.0,0.0,Current,0,,0.0,,REVIEW,0.8
LN003242,6,0.0,0.0,0.0,0.0,Current,0,,0.0,,REVIEW,0.8
LN003242,7,0.0,0.0,0.0,0.0,Current,0,,0.0,,REVIEW,0.8
LN003242,8,0.0,0.0,0.0,0.0,Current,0,,0.0,,REVIEW,0.8
LN003242,9,0.0,0.0,0.0,0.0,Current,0,,0.0,,REVIEW,0.8
LN003242,10,0.0,0.0,0.0,0.0,Current,0,,0.0,,REVIEW,0.8
LN003243,1,0.0,0.0,0.0,0.0,Current,0,,0.0,,REVIEW,0.8
LN003244,1,0.0,0.0,0.0,0.0,Current,0,,0.0,,REVIEW,0.8
LN003244,2,0.0,0.0,0.0,0.0,Current,0,,0.0,,REVIEW,0.8
LN003244,3,0.0,0.0,0.0,0.0,Current,0,,0.0,,REVIEW,0.8
LN003244,4,0.0,0.0,0.0,0.0,Current,0,,0.0,,REVIEW,0.8
LN003244,5,0.0,0.0,0.0,0.0,Current,0,,0.0,,REVIEW,0.8
LN003244,6,0.0,0.0,0.0,0.0,Current,0,,0.0,,REVIEW,0.8
LN003244,7,0.0,0.0,0.0,0.0,Current,0,,0.0,,REVIEW,0.8
LN003244,8,0.0,0.0,0.0,0.0,Current,0,,0.0,,REVIEW,0.8
LN003244,9,0.0,0.0,0.0,0.0,Current,0,,0.0,,REVIEW,0.8
LN003244,10,0.0,0.0,0.0,0.0,Current,0,,0.0,,REVIEW,0.8
LN003244,11,0.0,0.0,0.0,0.0,Current,0,,0.0,,REVIEW,0.8
LN003244,12,0.0,0.0,0.0,0.0,Current,0,,0.0,,REVIEW,0.8
LN003244,13,0.0,0.0,0.0,0.0,Current,0,,0.0,,REVIEW,0.8
LN003244,14,0.0,0.0,0.0,0.0,Current,0,,0.0,,REVIEW,0.8
LN003244,15,0.0,0.0,0.0,0.0,Current,0,,0.0,,REVIEW,0.8
LN003245,1,0.0,0.0,0.0,0.0,Current,0,,0.0,,REVIEW,0.8
LN003245,2,0.0,0.0,0.0,0.0,Current,0,,0.0,,REVIEW,0.8
LN003245,3,0.0,0.0,0.0,0.0,Current,0,,0.0,,REVIEW,0.8
LN003245,4,0.0,0.0,0.0,0.0,Current,0,,0.0,,REVIEW,0.8
LN003245,5,0.0,0.0,0.0,0.0,Current,0,,0.0,,REVIEW,0.8
LN003245,6,0.0,0.0,0.0,0.0,Current,0,,0.0,,REVIEW,0.8
LN003245,7,0.0,0.0,0.0,0.0,Current,0,,0.0,,REVIEW,0.8
LN003245,8,0.0,0.0,0.0,0.0,Current,0,,0.0,,REVIEW,0.8
LN003245,9,0.0,0.0,0.0,0.0,Current,0,,0.0,,REVIEW,0.8
LN003245,10,0.0,0.0,0.0,0.0,Current,0,,0.0,,REVIEW,0.8
LN003245,11,0.0,0.0,0.0,0.0,Current,0,,0.0,,REVIEW,0.8
LN003245,12,0.0,0.0,0.0,0.0,Current,0,,0.0,,REVIEW,0.8
LN003245,13,0.0,0.0,0.0,0.0,Current,0,,0.0,,REVIEW,0.8
LN003245,14,0.0,0.0,0.0,0.0,Current,0,,0.0,,REVIEW,0.8
LN003245,15,0.0,0.0,0.0,0.0,Current,0,,0.0,,REVIEW,0.8
LN003245,16,0.0,0.0,0.0,0.0,Current,0,,0.0,,REVIEW,0.8
LN003245,17,0.0,0.0,0.0,0.0,Current,0,,0.0,,REVIEW,0.8
LN003245,18,0.0,0.0,0.0,0.0,Current,0,,0.0,,REVIEW,0.8
LN003245,19,0.0,0.0,0.0,0.0,Current,0,,0.0,,REVIEW,0.8
LN003245,20,0.0,0.0,0.0,0.0,Current,0,,0.0,,REVIEW,0.8
LN003245,21,0.0,0.0,0.0,0.0,Current,0,,0.0,,REVIEW,0.8
LN003245,22,0.0,0.0,0.0,0.0,Current,0,,0.0,,REVIEW,0.8
LN003245,23,0.0,0.0,0.0,0.0,Current,0,,0.0,,REVIEW,0.8
LN003245,24,0.0,0.0,0.0,0.0,Current,0,,0.0,,REVIEW,0.8
LN003246,1,0.0,0.0,0.0,0.0,Current,0,,0.0,,REVIEW,0.8
LN003246,2,0.0,0.0,0.0,0.0,Current,0,,0.0,,REVIEW,0.8
LN003246,3,0.0,0.0,0.0,0.0,Current,0,,0.0,,REVIEW,0.8
LN003246,4,0.0,0.0,0.0,0.0,Current,0,,0.0,,REVIEW,0.8
LN003246,5,0.0,0.0,0.0,0.0,Current,0,,0.0,,REVIEW,0.8
LN003246,6,0.0,0.0,0.0,0.0,Current,0,,0.0,,REVIEW,0.8
LN003246,7,0.0,0.0,0.0,0.0,Current,0,,0.0,,REVIEW,0.8
LN003246,8,0.0,0.0,0.0,0.0,Current,0,,0.0,,REVIEW,0.8
LN003247,1,0.0,0.0,0.0,0.0,Current,0,,0.0,,REVIEW,0.8
LN003247,2,0.0,0.0,0.0,0.0,Current,0,,0.0,,REVIEW,0.8
LN003247,3,0.0,0.0,0.0,0.0,Current,0,,0.0,,REVIEW,0.8
LN003247,4,0.0,0.0,0.0,0.0,Current,0,,0.0,,REVIEW,0.8
LN003247,5,0.0,0.0,0.0,0.0,Current,0,,0.0,,REVIEW,0.8
LN003247,6,0.0,0.0,0.0,0.0,Current,0,,0.0,,REVIEW,0.8
LN003247,7,0.0,0.0,0.0,0.0,Current,0,,0.0,,REVIEW,0.8
LN003247,8,0.0,0.0,0.0,0.0,Current,0,,0.0,,REVIEW,0.8
LN003247,9,0.0,0.0,0.0,0.0,Current,0,,0.0,,REVIEW,0.8
LN003247,10,0.0,0.0,0.0,0.0,Current,0,,0.0,,REVIEW,0.8
LN003247,11,0.0,0.0,0.0,0.0,Current,0,,0.0,,REVIEW,0.8
LN003247,12,0.0,0.0,0.0,0.0,Current,0,,0.0,,REVIEW,0.8
LN003247,13,0.0,0.0,0.0,0.0,Current,0,,0.0,,REVIEW,0.8
LN003247,14,0.0,0.0,0.0,0.0,Current,0,,0.0,,REVIEW,0.8
LN003247,15,0.0,0.0,0.0,0.0,Current,0,,0.0,,REVIEW,0.8
LN003247,16,0.0,0.0,0.0,0.0,Current,0,,0.0,,REVIEW,0.8
LN003247,17,0.0,0.0,0.0,0.0,Current,0,,0.0,,REVIEW,0.8
LN003247,18,0.0,0.0,0.0,0.0,Current,0,,0.0,,REVIEW,0.8
LN003247,19,0.0,0.0,0.0,0.0,Current,0,,0.0,,REVIEW,0.8
LN003247,20,0.0,0.0,0.0,0.0,Current,0,,0.0,,REVIEW,0.8
LN003247,21,0.0,0.0,0.0,0.0,Current,0,,0.0,,REVIEW,0.8
LN003247,22,0.0,0.0,0.0,0.0,Current,0,,0.0,,REVIEW,0.8
LN003247,23,0.0,0.0,0.0,0.0,Current,0,,0.0,,REVIEW,0.8
LN003247,24,0.0,0.0,0.0,0.0,Current,0,,0.0,,REVIEW,0.8
LN003248,1,0.0,0.0,0.0,0.0,Current,0,,0.0,,REVIEW,0.8
LN003248,2,0.0,0.0,0.0,0.0,Current,0,,0.0,,REVIEW,0.8
LN003248,3,0.0,0.0,0.0,0.0,Current,0,,0.0,,REVIEW,0.8
LN003248,4,0.0,0.0,0.0,0.0,Current,0,,0.0,,REVIEW,0.8
LN003248,5,0.0,0.0,0.0,0.0,Current,0,,0.0,,REVIEW,0.8
LN003248,6,0.0,0.0,0.0,0.0,Current,0,,0.0,,REVIEW,0.8
LN003248,7,0.0,0.0,0.0,0.0,Current,0,,0.0,,REVIEW,0.8
LN003248,8,0.0,0.0,0.0,0.0,Current,0,,0.0,,REVIEW,0.8
LN003248,9,0.0,0.0,0.0,0.0,Current,0,,0.0,,REVIEW,0.8
LN003248,10,0.0,0.0,0.0,0.0,Current,0,,0.0,,REVIEW,0.8
LN003248,11,0.0,0.0,0.0,0.0,Current,0,,0.0,,REVIEW,0.8
LN003248,12,0.0,0.0,0.0,0.0,Current,0,,0.0,,REVIEW,0.8
LN003248,13,0.0,0.0,0.0,0.0,Current,0,,0.0,,REVIEW,0.8
LN003248,14,0.0,0.0,0.0,0.0,Current,0,,0.0,,REVIEW,0.8
LN003249,1,0.0,0.0,0.0,0.0,Current,0,,0.0,,REVIEW,0.8
LN003249,2,0.0,0.0,0.0,0.0,Current,0,,0.0,,REVIEW,0.8
LN003249,3,0.0,0.0,0.0,0.0,Current,0,,0.0,,REVIEW,0.8
LN003249,4,0.0,0.0,0.0,0.0,Current,0,,0.0,,REVIEW,0.8
LN003249,5,0.0,0.0,0.0,0.0,Current,0,,0.0,,REVIEW,0.8
LN003249,6,0.0,0.0,0.0,0.0,Current,0,,0.0,,REVIEW,0.8
LN003249,7,0.0,0.0,0.0,0.0,Current,0,,0.0,,REVIEW,0.8
LN003249,8,0.0,0.0,0.0,0.0,Current,0,,0.0,,REVIEW,0.8
LN003249,9,0.0,0.0,0.0,0.0,Current,0,,0.0,,REVIEW,0.8
LN003249,10,0.0,0.0,0.0,0.0,Current,0,,0.0,,REVIEW,0.8
LN003249,11,0.0,0.0,0.0,0.0,Current,0,,0.0,,REVIEW,0.8
LN003249,12,0.0,0.0,0.0,0.0,Current,0,,0.0,,REVIEW,0.8
LN003249,13,0.0,0.0,0.0,0.0,Current,0,,0.0,,REVIEW,0.8
LN003249,14,0.0,0.0,0.0,0.0,Current,0,,0.0,,REVIEW,0.8
LN003249,15,0.0,0.0,0.0,0.0,Current,0,,0.0,,REVIEW,0.8
LN003249,16,0.0,0.0,0.0,0.0,Current,0,,0.0,,REVIEW,0.8
LN003249,17,0.0,0.0,0.0,0.0,Current,0,,0.0,,REVIEW,0.8
LN003249,18,0.0,0.0,0.0,0.0,Current,0,,0.0,,REVIEW,0.8
LN003249,19,0.0,0.0,0.0,0.0,Current,0,,0.0,,REVIEW,0.8
LN003249,20,0.0,0.0,0.0,0.0,Current,0,,0.0,,REVIEW,0.8
LN003249,21,0.0,0.0,0.0,0.0,Current,0,,0.0,,REVIEW,0.8
LN003249,22,0.0,0.0,0.0,0.0,Current,0,,0.0,,REVIEW,0.8
LN003249,23,0.0,0.0,0.0,0.0,Current,0,,0.0,,REVIEW,0.8
LN003249,24,0.0,0.0,0.0,0.0,Current,0,,0.0,,REVIEW,0.8
LN003250,1,0.0,0.0,0.0,0.0,Current,0,,0.0,,REVIEW,0.8
LN003250,2,0.0,0.0,0.0,0.0,Current,0,,0.0,,REVIEW,0.8
LN003250,3,0.0,0.0,0.0,0.0,Current,0,,0.0,,REVIEW,0.8
LN003250,4,0.0,0.0,0.0,0.0,Current,0,,0.0,,REVIEW,0.8
LN003250,5,0.0,0.0,0.0,0.0,Current,0,,0.0,,REVIEW,0.8
LN003250,6,0.0,0.0,0.0,0.0,Current,0,,0.0,,REVIEW,0.8
LN003250,7,0.0,0.0,0.0,0.0,Current,0,,0.0,,REVIEW,0.8
LN003250,8,0.0,0.0,0.0,0.0,Current,0,,0.0,,REVIEW,0.8
LN003250,9,0.0,0.0,0.0,0.0,Current,0,,0.0,,REVIEW,0.8
LN003250,10,0.0,0.0,0.0,0.0,Current,0,,0.0,,REVIEW,0.8
LN003250,11,0.0,0.0,0.0,0.0,Current,0,,0.0,,REVIEW,0.8
LN003250,12,0.0,0.0,0.0,0.0,Current,0,,0.0,,REVIEW,0.8
LN003250,13,0.0,0.0,0.0,0.0,Current,0,,0.0,,REVIEW,0.8
LN003250,14,0.0,0.0,0.0,0.0,Current,0,,0.0,,REVIEW,0.8
LN003250,15,0.0,0.0,0.0,0.0,Current,0,,0.0,,REVIEW,0.8
LN003250,16,0.0,0.0,0.0,0.0,Current,0,,0.0,,REVIEW,0.8
LN003250,17,0.0,0.0,0.0,0.0,Current,0,,0.0,,REVIEW,0.8
LN003250,18,0.0,0.0,0.0,0.0,Current,0,,0.0,,REVIEW,0.8
LN003250,19,0.0,0.0,0.0,0.0,Current,0,,0.0,,REVIEW,0.8
LN003250,20,0.0,0.0,0.0,0.0,Current,0,,0.0,,REVIEW,0.8
LN003250,21,0.0,0.0,0.0,0.0,Current,0,,0.0,,REVIEW,0.8
LN003250,22,0.0,0.0,0.0,0.0,Current,0,,0.0,,REVIEW,0.8
LN003250,23,0.0,0.0,0.0,0.0,Current,0,,0.0,,REVIEW,0.8
LN003250,24,0.0,0.0,0.0,0.0,Current,0,,0.0,,REVIEW,0.8
LN003251,1,0.0,0.0,0.0,0.0,Current,0,,0.0,,REVIEW,0.8
LN003251,2,0.0,0.0,0.0,0.0,Current,0,,0.0,,REVIEW,0.8
LN003251,3,0.0,0.0,0.0,0.0,Current,0,,0.0,,REVIEW,0.8
LN003251,4,0.0,0.0,0.0,0.0,Current,0,,0.0,,REVIEW,0.8
LN003251,5,0.0,0.0,0.0,0.0,Current,0,,0.0,,REVIEW,0.8
LN003251,6,0.0,0.0,0.0,0.0,Current,0,,0.0,,REVIEW,0.8
LN003251,7,0.0,0.0,0.0,0.0,Current,0,,0.0,,REVIEW,0.8
LN003251,8,0.0,0.0,0.0,0.0,Current,0,,0.0,,REVIEW,0.8
LN003251,9,0.0,0.0,0.0,0.0,Current,0,,0.0,,REVIEW,0.8
LN003251,10,0.0,0.0,0.0,0.0,Current,0,,0.0,,REVIEW,0.8
LN003252,1,0.0,0.0,0.0,0.0,Current,0,,0.0,,REVIEW,0.8
LN003252,2,0.0,0.0,0.0,0.0,Current,0,,0.0,,REVIEW,0.8
LN003252,3,0.0,0.0,0.0,0.0,Current,0,,0.0,,REVIEW,0.8
LN003252,4,0.0,0.0,0.0,0.0,Current,0,,0.0,,REVIEW,0.8
LN003252,5,0.0,0.0,0.0,0.0,Current,0,,0.0,,REVIEW,0.8
LN003252,6,0.0,0.0,0.0,0.0,Current,0,,0.0,,REVIEW,0.8
LN003252,7,0.0,0.0,0.0,0.0,Current,0,,0.0,,REVIEW,0.8
LN003252,8,0.0,0.0,0.0,0.0,Current,0,,0.0,,REVIEW,0.8
LN003252,9,0.0,0.0,0.0,0.0,Current,0,,0.0,,REVIEW,0.8
LN003252,10,0.0,0.0,0.0,0.0,Current,0,,0.0,,REVIEW,0.8
LN003252,11,0.0,0.0,0.0,0.0,Current,0,,0.0,,REVIEW,0.8
LN003252,12,0.0,0.0,0.0,0.0,Current,0,,0.0,,REVIEW,0.8
LN003252,13,0.0,0.0,0.0,0.0,Current,0,,0.0,,REVIEW,0.8
LN003252,14,0.0,0.0,0.0,0.0,Current,0,,0.0,,REVIEW,0.8
LN003252,15,0.0,0.0,0.0,0.0,Current,0,,0.0,,REVIEW,0.8
LN003252,16,0.0,0.0,0.0,0.0,Current,0,,0.0,,REVIEW,0.8
LN003252,17,0.0,0.0,0.0,0.0,Current,0,,0.0,,REVIEW,0.8
LN003252,18,0.0,0.0,0.0,0.0,Current,0,,0.0,,REVIEW,0.8
LN003252,19,0.0,0.0,0.0,0.0,Current,0,,0.0,,REVIEW,0.8
LN003252,20,0.0,0.0,0.0,0.0,Current,0,,0.0,,REVIEW,0.8
LN003252,21,0.0,0.0,0.0,0.0,Current,0,,0.0,,REVIEW,0.8
LN003252,22,0.0,0.0,0.0,0.0,Current,0,,0.0,,REVIEW,0.8
LN003252,23,0.0,0.0,0.0,0.0,Current,0,,0.0,,REVIEW,0.8
LN003252,24,0.0,0.0,0.0,0.0,Current,0,,0.0,,REVIEW,0.8
LN003253,1,0.0,0.0,0.0,0.0,Current,0,,0.0,,REVIEW,0.8
LN003253,2,0.0,0.0,0.0,0.0,Current,0,,0.0,,REVIEW,0.8
LN003253,3,0.0,0.0,0.0,0.0,Current,0,,0.0,,REVIEW,0.8
LN003253,4,0.0,0.0,0.0,0.0,Current,0,,0.0,,REVIEW,0.8
LN003253,5,0.0,0.0,0.0,0.0,Current,0,,0.0,,REVIEW,0.8
LN003253,6,0.0,0.0,0.0,0.0,Current,0,,0.0,,REVIEW,0.8
LN003253,7,0.0,0.0,0.0,0.0,Current,0,,0.0,,REVIEW,0.8
LN003253,8,0.0,0.0,0.0,0.0,Current,0,,0.0,,REVIEW,0.8
LN003253,9,0.0,0.0,0.0,0.0,Current,0,,0.0,,REVIEW,0.8
LN003253,10,0.0,0.0,0.0,0.0,Current,0,,0.0,,REVIEW,0.8
LN003253,11,0.0,0.0,0.0,0.0,Current,0,,0.0,,REVIEW,0.8
LN003253,12,0.0,0.0,0.0,0.0,Current,0,,0.0,,REVIEW,0.8
LN003253,13,0.0,0.0,0.0,0.0,Current,0,,0.0,,REVIEW,0.8
LN003253,14,0.0,0.0,0.0,0.0,Current,0,,0.0,,REVIEW,0.8
LN003253,15,0.0,0.0,0.0,0.0,Current,0,,0.0,,REVIEW,0.8
LN003253,16,0.0,0.0,0.0,0.0,Current,0,,0.0,,REVIEW,0.8
LN003253,17,0.0,0.0,0.0,0.0,Current,0,,0.0,,REVIEW,0.8
LN003253,18,0.0,0.0,0.0,0.0,Current,0,,0.0,,REVIEW,0.8
LN003253,19,0.0,0.0,0.0,0.0,Current,0,,0.0,,REVIEW,0.8
LN003253,20,0.0,0.0,0.0,0.0,Current,0,,0.0,,REVIEW,0.8
LN003253,21,0.0,0.0,0.0,0.0,Current,0,,0.0,,REVIEW,0.8
LN003253,22,0.0,0.0,0.0,0.0,Current,0,,0.0,,REVIEW,0.8
LN003253,23,0.0,0.0,0.0,0.0,Current,0,,0.0,,REVIEW,0.8
LN003253,24,0.0,0.0,0.0,0.0,Current,0,,0.0,,REVIEW,0.8
LN003254,1,0.0,0.0,0.0,0.0,Current,0,,0.0,,REVIEW,0.8
LN003254,2,0.0,0.0,0.0,0.0,Current,0,,0.0,,REVIEW,0.8
LN003254,3,0.0,0.0,0.0,0.0,Current,0,,0.0,,REVIEW,0.8
LN003254,4,0.0,0.0,0.0,0.0,Current,0,,0.0,,REVIEW,0.8
LN003254,5,0.0,0.0,0.0,0.0,Current,0,,0.0,,REVIEW,0.8
LN003254,6,0.0,0.0,0.0,0.0,Current,0,,0.0,,REVIEW,0.8
LN003254,7,0.0,0.0,0.0,0.0,Current,0,,0.0,,REVIEW,0.8
LN003254,8,0.0,0.0,0.0,0.0,Current,0,,0.0,,REVIEW,0.8
LN003254,9,0.0,0.0,0.0,0.0,Current,0,,0.0,,REVIEW,0.8
LN003254,10,0.0,0.0,0.0,0.0,Current,0,,0.0,,REVIEW,0.8
LN003254,11,0.0,0.0,0.0,0.0,Current,0,,0.0,,REVIEW,0.8
LN003254,12,0.0,0.0,0.0,0.0,Current,0,,0.0,,REVIEW,0.8
LN003254,13,0.0,0.0,0.0,0.0,Current,0,,0.0,,REVIEW,0.8
LN003254,14,0.0,0.0,0.0,0.0,Current,0,,0.0,,REVIEW,0.8
LN003254,15,0.0,0.0,0.0,0.0,Current,0,,0.0,,REVIEW,0.8
LN003254,16,0.0,0.0,0.0,0.0,Current,0,,0.0,,REVIEW,0.8
LN003254,17,0.0,0.0,0.0,0.0,Current,0,,0.0,,REVIEW,0.8
LN003254,18,0.0,0.0,0.0,0.0,Current,0,,0.0,,REVIEW,0.8
LN003254,19,0.0,0.0,0.0,0.0,Current,0,,0.0,,REVIEW,0.8
LN003254,20,0.0,0.0,0.0,0.0,Current,0,,0.0,,REVIEW,0.8
LN003254,21,0.0,0.0,0.0,0.0,Current,0,,0.0,,REVIEW,0.8
LN003254,22,0.0,0.0,0.0,0.0,Current,0,,0.0,,REVIEW,0.8
LN003254,23,0.0,0.0,0.0,0.0,Current,0,,0.0,,REVIEW,0.8
LN003254,24,0.0,0.0,0.0,0.0,Current,0,,0.0,,REVIEW,0.8
LN003255,1,0.0,0.0,0.0,0.0,Current,0,,0.0,,REVIEW,0.8
LN003255,2,0.0,0.0,0.0,0.0,Current,0,,0.0,,REVIEW,0.8
LN003255,3,0.0,0.0,0.0,0.0,Current,0,,0.0,,REVIEW,0.8
LN003255,4,0.0,0.0,0.0,0.0,Current,0,,0.0,,REVIEW,0.8
LN003255,5,0.0,0.0,0.0,0.0,Current,0,,0.0,,REVIEW,0.8
LN003255,6,0.0,0.0,0.0,0.0,Current,0,,0.0,,REVIEW,0.8
LN003255,7,0.0,0.0,0.0,0.0,Current,0,,0.0,,REVIEW,0.8
LN003255,8,0.0,0.0,0.0,0.0,Current,0,,0.0,,REVIEW,0.8
LN003255,9,0.0,0.0,0.0,0.0,Current,0,,0.0,,REVIEW,0.8
LN003256,1,0.0,0.0,0.0,0.0,Current,0,,0.0,,REVIEW,0.8
LN003256,2,0.0,0.0,0.0,0.0,Current,0,,0.0,,REVIEW,0.8
LN003256,3,0.0,0.0,0.0,0.0,Current,0,,0.0,,REVIEW,0.8
LN003256,4,0.0,0.0,0.0,0.0,Current,0,,0.0,,REVIEW,0.8
LN003256,5,0.0,0.0,0.0,0.0,Current,0,,0.0,,REVIEW,0.8
LN003256,6,0.0,0.0,0.0,0.0,Current,0,,0.0,,REVIEW,0.8
LN003256,7,0.0,0.0,0.0,0.0,Current,0,,0.0,,REVIEW,0.8
LN003256,8,0.0,0.0,0.0,0.0,Current,0,,0.0,,REVIEW,0.8
LN003256,9,0.0,0.0,0.0,0.0,Current,0,,0.0,,REVIEW,0.8
LN003256,10,0.0,0.0,0.0,0.0,Current,0,,0.0,,REVIEW,0.8
LN003256,11,0.0,0.0,0.0,0.0,Current,0,,0.0,,REVIEW,0.8
LN003256,12,0.0,0.0,0.0,0.0,Current,0,,0.0,,REVIEW,0.8
LN003256,13,0.0,0.0,0.0,0.0,Current,0,,0.0,,REVIEW,0.8
LN003256,14,0.0,0.0,0.0,0.0,Current,0,,0.0,,REVIEW,0.8
LN003256,15,0.0,0.0,0.0,0.0,Current,0,,0.0,,REVIEW,0.8
LN003256,16,0.0,0.0,0.0,0.0,Current,0,,0.0,,REVIEW,0.8
LN003256,17,0.0,0.0,0.0,0.0,Current,0,,0.0,,REVIEW,0.8
LN003256,18,0.0,0.0,0.0,0.0,Current,0,,0.0,,REVIEW,0.8
LN003256,19,0.0,0.0,0.0,0.0,Current,0,,0.0,,REVIEW,0.8
LN003256,20,0.0,0.0,0.0,0.0,Current,0,,0.0,,REVIEW,0.8
LN003256,21,0.0,0.0,0.0,0.0,Current,0,,0.0,,REVIEW,0.8
LN003256,22,0.0,0.0,0.0,0.0,Current,0,,0.0,,REVIEW,0.8
LN003256,23,0.0,0.0,0.0,0.0,Current,0,,0.0,,REVIEW,0.8
LN003256,24,0.0,0.0,0.0,0.0,Current,0,,0.0,,REVIEW,0.8
LN003257,1,0.0,0.0,0.0,0.0,Current,0,,0.0,,REVIEW,0.8
LN003257,2,0.0,0.0,0.0,0.0,Current,0,,0.0,,REVIEW,0.8
LN003257,3,0.0,0.0,0.0,0.0,Current,0,,0.0,,REVIEW,0.8
LN003257,4,0.0,0.0,0.0,0.0,Current,0,,0.0,,REVIEW,0.8
LN003257,5,0.0,0.0,0.0,0.0,Current,0,,0.0,,REVIEW,0.8
LN003257,6,0.0,0.0,0.0,0.0,Current,0,,0.0,,REVIEW,0.8
LN003257,7,0.0,0.0,0.0,0.0,Current,0,,0.0,,REVIEW,0.8
LN003257,8,0.0,0.0,0.0,0.0,Current,0,,0.0,,REVIEW,0.8
LN003257,9,0.0,0.0,0.0,0.0,Current,0,,0.0,,REVIEW,0.8
LN003257,10,0.0,0.0,0.0,0.0,Current,0,,0.0,,REVIEW,0.8
LN003257,11,0.0,0.0,0.0,0.0,Current,0,,0.0,,REVIEW,0.8
LN003257,12,0.0,0.0,0.0,0.0,Current,0,,0.0,,REVIEW,0.8
LN003257,13,0.0,0.0,0.0,0.0,Current,0,,0.0,,REVIEW,0.8
LN003257,14,0.0,0.0,0.0,0.0,Current,0,,0.0,,REVIEW,0.8
LN003257,15,0.0,0.0,0.0,0.0,Current,0,,0.0,,REVIEW,0.8
LN003257,16,0.0,0.0,0.0,0.0,Current,0,,0.0,,REVIEW,0.8
LN003257,17,0.0,0.0,0.0,0.0,Current,0,,0.0,,REVIEW,0.8
LN003257,18,0.0,0.0,0.0,0.0,Current,0,,0.0,,REVIEW,0.8
LN003257,19,0.0,0.0,0.0,0.0,Current,0,,0.0,,REVIEW,0.8
LN003257,20,0.0,0.0,0.0,0.0,Current,0,,0.0,,REVIEW,0.8
LN003257,21,0.0,0.0,0.0,0.0,Current,0,,0.0,,REVIEW,0.8
LN003257,22,0.0,0.0,0.0,0.0,Current,0,,0.0,,REVIEW,0.8
LN003257,23,0.0,0.0,0.0,0.0,Current,0,,0.0,,REVIEW,0.8
LN003257,24,0.0,0.0,0.0,0.0,Current,0,,0.0,,REVIEW,0.8
LN003258,1,0.0,0.0,0.0,0.0,Current,0,,0.0,,REVIEW,0.8
LN003258,2,0.0,0.0,0.0,0.0,Current,0,,0.0,,REVIEW,0.8
LN003258,3,0.0,0.0,0.0,0.0,Current,0,,0.0,,REVIEW,0.8
LN003258,4,0.0,0.0,0.0,0.0,Current,0,,0.0,,REVIEW,0.8
LN003258,5,0.0,0.0,0.0,0.0,Current,0,,0.0,,REVIEW,0.8
LN003258,6,0.0,0.0,0.0,0.0,Current,0,,0.0,,REVIEW,0.8
LN003258,7,0.0,0.0,0.0,0.0,Current,0,,0.0,,REVIEW,0.8
LN003258,8,0.0,0.0,0.0,0.0,Current,0,,0.0,,REVIEW,0.8
LN003258,9,0.0,0.0,0.0,0.0,Current,0,,0.0,,REVIEW,0.8
LN003258,10,0.0,0.0,0.0,0.0,Current,0,,0.0,,REVIEW,0.8
LN003258,11,0.0,0.0,0.0,0.0,Current,0,,0.0,,REVIEW,0.8
LN003258,12,0.0,0.0,0.0,0.0,Current,0,,0.0,,REVIEW,0.8
LN003258,13,0.0,0.0,0.0,0.0,Current,0,,0.0,,REVIEW,0.8
LN003258,14,0.0,0.0,0.0,0.0,Current,0,,0.0,,REVIEW,0.8
LN003258,15,0.0,0.0,0.0,0.0,Current,0,,0.0,,REVIEW,0.8
LN003258,16,0.0,0.0,0.0,0.0,Current,0,,0.0,,REVIEW,0.8
LN003258,17,0.0,0.0,0.0,0.0,Current,0,,0.0,,REVIEW,0.8
LN003258,18,0.0,0.0,0.0,0.0,Current,0,,0.0,,REVIEW,0.8
LN003258,19,0.0,0.0,0.0,0.0,Current,0,,0.0,,REVIEW,0.8
LN003258,20,0.0,0.0,0.0,0.0,Current,0,,0.0,,REVIEW,0.8
LN003258,21,0.0,0.0,0.0,0.0,Current,0,,0.0,,REVIEW,0.8
LN003259,1,0.0,0.0,0.0,0.0,Current,0,,0.0,,REVIEW,0.8
LN003259,2,0.0,0.0,0.0,0.0,Current,0,,0.0,,REVIEW,0.8
LN003259,3,0.0,0.0,0.0,0.0,Current,0,,0.0,,REVIEW,0.8
LN003259,4,0.0,0.0,0.0,0.0,Current,0,,0.0,,REVIEW,0.8
LN003260,1,0.0,0.0,0.0,0.0,Current,0,,0.0,,REVIEW,0.8
LN003260,2,0.0,0.0,0.0,0.0,Current,0,,0.0,,REVIEW,0.8
LN003260,3,0.0,0.0,0.0,0.0,Current,0,,0.0,,REVIEW,0.8
LN003260,4,0.0,0.0,0.0,0.0,Current,0,,0.0,,REVIEW,0.8
LN003260,5,0.0,0.0,0.0,0.0,Current,0,,0.0,,REVIEW,0.8
LN003260,6,0.0,0.0,0.0,0.0,Current,0,,0.0,,REVIEW,0.8
LN003260,7,0.0,0.0,0.0,0.0,Current,0,,0.0,,REVIEW,0.8
LN003260,8,0.0,0.0,0.0,0.0,Current,0,,0.0,,REVIEW,0.8
LN003260,9,0.0,0.0,0.0,0.0,Current,0,,0.0,,REVIEW,0.8
LN003260,10,0.0,0.0,0.0,0.0,Current,0,,0.0,,REVIEW,0.8
LN003260,11,0.0,0.0,0.0,0.0,Current,0,,0.0,,REVIEW,0.8
LN003260,12,0.0,0.0,0.0,0.0,Current,0,,0.0,,REVIEW,0.8
LN003260,13,0.0,0.0,0.0,0.0,Current,0,,0.0,,REVIEW,0.8
LN003260,14,0.0,0.0,0.0,0.0,Current,0,,0.0,,REVIEW,0.8
LN003260,15,0.0,0.0,0.0,0.0,Current,0,,0.0,,REVIEW,0.8
LN003260,16,0.0,0.0,0.0,0.0,Current,0,,0.0,,REVIEW,0.8
LN003260,17,0.0,0.0,0.0,0.0,Current,0,,0.0,,REVIEW,0.8
LN003260,18,0.0,0.0,0.0,0.0,Current,0,,0.0,,REVIEW,0.8
LN003260,19,0.0,0.0,0.0,0.0,Current,0,,0.0,,REVIEW,0.8
LN003260,20,0.0,0.0,0.0,0.0,Current,0,,0.0,,REVIEW,0.8
LN003260,21,0.0,0.0,0.0,0.0,Current,0,,0.0,,REVIEW,0.8
LN003260,22,0.0,0.0,0.0,0.0,Current,0,,0.0,,REVIEW,0.8
LN003260,23,0.0,0.0,0.0,0.0,Current,0,,0.0,,REVIEW,0.8
LN003260,24,0.0,0.0,0.0,0.0,Current,0,,0.0,,REVIEW,0.8
LN003261,1,0.0,0.0,0.0,0.0,Current,0,,0.0,,REVIEW,0.8
LN003261,2,0.0,0.0,0.0,0.0,Current,0,,0.0,,REVIEW,0.8
LN003261,3,0.0,0.0,0.0,0.0,Current,0,,0.0,,REVIEW,0.8
LN003261,4,0.0,0.0,0.0,0.0,Current,0,,0.0,,REVIEW,0.8
LN003261,5,0.0,0.0,0.0,0.0,Current,0,,0.0,,REVIEW,0.8
LN003261,6,0.0,0.0,0.0,0.0,Current,0,,0.0,,REVIEW,0.8
LN003261,7,0.0,0.0,0.0,0.0,Current,0,,0.0,,REVIEW,0.8
LN003261,8,0.0,0.0,0.0,0.0,Current,0,,0.0,,REVIEW,0.8
LN003261,9,0.0,0.0,0.0,0.0,Current,0,,0.0,,REVIEW,0.8
LN003261,10,0.0,0.0,0.0,0.0,Current,0,,0.0,,REVIEW,0.8
LN003261,11,0.0,0.0,0.0,0.0,Current,0,,0.0,,REVIEW,0.8
LN003261,12,0.0,0.0,0.0,0.0,Current,0,,0.0,,REVIEW,0.8
LN003261,13,0.0,0.0,0.0,0.0,Current,0,,0.0,,REVIEW,0.8
LN003261,14,0.0,0.0,0.0,0.0,Current,0,,0.0,,REVIEW,0.8
LN003261,15,0.0,0.0,0.0,0.0,Current,0,,0.0,,REVIEW,0.8
LN003261,16,0.0,0.0,0.0,0.0,Current,0,,0.0,,REVIEW,0.8
LN003261,17,0.0,0.0,0.0,0.0,Current,0,,0.0,,REVIEW,0.8
LN003261,18,0.0,0.0,0.0,0.0,Current,0,,0.0,,REVIEW,0.8
LN003261,19,0.0,0.0,0.0,0.0,Current,0,,0.0,,REVIEW,0.8
LN003261,20,0.0,0.0,0.0,0.0,Current,0,,0.0,,REVIEW,0.8
LN003261,21,0.0,0.0,0.0,0.0,Current,0,,0.0,,REVIEW,0.8
LN003261,22,0.0,0.0,0.0,0.0,Current,0,,0.0,,REVIEW,0.8
LN003261,23,0.0,0.0,0.0,0.0,Current,0,,0.0,,REVIEW,0.8
LN003261,24,0.0,0.0,0.0,0.0,Current,0,,0.0,,REVIEW,0.8
LN003262,1,0.0,0.0,0.0,0.0,Current,0,,0.0,,REVIEW,0.8
LN003262,2,0.0,0.0,0.0,0.0,Current,0,,0.0,,REVIEW,0.8
LN003262,3,0.0,0.0,0.0,0.0,Current,0,,0.0,,REVIEW,0.8
LN003262,4,0.0,0.0,0.0,0.0,Current,0,,0.0,,REVIEW,0.8
LN003262,5,0.0,0.0,0.0,0.0,Current,0,,0.0,,REVIEW,0.8
LN003262,6,0.0,0.0,0.0,0.0,Current,0,,0.0,,REVIEW,0.8
LN003262,7,0.0,0.0,0.0,0.0,Current,0,,0.0,,REVIEW,0.8
LN003262,8,0.0,0.0,0.0,0.0,Current,0,,0.0,,REVIEW,0.8
LN003262,9,0.0,0.0,0.0,0.0,Current,0,,0.0,,REVIEW,0.8
LN003262,10,0.0,0.0,0.0,0.0,Current,0,,0.0,,REVIEW,0.8
LN003262,11,0.0,0.0,0.0,0.0,Current,0,,0.0,,REVIEW,0.8
LN003262,12,0.0,0.0,0.0,0.0,Current,0,,0.0,,REVIEW,0.8
LN003262,13,0.0,0.0,0.0,0.0,Current,0,,0.0,,REVIEW,0.8
LN003262,14,0.0,0.0,0.0,0.0,Current,0,,0.0,,REVIEW,0.8
LN003262,15,0.0,0.0,0.0,0.0,Current,0,,0.0,,REVIEW,0.8
LN003262,16,0.0,0.0,0.0,0.0,Current,0,,0.0,,REVIEW,0.8
LN003262,17,0.0,0.0,0.0,0.0,Current,0,,0.0,,REVIEW,0.8
LN003262,18,0.0,0.0,0.0,0.0,Current,0,,0.0,,REVIEW,0.8
LN003262,19,0.0,0.0,0.0,0.0,Current,0,,0.0,,REVIEW,0.8
LN003262,20,0.0,0.0,0.0,0.0,Current,0,,0.0,,REVIEW,0.8
LN003262,21,0.0,0.0,0.0,0.0,Current,0,,0.0,,REVIEW,0.8
LN003262,22,0.0,0.0,0.0,0.0,Current,0,,0.0,,REVIEW,0.8
LN003262,23,0.0,0.0,0.0,0.0,Current,0,,0.0,,REVIEW,0.8
LN003262,24,0.0,0.0,0.0,0.0,Current,0,,0.0,,REVIEW,0.8
LN003263,1,0.0,0.0,0.0,0.0,Current,0,,0.0,,REVIEW,0.8
LN003263,2,0.0,0.0,0.0,0.0,Current,0,,0.0,,REVIEW,0.8
LN003263,3,0.0,0.0,0.0,0.0,Current,0,,0.0,,REVIEW,0.8
LN003263,4,0.0,0.0,0.0,0.0,Current,0,,0.0,,REVIEW,0.8
LN003263,5,0.0,0.0,0.0,0.0,Current,0,,0.0,,REVIEW,0.8
LN003263,6,0.0,0.0,0.0,0.0,Current,0,,0.0,,REVIEW,0.8
LN003263,7,0.0,0.0,0.0,0.0,Current,0,,0.0,,REVIEW,0.8
LN003263,8,0.0,0.0,0.0,0.0,Current,0,,0.0,,REVIEW,0.8
LN003263,9,0.0,0.0,0.0,0.0,Current,0,,0.0,,REVIEW,0.8
LN003263,10,0.0,0.0,0.0,0.0,Current,0,,0.0,,REVIEW,0.8
LN003263,11,0.0,0.0,0.0,0.0,Current,0,,0.0,,REVIEW,0.8
LN003263,12,0.0,0.0,0.0,0.0,Current,0,,0.0,,REVIEW,0.8
LN003263,13,0.0,0.0,0.0,0.0,Current,0,,0.0,,REVIEW,0.8
LN003263,14,0.0,0.0,0.0,0.0,Current,0,,0.0,,REVIEW,0.8
LN003263,15,0.0,0.0,0.0,0.0,Current,0,,0.0,,REVIEW,0.8
LN003263,16,0.0,0.0,0.0,0.0,Current,0,,0.0,,REVIEW,0.8
LN003263,17,0.0,0.0,0.0,0.0,Current,0,,0.0,,REVIEW,0.8
LN003263,18,0.0,0.0,0.0,0.0,Current,0,,0.0,,REVIEW,0.8
LN003263,19,0.0,0.0,0.0,0.0,Current,0,,0.0,,REVIEW,0.8
LN003263,20,0.0,0.0,0.0,0.0,Current,0,,0.0,,REVIEW,0.8
LN003263,21,0.0,0.0,0.0,0.0,Current,0,,0.0,,REVIEW,0.8
LN003263,22,0.0,0.0,0.0,0.0,Current,0,,0.0,,REVIEW,0.8
LN003263,23,0.0,0.0,0.0,0.0,Current,0,,0.0,,REVIEW,0.8
LN003263,24,0.0,0.0,0.0,0.0,Current,0,,0.0,,REVIEW,0.8
LN003264,1,0.0,0.0,0.0,0.0,Current,0,,0.0,,REVIEW,0.8
LN003264,2,0.0,0.0,0.0,0.0,Current,0,,0.0,,REVIEW,0.8
LN003264,3,0.0,0.0,0.0,0.0,Current,0,,0.0,,REVIEW,0.8
LN003264,4,0.0,0.0,0.0,0.0,Current,0,,0.0,,REVIEW,0.8
LN003264,5,0.0,0.0,0.0,0.0,Current,0,,0.0,,REVIEW,0.8
LN003265,1,0.0,0.0,0.0,0.0,Current,0,,0.0,,REVIEW,0.8
LN003265,2,0.0,0.0,0.0,0.0,Current,0,,0.0,,REVIEW,0.8
LN003265,3,0.0,0.0,0.0,0.0,Current,0,,0.0,,REVIEW,0.8
LN003265,4,0.0,0.0,0.0,0.0,Current,0,,0.0,,REVIEW,0.8
LN003265,5,0.0,0.0,0.0,0.0,Current,0,,0.0,,REVIEW,0.8
LN003265,6,0.0,0.0,0.0,0.0,Current,0,,0.0,,REVIEW,0.8
LN003265,7,0.0,0.0,0.0,0.0,Current,0,,0.0,,REVIEW,0.8
LN003265,8,0.0,0.0,0.0,0.0,Current,0,,0.0,,REVIEW,0.8
LN003265,9,0.0,0.0,0.0,0.0,Current,0,,0.0,,REVIEW,0.8
LN003265,10,0.0,0.0,0.0,0.0,Current,0,,0.0,,REVIEW,0.8
LN003265,11,0.0,0.0,0.0,0.0,Current,0,,0.0,,REVIEW,0.8
LN003265,12,0.0,0.0,0.0,0.0,Current,0,,0.0,,REVIEW,0.8
LN003265,13,0.0,0.0,0.0,0.0,Current,0,,0.0,,REVIEW,0.8
LN003266,1,0.0,0.0,0.0,0.0,Current,0,,0.0,,REVIEW,0.8
LN003266,2,0.0,0.0,0.0,0.0,Current,0,,0.0,,REVIEW,0.8
LN003266,3,0.0,0.0,0.0,0.0,Current,0,,0.0,,REVIEW,0.8
LN003266,4,0.0,0.0,0.0,0.0,Current,0,,0.0,,REVIEW,0.8
LN003266,5,0.0,0.0,0.0,0.0,Current,0,,0.0,,REVIEW,0.8
LN003266,6,0.0,0.0,0.0,0.0,Current,0,,0.0,,REVIEW,0.8
LN003266,7,0.0,0.0,0.0,0.0,Current,0,,0.0,,REVIEW,0.8
LN003266,8,0.0,0.0,0.0,0.0,Current,0,,0.0,,REVIEW,0.8
LN003266,9,0.0,0.0,0.0,0.0,Current,0,,0.0,,REVIEW,0.8
LN003266,10,0.0,0.0,0.0,0.0,Current,0,,0.0,,REVIEW,0.8
LN003266,11,0.0,0.0,0.0,0.0,Current,0,,0.0,,REVIEW,0.8
LN003266,12,0.0,0.0,0.0,0.0,Current,0,,0.0,,REVIEW,0.8
LN003266,13,0.0,0.0,0.0,0.0,Current,0,,0.0,,REVIEW,0.8
LN003266,14,0.0,0.0,0.0,0.0,Current,0,,0.0,,REVIEW,0.8
LN003266,15,0.0,0.0,0.0,0.0,Current,0,,0.0,,REVIEW,0.8
LN003266,16,0.0,0.0,0.0,0.0,Current,0,,0.0,,REVIEW,0.8
LN003266,17,0.0,0.0,0.0,0.0,Current,0,,0.0,,REVIEW,0.8
LN003266,18,0.0,0.0,0.0,0.0,Current,0,,0.0,,REVIEW,0.8
LN003266,19,0.0,0.0,0.0,0.0,Current,0,,0.0,,REVIEW,0.8
LN003266,20,0.0,0.0,0.0,0.0,Current,0,,0.0,,REVIEW,0.8
LN003266,21,0.0,0.0,0.0,0.0,Current,0,,0.0,,REVIEW,0.8
LN003266,22,0.0,0.0,0.0,0.0,Current,0,,0.0,,REVIEW,0.8
LN003266,23,0.0,0.0,0.0,0.0,Current,0,,0.0,,REVIEW,0.8
LN003266,24,0.0,0.0,0.0,0.0,Current,0,,0.0,,REVIEW,0.8
LN003267,1,0.0,0.0,0.0,0.0,Current,0,,0.0,,REVIEW,0.8
LN003267,2,0.0,0.0,0.0,0.0,Current,0,,0.0,,REVIEW,0.8
LN003267,3,0.0,0.0,0.0,0.0,Current,0,,0.0,,REVIEW,0.8
LN003267,4,0.0,0.0,0.0,0.0,Current,0,,0.0,,REVIEW,0.8
LN003267,5,0.0,0.0,0.0,0.0,Current,0,,0.0,,REVIEW,0.8
LN003267,6,0.0,0.0,0.0,0.0,Current,0,,0.0,,REVIEW,0.8
LN003267,7,0.0,0.0,0.0,0.0,Current,0,,0.0,,REVIEW,0.8
LN003267,8,0.0,0.0,0.0,0.0,Current,0,,0.0,,REVIEW,0.8
LN003268,1,0.0,0.0,0.0,0.0,Current,0,,0.0,,REVIEW,0.8
LN003268,2,0.0,0.0,0.0,0.0,Current,0,,0.0,,REVIEW,0.8
LN003268,3,0.0,0.0,0.0,0.0,Current,0,,0.0,,REVIEW,0.8
LN003268,4,0.0,0.0,0.0,0.0,Current,0,,0.0,,REVIEW,0.8
LN003268,5,0.0,0.0,0.0,0.0,Current,0,,0.0,,REVIEW,0.8
LN003268,6,0.0,0.0,0.0,0.0,Current,0,,0.0,,REVIEW,0.8
LN003268,7,0.0,0.0,0.0,0.0,Current,0,,0.0,,REVIEW,0.8
LN003268,8,0.0,0.0,0.0,0.0,Current,0,,0.0,,REVIEW,0.8
LN003268,9,0.0,0.0,0.0,0.0,Current,0,,0.0,,REVIEW,0.8
LN003269,1,0.0,0.0,0.0,0.0,Current,0,,0.0,,REVIEW,0.8
LN003269,2,0.0,0.0,0.0,0.0,Current,0,,0.0,,REVIEW,0.8
LN003269,3,0.0,0.0,0.0,0.0,Current,0,,0.0,,REVIEW,0.8
LN003269,4,0.0,0.0,0.0,0.0,Current,0,,0.0,,REVIEW,0.8
LN003269,5,0.0,0.0,0.0,0.0,Current,0,,0.0,,REVIEW,0.8
LN003269,6,0.0,0.0,0.0,0.0,Current,0,,0.0,,REVIEW,0.8
LN003269,7,0.0,0.0,0.0,0.0,Current,0,,0.0,,REVIEW,0.8
LN003269,8,0.0,0.0,0.0,0.0,Current,0,,0.0,,REVIEW,0.8
LN003269,9,0.0,0.0,0.0,0.0,Current,0,,0.0,,REVIEW,0.8
LN003269,10,0.0,0.0,0.0,0.0,Current,0,,0.0,,REVIEW,0.8
LN003269,11,0.0,0.0,0.0,0.0,Current,0,,0.0,,REVIEW,0.8
LN003269,12,0.0,0.0,0.0,0.0,Current,0,,0.0,,REVIEW,0.8
LN003270,1,0.0,0.0,0.0,0.0,Current,0,,0.0,,REVIEW,0.8
LN003270,2,0.0,0.0,0.0,0.0,Current,0,,0.0,,REVIEW,0.8
LN003270,3,0.0,0.0,0.0,0.0,Current,0,,0.0,,REVIEW,0.8
LN003270,4,0.0,0.0,0.0,0.0,Current,0,,0.0,,REVIEW,0.8
LN003270,5,0.0,0.0,0.0,0.0,Current,0,,0.0,,REVIEW,0.8
LN003270,6,0.0,0.0,0.0,0.0,Current,0,,0.0,,REVIEW,0.8
LN003270,7,0.0,0.0,0.0,0.0,Current,0,,0.0,,REVIEW,0.8
LN003270,8,0.0,0.0,0.0,0.0,Current,0,,0.0,,REVIEW,0.8
LN003270,9,0.0,0.0,0.0,0.0,Current,0,,0.0,,REVIEW,0.8
LN003270,10,0.0,0.0,0.0,0.0,Current,0,,0.0,,REVIEW,0.8
LN003270,11,0.0,0.0,0.0,0.0,Current,0,,0.0,,REVIEW,0.8
LN003270,12,0.0,0.0,0.0,0.0,Current,0,,0.0,,REVIEW,0.8
LN003270,13,0.0,0.0,0.0,0.0,Current,0,,0.0,,REVIEW,0.8
LN003270,14,0.0,0.0,0.0,0.0,Current,0,,0.0,,REVIEW,0.8
LN003270,15,0.0,0.0,0.0,0.0,Current,0,,0.0,,REVIEW,0.8
LN003270,16,0.0,0.0,0.0,0.0,Current,0,,0.0,,REVIEW,0.8
LN003270,17,0.0,0.0,0.0,0.0,Current,0,,0.0,,REVIEW,0.8
LN003270,18,0.0,0.0,0.0,0.0,Current,0,,0.0,,REVIEW,0.8
LN003270,19,0.0,0.0,0.0,0.0,Current,0,,0.0,,REVIEW,0.8
LN003270,20,0.0,0.0,0.0,0.0,Current,0,,0.0,,REVIEW,0.8
LN003270,21,0.0,0.0,0.0,0.0,Current,0,,0.0,,REVIEW,0.8
LN003270,22,0.0,0.0,0.0,0.0,Current,0,,0.0,,REVIEW,0.8
LN003270,23,0.0,0.0,0.0,0.0,Current,0,,0.0,,REVIEW,0.8
LN003270,24,0.0,0.0,0.0,0.0,Current,0,,0.0,,REVIEW,0.8
LN003271,1,0.0,0.0,0.0,0.0,Current,0,,0.0,,REVIEW,0.8
LN003271,2,0.0,0.0,0.0,0.0,Current,0,,0.0,,REVIEW,0.8
LN003271,3,0.0,0.0,0.0,0.0,Current,0,,0.0,,REVIEW,0.8
LN003271,4,0.0,0.0,0.0,0.0,Current,0,,0.0,,REVIEW,0.8
LN003271,5,0.0,0.0,0.0,0.0,Current,0,,0.0,,REVIEW,0.8
LN003271,6,0.0,0.0,0.0,0.0,Current,0,,0.0,,REVIEW,0.8
LN003271,7,0.0,0.0,0.0,0.0,Current,0,,0.0,,REVIEW,0.8
LN003271,8,0.0,0.0,0.0,0.0,Current,0,,0.0,,REVIEW,0.8
LN003271,9,0.0,0.0,0.0,0.0,Current,0,,0.0,,REVIEW,0.8
LN003271,10,0.0,0.0,0.0,0.0,Current,0,,0.0,,REVIEW,0.8
LN003271,11,0.0,0.0,0.0,0.0,Current,0,,0.0,,REVIEW,0.8
LN003271,12,0.0,0.0,0.0,0.0,Current,0,,0.0,,REVIEW,0.8
LN003271,13,0.0,0.0,0.0,0.0,Current,0,,0.0,,REVIEW,0.8
LN003271,14,0.0,0.0,0.0,0.0,Current,0,,0.0,,REVIEW,0.8
LN003271,15,0.0,0.0,0.0,0.0,Current,0,,0.0,,REVIEW,0.8
LN003271,16,0.0,0.0,0.0,0.0,Current,0,,0.0,,REVIEW,0.8
LN003271,17,0.0,0.0,0.0,0.0,Current,0,,0.0,,REVIEW,0.8
LN003271,18,0.0,0.0,0.0,0.0,Current,0,,0.0,,REVIEW,0.8
LN003271,19,0.0,0.0,0.0,0.0,Current,0,,0.0,,REVIEW,0.8
LN003271,20,0.0,0.0,0.0,0.0,Current,0,,0.0,,REVIEW,0.8
LN003271,21,0.0,0.0,0.0,0.0,Current,0,,0.0,,REVIEW,0.8
LN003271,22,0.0,0.0,0.0,0.0,Current,0,,0.0,,REVIEW,0.8
LN003271,23,0.0,0.0,0.0,0.0,Current,0,,0.0,,REVIEW,0.8
LN003271,24,0.0,0.0,0.0,0.0,Current,0,,0.0,,REVIEW,0.8
LN003272,1,0.0,0.0,0.0,0.0,Current,0,,0.0,,REVIEW,0.8
LN003272,2,0.0,0.0,0.0,0.0,Current,0,,0.0,,REVIEW,0.8
LN003272,3,0.0,0.0,0.0,0.0,Current,0,,0.0,,REVIEW,0.8
LN003272,4,0.0,0.0,0.0,0.0,Current,0,,0.0,,REVIEW,0.8
LN003272,5,0.0,0.0,0.0,0.0,Current,0,,0.0,,REVIEW,0.8
LN003272,6,0.0,0.0,0.0,0.0,Current,0,,0.0,,REVIEW,0.8
LN003272,7,0.0,0.0,0.0,0.0,Current,0,,0.0,,REVIEW,0.8
LN003272,8,0.0,0.0,0.0,0.0,Current,0,,0.0,,REVIEW,0.8
LN003272,9,0.0,0.0,0.0,0.0,Current,0,,0.0,,REVIEW,0.8
LN003272,10,0.0,0.0,0.0,0.0,Current,0,,0.0,,REVIEW,0.8
LN003272,11,0.0,0.0,0.0,0.0,Current,0,,0.0,,REVIEW,0.8
LN003272,12,0.0,0.0,0.0,0.0,Current,0,,0.0,,REVIEW,0.8
LN003272,13,0.0,0.0,0.0,0.0,Current,0,,0.0,,REVIEW,0.8
LN003272,14,0.0,0.0,0.0,0.0,Current,0,,0.0,,REVIEW,0.8
LN003272,15,0.0,0.0,0.0,0.0,Current,0,,0.0,,REVIEW,0.8
LN003272,16,0.0,0.0,0.0,0.0,Current,0,,0.0,,REVIEW,0.8
LN003272,17,0.0,0.0,0.0,0.0,Current,0,,0.0,,REVIEW,0.8
LN003272,18,0.0,0.0,0.0,0.0,Current,0,,0.0,,REVIEW,0.8
LN003272,19,0.0,0.0,0.0,0.0,Current,0,,0.0,,REVIEW,0.8
LN003272,20,0.0,0.0,0.0,0.0,Current,0,,0.0,,REVIEW,0.8
LN003272,21,0.0,0.0,0.0,0.0,Current,0,,0.0,,REVIEW,0.8
LN003272,22,0.0,0.0,0.0,0.0,Current,0,,0.0,,REVIEW,0.8
LN003272,23,0.0,0.0,0.0,0.0,Current,0,,0.0,,REVIEW,0.8
LN003272,24,0.0,0.0,0.0,0.0,Current,0,,0.0,,REVIEW,0.8
LN003273,1,0.0,0.0,0.0,0.0,Current,0,,0.0,,REVIEW,0.8
LN003273,2,0.0,0.0,0.0,0.0,Current,0,,0.0,,REVIEW,0.8
LN003273,3,0.0,0.0,0.0,0.0,Current,0,,0.0,,REVIEW,0.8
LN003273,4,0.0,0.0,0.0,0.0,Current,0,,0.0,,REVIEW,0.8
LN003273,5,0.0,0.0,0.0,0.0,Current,0,,0.0,,REVIEW,0.8
LN003273,6,0.0,0.0,0.0,0.0,Current,0,,0.0,,REVIEW,0.8
LN003273,7,0.0,0.0,0.0,0.0,Current,0,,0.0,,REVIEW,0.8
LN003273,8,0.0,0.0,0.0,0.0,Current,0,,0.0,,REVIEW,0.8
LN003273,9,0.0,0.0,0.0,0.0,Current,0,,0.0,,REVIEW,0.8
LN003273,10,0.0,0.0,0.0,0.0,Current,0,,0.0,,REVIEW,0.8
LN003273,11,0.0,0.0,0.0,0.0,Current,0,,0.0,,REVIEW,0.8
LN003273,12,0.0,0.0,0.0,0.0,Current,0,,0.0,,REVIEW,0.8
LN003273,13,0.0,0.0,0.0,0.0,Current,0,,0.0,,REVIEW,0.8
LN003273,14,0.0,0.0,0.0,0.0,Current,0,,0.0,,REVIEW,0.8
LN003273,15,0.0,0.0,0.0,0.0,Current,0,,0.0,,REVIEW,0.8
LN003273,16,0.0,0.0,0.0,0.0,Current,0,,0.0,,REVIEW,0.8
LN003273,17,0.0,0.0,0.0,0.0,Current,0,,0.0,,REVIEW,0.8
LN003273,18,0.0,0.0,0.0,0.0,Current,0,,0.0,,REVIEW,0.8
LN003273,19,0.0,0.0,0.0,0.0,Current,0,,0.0,,REVIEW,0.8
LN003273,20,0.0,0.0,0.0,0.0,Current,0,,0.0,,REVIEW,0.8
LN003273,21,0.0,0.0,0.0,0.0,Current,0,,0.0,,REVIEW,0.8
LN003273,22,0.0,0.0,0.0,0.0,Current,0,,0.0,,REVIEW,0.8
LN003273,23,0.0,0.0,0.0,0.0,Current,0,,0.0,,REVIEW,0.8
LN003273,24,0.0,0.0,0.0,0.0,Current,0,,0.0,,REVIEW,0.8
LN003274,1,0.0,0.0,0.0,0.0,Current,0,,0.0,,REVIEW,0.8
LN003274,2,0.0,0.0,0.0,0.0,Current,0,,0.0,,REVIEW,0.8
LN003274,3,0.0,0.0,0.0,0.0,Current,0,,0.0,,REVIEW,0.8
LN003274,4,0.0,0.0,0.0,0.0,Current,0,,0.0,,REVIEW,0.8
LN003274,5,0.0,0.0,0.0,0.0,Current,0,,0.0,,REVIEW,0.8
LN003274,6,0.0,0.0,0.0,0.0,Current,0,,0.0,,REVIEW,0.8
LN003274,7,0.0,0.0,0.0,0.0,Current,0,,0.0,,REVIEW,0.8
LN003274,8,0.0,0.0,0.0,0.0,Current,0,,0.0,,REVIEW,0.8
LN003274,9,0.0,0.0,0.0,0.0,Current,0,,0.0,,REVIEW,0.8
LN003274,10,0.0,0.0,0.0,0.0,Current,0,,0.0,,REVIEW,0.8
LN003274,11,0.0,0.0,0.0,0.0,Current,0,,0.0,,REVIEW,0.8
LN003274,12,0.0,0.0,0.0,0.0,Current,0,,0.0,,REVIEW,0.8
LN003274,13,0.0,0.0,0.0,0.0,Current,0,,0.0,,REVIEW,0.8
LN003274,14,0.0,0.0,0.0,0.0,Current,0,,0.0,,REVIEW,0.8
LN003274,15,0.0,0.0,0.0,0.0,Current,0,,0.0,,REVIEW,0.8
LN003274,16,0.0,0.0,0.0,0.0,Current,0,,0.0,,REVIEW,0.8
LN003274,17,0.0,0.0,0.0,0.0,Current,0,,0.0,,REVIEW,0.8
LN003274,18,0.0,0.0,0.0,0.0,Current,0,,0.0,,REVIEW,0.8
LN003274,19,0.0,0.0,0.0,0.0,Current,0,,0.0,,REVIEW,0.8
LN003274,20,0.0,0.0,0.0,0.0,Current,0,,0.0,,REVIEW,0.8
LN003274,21,0.0,0.0,0.0,0.0,Current,0,,0.0,,REVIEW,0.8
LN003274,22,0.0,0.0,0.0,0.0,Current,0,,0.0,,REVIEW,0.8
LN003274,23,0.0,0.0,0.0,0.0,Current,0,,0.0,,REVIEW,0.8
LN003274,24,0.0,0.0,0.0,0.0,Current,0,,0.0,,REVIEW,0.8
LN003275,1,0.0,0.0,0.0,0.0,Current,0,,0.0,,REVIEW,0.8
LN003275,2,0.0,0.0,0.0,0.0,Current,0,,0.0,,REVIEW,0.8
LN003275,3,0.0,0.0,0.0,0.0,Current,0,,0.0,,REVIEW,0.8
LN003275,4,0.0,0.0,0.0,0.0,Current,0,,0.0,,REVIEW,0.8
LN003275,5,0.0,0.0,0.0,0.0,Current,0,,0.0,,REVIEW,0.8
LN003275,6,0.0,0.0,0.0,0.0,Current,0,,0.0,,REVIEW,0.8
LN003275,7,0.0,0.0,0.0,0.0,Current,0,,0.0,,REVIEW,0.8
LN003275,8,0.0,0.0,0.0,0.0,Current,0,,0.0,,REVIEW,0.8
LN003275,9,0.0,0.0,0.0,0.0,Current,0,,0.0,,REVIEW,0.8
LN003275,10,0.0,0.0,0.0,0.0,Current,0,,0.0,,REVIEW,0.8
LN003275,11,0.0,0.0,0.0,0.0,Current,0,,0.0,,REVIEW,0.8
LN003275,12,0.0,0.0,0.0,0.0,Current,0,,0.0,,REVIEW,0.8
LN003275,13,0.0,0.0,0.0,0.0,Current,0,,0.0,,REVIEW,0.8
LN003275,14,0.0,0.0,0.0,0.0,Current,0,,0.0,,REVIEW,0.8
LN003275,15,0.0,0.0,0.0,0.0,Current,0,,0.0,,REVIEW,0.8
LN003275,16,0.0,0.0,0.0,0.0,Current,0,,0.0,,REVIEW,0.8
LN003275,17,0.0,0.0,0.0,0.0,Current,0,,0.0,,REVIEW,0.8
LN003275,18,0.0,0.0,0.0,0.0,Current,0,,0.0,,REVIEW,0.8
LN003275,19,0.0,0.0,0.0,0.0,Current,0,,0.0,,REVIEW,0.8
LN003275,20,0.0,0.0,0.0,0.0,Current,0,,0.0,,REVIEW,0.8
LN003275,21,0.0,0.0,0.0,0.0,Current,0,,0.0,,REVIEW,0.8
LN003275,22,0.0,0.0,0.0,0.0,Current,0,,0.0,,REVIEW,0.8
LN003275,23,0.0,0.0,0.0,0.0,Current,0,,0.0,,REVIEW,0.8
LN003275,24,0.0,0.0,0.0,0.0,Current,0,,0.0,,REVIEW,0.8
LN003276,1,0.0,0.0,0.0,0.0,Current,0,,0.0,,REVIEW,0.8
LN003276,2,0.0,0.0,0.0,0.0,Current,0,,0.0,,REVIEW,0.8
LN003276,3,0.0,0.0,0.0,0.0,Current,0,,0.0,,REVIEW,0.8
LN003276,4,0.0,0.0,0.0,0.0,Current,0,,0.0,,REVIEW,0.8
LN003276,5,0.0,0.0,0.0,0.0,Current,0,,0.0,,REVIEW,0.8
LN003276,6,0.0,0.0,0.0,0.0,Current,0,,0.0,,REVIEW,0.8
LN003276,7,0.0,0.0,0.0,0.0,Current,0,,0.0,,REVIEW,0.8
LN003276,8,0.0,0.0,0.0,0.0,Current,0,,0.0,,REVIEW,0.8
LN003276,9,0.0,0.0,0.0,0.0,Current,0,,0.0,,REVIEW,0.8
LN003276,10,0.0,0.0,0.0,0.0,Current,0,,0.0,,REVIEW,0.8
LN003276,11,0.0,0.0,0.0,0.0,Current,0,,0.0,,REVIEW,0.8
LN003276,12,0.0,0.0,0.0,0.0,Current,0,,0.0,,REVIEW,0.8
LN003276,13,0.0,0.0,0.0,0.0,Current,0,,0.0,,REVIEW,0.8
LN003276,14,0.0,0.0,0.0,0.0,Current,0,,0.0,,REVIEW,0.8
LN003276,15,0.0,0.0,0.0,0.0,Current,0,,0.0,,REVIEW,0.8
LN003276,16,0.0,0.0,0.0,0.0,Current,0,,0.0,,REVIEW,0.8
LN003276,17,0.0,0.0,0.0,0.0,Current,0,,0.0,,REVIEW,0.8
LN003276,18,0.0,0.0,0.0,0.0,Current,0,,0.0,,REVIEW,0.8
LN003276,19,0.0,0.0,0.0,0.0,Current,0,,0.0,,REVIEW,0.8
LN003276,20,0.0,0.0,0.0,0.0,Current,0,,0.0,,REVIEW,0.8
LN003276,21,0.0,0.0,0.0,0.0,Current,0,,0.0,,REVIEW,0.8
LN003276,22,0.0,0.0,0.0,0.0,Current,0,,0.0,,REVIEW,0.8
LN003276,23,0.0,0.0,0.0,0.0,Current,0,,0.0,,REVIEW,0.8
LN003276,24,0.0,0.0,0.0,0.0,Current,0,,0.0,,REVIEW,0.8
LN003277,1,0.0,0.0,0.0,0.0,Current,0,,0.0,,REVIEW,0.8
LN003277,2,0.0,0.0,0.0,0.0,Current,0,,0.0,,REVIEW,0.8
LN003277,3,0.0,0.0,0.0,0.0,Current,0,,0.0,,REVIEW,0.8
LN003277,4,0.0,0.0,0.0,0.0,Current,0,,0.0,,REVIEW,0.8
LN003277,5,0.0,0.0,0.0,0.0,Current,0,,0.0,,REVIEW,0.8
LN003277,6,0.0,0.0,0.0,0.0,Current,0,,0.0,,REVIEW,0.8
LN003277,7,0.0,0.0,0.0,0.0,Current,0,,0.0,,REVIEW,0.8
LN003277,8,0.0,0.0,0.0,0.0,Current,0,,0.0,,REVIEW,0.8
LN003277,9,0.0,0.0,0.0,0.0,Current,0,,0.0,,REVIEW,0.8
LN003277,10,0.0,0.0,0.0,0.0,Current,0,,0.0,,REVIEW,0.8
LN003277,11,0.0,0.0,0.0,0.0,Current,0,,0.0,,REVIEW,0.8
LN003277,12,0.0,0.0,0.0,0.0,Current,0,,0.0,,REVIEW,0.8
LN003277,13,0.0,0.0,0.0,0.0,Current,0,,0.0,,REVIEW,0.8
LN003277,14,0.0,0.0,0.0,0.0,Current,0,,0.0,,REVIEW,0.8
LN003277,15,0.0,0.0,0.0,0.0,Current,0,,0.0,,REVIEW,0.8
LN003277,16,0.0,0.0,0.0,0.0,Current,0,,0.0,,REVIEW,0.8
LN003277,17,0.0,0.0,0.0,0.0,Current,0,,0.0,,REVIEW,0.8
LN003277,18,0.0,0.0,0.0,0.0,Current,0,,0.0,,REVIEW,0.8
LN003277,19,0.0,0.0,0.0,0.0,Current,0,,0.0,,REVIEW,0.8
LN003277,20,0.0,0.0,0.0,0.0,Current,0,,0.0,,REVIEW,0.8
LN003277,21,0.0,0.0,0.0,0.0,Current,0,,0.0,,REVIEW,0.8
LN003277,22,0.0,0.0,0.0,0.0,Current,0,,0.0,,REVIEW,0.8
LN003277,23,0.0,0.0,0.0,0.0,Current,0,,0.0,,REVIEW,0.8
LN003277,24,0.0,0.0,0.0,0.0,Current,0,,0.0,,REVIEW,0.8
LN003278,1,0.0,0.0,0.0,0.0,Current,0,,0.0,,REVIEW,0.8
LN003278,2,0.0,0.0,0.0,0.0,Current,0,,0.0,,REVIEW,0.8
LN003278,3,0.0,0.0,0.0,0.0,Current,0,,0.0,,REVIEW,0.8
LN003278,4,0.0,0.0,0.0,0.0,Current,0,,0.0,,REVIEW,0.8
LN003278,5,0.0,0.0,0.0,0.0,Current,0,,0.0,,REVIEW,0.8
LN003278,6,0.0,0.0,0.0,0.0,Current,0,,0.0,,REVIEW,0.8
LN003278,7,0.0,0.0,0.0,0.0,Current,0,,0.0,,REVIEW,0.8
LN003278,8,0.0,0.0,0.0,0.0,Current,0,,0.0,,REVIEW,0.8
LN003278,9,0.0,0.0,0.0,0.0,Current,0,,0.0,,REVIEW,0.8
LN003278,10,0.0,0.0,0.0,0.0,Current,0,,0.0,,REVIEW,0.8
LN003278,11,0.0,0.0,0.0,0.0,Current,0,,0.0,,REVIEW,0.8
LN003278,12,0.0,0.0,0.0,0.0,Current,0,,0.0,,REVIEW,0.8
LN003278,13,0.0,0.0,0.0,0.0,Current,0,,0.0,,REVIEW,0.8
LN003278,14,0.0,0.0,0.0,0.0,Current,0,,0.0,,REVIEW,0.8
LN003278,15,0.0,0.0,0.0,0.0,Current,0,,0.0,,REVIEW,0.8
LN003278,16,0.0,0.0,0.0,0.0,Current,0,,0.0,,REVIEW,0.8
LN003278,17,0.0,0.0,0.0,0.0,Current,0,,0.0,,REVIEW,0.8
LN003278,18,0.0,0.0,0.0,0.0,Current,0,,0.0,,REVIEW,0.8
LN003278,19,0.0,0.0,0.0,0.0,Current,0,,0.0,,REVIEW,0.8
LN003278,20,0.0,0.0,0.0,0.0,Current,0,,0.0,,REVIEW,0.8
LN003278,21,0.0,0.0,0.0,0.0,Current,0,,0.0,,REVIEW,0.8
LN003278,22,0.0,0.0,0.0,0.0,Current,0,,0.0,,REVIEW,0.8
LN003278,23,0.0,0.0,0.0,0.0,Current,0,,0.0,,REVIEW,0.8
LN003278,24,0.0,0.0,0.0,0.0,Current,0,,0.0,,REVIEW,0.8
LN003279,1,0.0,0.0,0.0,0.0,Current,0,,0.0,,REVIEW,0.8
LN003279,2,0.0,0.0,0.0,0.0,Current,0,,0.0,,REVIEW,0.8
LN003279,3,0.0,0.0,0.0,0.0,Current,0,,0.0,,REVIEW,0.8
LN003279,4,0.0,0.0,0.0,0.0,Current,0,,0.0,,REVIEW,0.8
LN003279,5,0.0,0.0,0.0,0.0,Current,0,,0.0,,REVIEW,0.8
LN003279,6,0.0,0.0,0.0,0.0,Current,0,,0.0,,REVIEW,0.8
LN003279,7,0.0,0.0,0.0,0.0,Current,0,,0.0,,REVIEW,0.8
LN003279,8,0.0,0.0,0.0,0.0,Current,0,,0.0,,REVIEW,0.8
LN003279,9,0.0,0.0,0.0,0.0,Current,0,,0.0,,REVIEW,0.8
LN003279,10,0.0,0.0,0.0,0.0,Current,0,,0.0,,REVIEW,0.8
LN003279,11,0.0,0.0,0.0,0.0,Current,0,,0.0,,REVIEW,0.8
LN003279,12,0.0,0.0,0.0,0.0,Current,0,,0.0,,REVIEW,0.8
LN003279,13,0.0,0.0,0.0,0.0,Current,0,,0.0,,REVIEW,0.8
LN003279,14,0.0,0.0,0.0,0.0,Current,0,,0.0,,REVIEW,0.8
LN003279,15,0.0,0.0,0.0,0.0,Current,0,,0.0,,REVIEW,0.8
LN003279,16,0.0,0.0,0.0,0.0,Current,0,,0.0,,REVIEW,0.8
LN003279,17,0.0,0.0,0.0,0.0,Current,0,,0.0,,REVIEW,0.8
LN003279,18,0.0,0.0,0.0,0.0,Current,0,,0.0,,REVIEW,0.8
LN003279,19,0.0,0.0,0.0,0.0,Current,0,,0.0,,REVIEW,0.8
LN003279,20,0.0,0.0,0.0,0.0,Current,0,,0.0,,REVIEW,0.8
LN003279,21,0.0,0.0,0.0,0.0,Current,0,,0.0,,REVIEW,0.8
LN003279,22,0.0,0.0,0.0,0.0,Current,0,,0.0,,REVIEW,0.8
LN003279,23,0.0,0.0,0.0,0.0,Current,0,,0.0,,REVIEW,0.8
LN003279,24,0.0,0.0,0.0,0.0,Current,0,,0.0,,REVIEW,0.8
LN003280,1,0.0,0.0,0.0,0.0,Current,0,,0.0,,REVIEW,0.8
LN003280,2,0.0,0.0,0.0,0.0,Current,0,,0.0,,REVIEW,0.8
LN003280,3,0.0,0.0,0.0,0.0,Current,0,,0.0,,REVIEW,0.8
LN003280,4,0.0,0.0,0.0,0.0,Current,0,,0.0,,REVIEW,0.8
LN003280,5,0.0,0.0,0.0,0.0,Current,0,,0.0,,REVIEW,0.8
LN003280,6,0.0,0.0,0.0,0.0,Current,0,,0.0,,REVIEW,0.8
LN003280,7,0.0,0.0,0.0,0.0,Current,0,,0.0,,REVIEW,0.8
LN003280,8,0.0,0.0,0.0,0.0,Current,0,,0.0,,REVIEW,0.8
LN003280,9,0.0,0.0,0.0,0.0,Current,0,,0.0,,REVIEW,0.8
LN003280,10,0.0,0.0,0.0,0.0,Current,0,,0.0,,REVIEW,0.8
LN003280,11,0.0,0.0,0.0,0.0,Current,0,,0.0,,REVIEW,0.8
LN003280,12,0.0,0.0,0.0,0.0,Current,0,,0.0,,REVIEW,0.8
LN003280,13,0.0,0.0,0.0,0.0,Current,0,,0.0,,REVIEW,0.8
LN003280,14,0.0,0.0,0.0,0.0,Current,0,,0.0,,REVIEW,0.8
LN003280,15,0.0,0.0,0.0,0.0,Current,0,,0.0,,REVIEW,0.8
LN003280,16,0.0,0.0,0.0,0.0,Current,0,,0.0,,REVIEW,0.8
LN003280,17,0.0,0.0,0.0,0.0,Current,0,,0.0,,REVIEW,0.8
LN003280,18,0.0,0.0,0.0,0.0,Current,0,,0.0,,REVIEW,0.8
LN003280,19,0.0,0.0,0.0,0.0,Current,0,,0.0,,REVIEW,0.8
LN003280,20,0.0,0.0,0.0,0.0,Current,0,,0.0,,REVIEW,0.8
LN003280,21,0.0,0.0,0.0,0.0,Current,0,,0.0,,REVIEW,0.8
LN003280,22,0.0,0.0,0.0,0.0,Current,0,,0.0,,REVIEW,0.8
LN003280,23,0.0,0.0,0.0,0.0,Current,0,,0.0,,REVIEW,0.8
LN003280,24,0.0,0.0,0.0,0.0,Current,0,,0.0,,REVIEW,0.8
LN003281,1,0.0,0.0,0.0,0.0,Current,0,,0.0,,REVIEW,0.8
LN003282,1,0.0,0.0,0.0,0.0,Current,0,,0.0,,REVIEW,0.8
LN003282,2,0.0,0.0,0.0,0.0,Current,0,,0.0,,REVIEW,0.8
LN003282,3,0.0,0.0,0.0,0.0,Current,0,,0.0,,REVIEW,0.8
LN003282,4,0.0,0.0,0.0,0.0,Current,0,,0.0,,REVIEW,0.8
LN003282,5,0.0,0.0,0.0,0.0,Current,0,,0.0,,REVIEW,0.8
LN003282,6,0.0,0.0,0.0,0.0,Current,0,,0.0,,REVIEW,0.8
LN003282,7,0.0,0.0,0.0,0.0,Current,0,,0.0,,REVIEW,0.8
LN003282,8,0.0,0.0,0.0,0.0,Current,0,,0.0,,REVIEW,0.8
LN003282,9,0.0,0.0,0.0,0.0,Current,0,,0.0,,REVIEW,0.8
LN003282,10,0.0,0.0,0.0,0.0,Current,0,,0.0,,REVIEW,0.8
LN003282,11,0.0,0.0,0.0,0.0,Current,0,,0.0,,REVIEW,0.8
LN003282,12,0.0,0.0,0.0,0.0,Current,0,,0.0,,REVIEW,0.8
LN003282,13,0.0,0.0,0.0,0.0,Current,0,,0.0,,REVIEW,0.8
LN003282,14,0.0,0.0,0.0,0.0,Current,0,,0.0,,REVIEW,0.8
LN003282,15,0.0,0.0,0.0,0.0,Current,0,,0.0,,REVIEW,0.8
LN003282,16,0.0,0.0,0.0,0.0,Current,0,,0.0,,REVIEW,0.8
LN003282,17,0.0,0.0,0.0,0.0,Current,0,,0.0,,REVIEW,0.8
LN003282,18,0.0,0.0,0.0,0.0,Current,0,,0.0,,REVIEW,0.8
LN003282,19,0.0,0.0,0.0,0.0,Current,0,,0.0,,REVIEW,0.8
LN003282,20,0.0,0.0,0.0,0.0,Current,0,,0.0,,REVIEW,0.8
LN003282,21,0.0,0.0,0.0,0.0,Current,0,,0.0,,REVIEW,0.8
LN003282,22,0.0,0.0,0.0,0.0,Current,0,,0.0,,REVIEW,0.8
LN003283,1,0.0,0.0,0.0,0.0,Current,0,,0.0,,REVIEW,0.8
LN003283,2,0.0,0.0,0.0,0.0,Current,0,,0.0,,REVIEW,0.8
LN003283,3,0.0,0.0,0.0,0.0,Current,0,,0.0,,REVIEW,0.8
LN003283,4,0.0,0.0,0.0,0.0,Current,0,,0.0,,REVIEW,0.8
LN003283,5,0.0,0.0,0.0,0.0,Current,0,,0.0,,REVIEW,0.8
LN003283,6,0.0,0.0,0.0,0.0,Current,0,,0.0,,REVIEW,0.8
LN003283,7,0.0,0.0,0.0,0.0,Current,0,,0.0,,REVIEW,0.8
LN003283,8,0.0,0.0,0.0,0.0,Current,0,,0.0,,REVIEW,0.8
LN003283,9,0.0,0.0,0.0,0.0,Current,0,,0.0,,REVIEW,0.8
LN003283,10,0.0,0.0,0.0,0.0,Current,0,,0.0,,REVIEW,0.8
LN003283,11,0.0,0.0,0.0,0.0,Current,0,,0.0,,REVIEW,0.8
LN003283,12,0.0,0.0,0.0,0.0,Current,0,,0.0,,REVIEW,0.8
LN003283,13,0.0,0.0,0.0,0.0,Current,0,,0.0,,REVIEW,0.8
LN003283,14,0.0,0.0,0.0,0.0,Current,0,,0.0,,REVIEW,0.8
LN003283,15,0.0,0.0,0.0,0.0,Current,0,,0.0,,REVIEW,0.8
LN003283,16,0.0,0.0,0.0,0.0,Current,0,,0.0,,REVIEW,0.8
LN003283,17,0.0,0.0,0.0,0.0,Current,0,,0.0,,REVIEW,0.8
LN003283,18,0.0,0.0,0.0,0.0,Current,0,,0.0,,REVIEW,0.8
LN003283,19,0.0,0.0,0.0,0.0,Current,0,,0.0,,REVIEW,0.8
LN003283,20,0.0,0.0,0.0,0.0,Current,0,,0.0,,REVIEW,0.8
LN003283,21,0.0,0.0,0.0,0.0,Current,0,,0.0,,REVIEW,0.8
LN003283,22,0.0,0.0,0.0,0.0,Current,0,,0.0,,REVIEW,0.8
LN003283,23,0.0,0.0,0.0,0.0,Current,0,,0.0,,REVIEW,0.8
LN003283,24,0.0,0.0,0.0,0.0,Current,0,,0.0,,REVIEW,0.8
LN003284,1,0.0,0.0,0.0,0.0,Current,0,,0.0,,REVIEW,0.8
LN003284,2,0.0,0.0,0.0,0.0,Current,0,,0.0,,REVIEW,0.8
LN003284,3,0.0,0.0,0.0,0.0,Current,0,,0.0,,REVIEW,0.8
LN003284,4,0.0,0.0,0.0,0.0,Current,0,,0.0,,REVIEW,0.8
LN003284,5,0.0,0.0,0.0,0.0,Current,0,,0.0,,REVIEW,0.8
LN003284,6,0.0,0.0,0.0,0.0,Current,0,,0.0,,REVIEW,0.8
LN003284,7,0.0,0.0,0.0,0.0,Current,0,,0.0,,REVIEW,0.8
LN003284,8,0.0,0.0,0.0,0.0,Current,0,,0.0,,REVIEW,0.8
LN003284,9,0.0,0.0,0.0,0.0,Current,0,,0.0,,REVIEW,0.8
LN003284,10,0.0,0.0,0.0,0.0,Current,0,,0.0,,REVIEW,0.8
LN003285,1,0.0,0.0,0.0,0.0,Current,0,,0.0,,REVIEW,0.8
LN003285,2,0.0,0.0,0.0,0.0,Current,0,,0.0,,REVIEW,0.8
LN003285,3,0.0,0.0,0.0,0.0,Current,0,,0.0,,REVIEW,0.8
LN003285,4,0.0,0.0,0.0,0.0,Current,0,,0.0,,REVIEW,0.8
LN003285,5,0.0,0.0,0.0,0.0,Current,0,,0.0,,REVIEW,0.8
LN003285,6,0.0,0.0,0.0,0.0,Current,0,,0.0,,REVIEW,0.8
LN003285,7,0.0,0.0,0.0,0.0,Current,0,,0.0,,REVIEW,0.8
LN003285,8,0.0,0.0,0.0,0.0,Current,0,,0.0,,REVIEW,0.8
LN003285,9,0.0,0.0,0.0,0.0,Current,0,,0.0,,REVIEW,0.8
LN003285,10,0.0,0.0,0.0,0.0,Current,0,,0.0,,REVIEW,0.8
LN003285,11,0.0,0.0,0.0,0.0,Current,0,,0.0,,REVIEW,0.8
LN003285,12,0.0,0.0,0.0,0.0,Current,0,,0.0,,REVIEW,0.8
LN003285,13,0.0,0.0,0.0,0.0,Current,0,,0.0,,REVIEW,0.8
LN003285,14,0.0,0.0,0.0,0.0,Current,0,,0.0,,REVIEW,0.8
LN003285,15,0.0,0.0,0.0,0.0,Current,0,,0.0,,REVIEW,0.8
LN003285,16,0.0,0.0,0.0,0.0,Current,0,,0.0,,REVIEW,0.8
LN003285,17,0.0,0.0,0.0,0.0,Current,0,,0.0,,REVIEW,0.8
LN003285,18,0.0,0.0,0.0,0.0,Current,0,,0.0,,REVIEW,0.8
LN003285,19,0.0,0.0,0.0,0.0,Current,0,,0.0,,REVIEW,0.8
LN003285,20,0.0,0.0,0.0,0.0,Current,0,,0.0,,REVIEW,0.8
LN003285,21,0.0,0.0,0.0,0.0,Current,0,,0.0,,REVIEW,0.8
LN003285,22,0.0,0.0,0.0,0.0,Current,0,,0.0,,REVIEW,0.8
LN003285,23,0.0,0.0,0.0,0.0,Current,0,,0.0,,REVIEW,0.8
LN003285,24,0.0,0.0,0.0,0.0,Current,0,,0.0,,REVIEW,0.8
LN003286,1,0.0,0.0,0.0,0.0,Current,0,,0.0,,REVIEW,0.8
LN003286,2,0.0,0.0,0.0,0.0,Current,0,,0.0,,REVIEW,0.8
LN003286,3,0.0,0.0,0.0,0.0,Current,0,,0.0,,REVIEW,0.8
LN003286,4,0.0,0.0,0.0,0.0,Current,0,,0.0,,REVIEW,0.8
LN003286,5,0.0,0.0,0.0,0.0,Current,0,,0.0,,REVIEW,0.8
LN003286,6,0.0,0.0,0.0,0.0,Current,0,,0.0,,REVIEW,0.8
LN003286,7,0.0,0.0,0.0,0.0,Current,0,,0.0,,REVIEW,0.8
LN003286,8,0.0,0.0,0.0,0.0,Current,0,,0.0,,REVIEW,0.8
LN003286,9,0.0,0.0,0.0,0.0,Current,0,,0.0,,REVIEW,0.8
LN003286,10,0.0,0.0,0.0,0.0,Current,0,,0.0,,REVIEW,0.8
LN003286,11,0.0,0.0,0.0,0.0,Current,0,,0.0,,REVIEW,0.8
LN003286,12,0.0,0.0,0.0,0.0,Current,0,,0.0,,REVIEW,0.8
LN003286,13,0.0,0.0,0.0,0.0,Current,0,,0.0,,REVIEW,0.8
LN003286,14,0.0,0.0,0.0,0.0,Current,0,,0.0,,REVIEW,0.8
LN003286,15,0.0,0.0,0.0,0.0,Current,0,,0.0,,REVIEW,0.8
LN003286,16,0.0,0.0,0.0,0.0,Current,0,,0.0,,REVIEW,0.8
LN003286,17,0.0,0.0,0.0,0.0,Current,0,,0.0,,REVIEW,0.8
LN003286,18,0.0,0.0,0.0,0.0,Current,0,,0.0,,REVIEW,0.8
LN003286,19,0.0,0.0,0.0,0.0,Current,0,,0.0,,REVIEW,0.8
LN003286,20,0.0,0.0,0.0,0.0,Current,0,,0.0,,REVIEW,0.8
LN003286,21,0.0,0.0,0.0,0.0,Current,0,,0.0,,REVIEW,0.8
LN003286,22,0.0,0.0,0.0,0.0,Current,0,,0.0,,REVIEW,0.8
LN003286,23,0.0,0.0,0.0,0.0,Current,0,,0.0,,REVIEW,0.8
LN003286,24,0.0,0.0,0.0,0.0,Current,0,,0.0,,REVIEW,0.8
LN003287,1,0.0,0.0,0.0,0.0,Current,0,,0.0,,REVIEW,0.8
LN003287,2,0.0,0.0,0.0,0.0,Current,0,,0.0,,REVIEW,0.8
LN003287,3,0.0,0.0,0.0,0.0,Current,0,,0.0,,REVIEW,0.8
LN003287,4,0.0,0.0,0.0,0.0,Current,0,,0.0,,REVIEW,0.8
LN003287,5,0.0,0.0,0.0,0.0,Current,0,,0.0,,REVIEW,0.8
LN003287,6,0.0,0.0,0.0,0.0,Current,0,,0.0,,REVIEW,0.8
LN003287,7,0.0,0.0,0.0,0.0,Current,0,,0.0,,REVIEW,0.8
LN003287,8,0.0,0.0,0.0,0.0,Current,0,,0.0,,REVIEW,0.8
LN003287,9,0.0,0.0,0.0,0.0,Current,0,,0.0,,REVIEW,0.8
LN003287,10,0.0,0.0,0.0,0.0,Current,0,,0.0,,REVIEW,0.8
LN003287,11,0.0,0.0,0.0,0.0,Current,0,,0.0,,REVIEW,0.8
LN003287,12,0.0,0.0,0.0,0.0,Current,0,,0.0,,REVIEW,0.8
LN003287,13,0.0,0.0,0.0,0.0,Current,0,,0.0,,REVIEW,0.8
LN003287,14,0.0,0.0,0.0,0.0,Current,0,,0.0,,REVIEW,0.8
LN003287,15,0.0,0.0,0.0,0.0,Current,0,,0.0,,REVIEW,0.8
LN003287,16,0.0,0.0,0.0,0.0,Current,0,,0.0,,REVIEW,0.8
LN003287,17,0.0,0.0,0.0,0.0,Current,0,,0.0,,REVIEW,0.8
LN003287,18,0.0,0.0,0.0,0.0,Current,0,,0.0,,REVIEW,0.8
LN003287,19,0.0,0.0,0.0,0.0,Current,0,,0.0,,REVIEW,0.8
LN003287,20,0.0,0.0,0.0,0.0,Current,0,,0.0,,REVIEW,0.8
LN003287,21,0.0,0.0,0.0,0.0,Current,0,,0.0,,REVIEW,0.8
LN003287,22,0.0,0.0,0.0,0.0,Current,0,,0.0,,REVIEW,0.8
LN003287,23,0.0,0.0,0.0,0.0,Current,0,,0.0,,REVIEW,0.8
LN003287,24,0.0,0.0,0.0,0.0,Current,0,,0.0,,REVIEW,0.8
LN003288,1,0.0,0.0,0.0,0.0,Current,0,,0.0,,REVIEW,0.8
LN003288,2,0.0,0.0,0.0,0.0,Current,0,,0.0,,REVIEW,0.8
LN003288,3,0.0,0.0,0.0,0.0,Current,0,,0.0,,REVIEW,0.8
LN003288,4,0.0,0.0,0.0,0.0,Current,0,,0.0,,REVIEW,0.8
LN003289,1,0.0,0.0,0.0,0.0,Current,0,,0.0,,REVIEW,0.8
LN003289,2,0.0,0.0,0.0,0.0,Current,0,,0.0,,REVIEW,0.8
LN003289,3,0.0,0.0,0.0,0.0,Current,0,,0.0,,REVIEW,0.8
LN003289,4,0.0,0.0,0.0,0.0,Current,0,,0.0,,REVIEW,0.8
LN003289,5,0.0,0.0,0.0,0.0,Current,0,,0.0,,REVIEW,0.8
LN003289,6,0.0,0.0,0.0,0.0,Current,0,,0.0,,REVIEW,0.8
LN003289,7,0.0,0.0,0.0,0.0,Current,0,,0.0,,REVIEW,0.8
LN003289,8,0.0,0.0,0.0,0.0,Current,0,,0.0,,REVIEW,0.8
LN003289,9,0.0,0.0,0.0,0.0,Current,0,,0.0,,REVIEW,0.8
LN003289,10,0.0,0.0,0.0,0.0,Current,0,,0.0,,REVIEW,0.8
LN003289,11,0.0,0.0,0.0,0.0,Current,0,,0.0,,REVIEW,0.8
LN003289,12,0.0,0.0,0.0,0.0,Current,0,,0.0,,REVIEW,0.8
LN003289,13,0.0,0.0,0.0,0.0,Current,0,,0.0,,REVIEW,0.8
LN003289,14,0.0,0.0,0.0,0.0,Current,0,,0.0,,REVIEW,0.8
LN003289,15,0.0,0.0,0.0,0.0,Current,0,,0.0,,REVIEW,0.8
LN003289,16,0.0,0.0,0.0,0.0,Current,0,,0.0,,REVIEW,0.8
LN003289,17,0.0,0.0,0.0,0.0,Current,0,,0.0,,REVIEW,0.8
LN003289,18,0.0,0.0,0.0,0.0,Current,0,,0.0,,REVIEW,0.8
LN003289,19,0.0,0.0,0.0,0.0,Current,0,,0.0,,REVIEW,0.8
LN003289,20,0.0,0.0,0.0,0.0,Current,0,,0.0,,REVIEW,0.8
LN003289,21,0.0,0.0,0.0,0.0,Current,0,,0.0,,REVIEW,0.8
LN003289,22,0.0,0.0,0.0,0.0,Current,0,,0.0,,REVIEW,0.8
LN003289,23,0.0,0.0,0.0,0.0,Current,0,,0.0,,REVIEW,0.8
LN003289,24,0.0,0.0,0.0,0.0,Current,0,,0.0,,REVIEW,0.8
LN003290,1,0.0,0.0,0.0,0.0,Current,0,,0.0,,REVIEW,0.8
LN003290,2,0.0,0.0,0.0,0.0,Current,0,,0.0,,REVIEW,0.8
LN003290,3,0.0,0.0,0.0,0.0,Current,0,,0.0,,REVIEW,0.8
LN003290,4,0.0,0.0,0.0,0.0,Current,0,,0.0,,REVIEW,0.8
LN003290,5,0.0,0.0,0.0,0.0,Current,0,,0.0,,REVIEW,0.8
LN003290,6,0.0,0.0,0.0,0.0,Current,0,,0.0,,REVIEW,0.8
LN003290,7,0.0,0.0,0.0,0.0,Current,0,,0.0,,REVIEW,0.8
LN003290,8,0.0,0.0,0.0,0.0,Current,0,,0.0,,REVIEW,0.8
LN003290,9,0.0,0.0,0.0,0.0,Current,0,,0.0,,REVIEW,0.8
LN003290,10,0.0,0.0,0.0,0.0,Current,0,,0.0,,REVIEW,0.8
LN003290,11,0.0,0.0,0.0,0.0,Current,0,,0.0,,REVIEW,0.8
LN003290,12,0.0,0.0,0.0,0.0,Current,0,,0.0,,REVIEW,0.8
LN003290,13,0.0,0.0,0.0,0.0,Current,0,,0.0,,REVIEW,0.8
LN003291,1,0.0,0.0,0.0,0.0,Current,0,,0.0,,REVIEW,0.8
LN003291,2,0.0,0.0,0.0,0.0,Current,0,,0.0,,REVIEW,0.8
LN003291,3,0.0,0.0,0.0,0.0,Current,0,,0.0,,REVIEW,0.8
LN003291,4,0.0,0.0,0.0,0.0,Current,0,,0.0,,REVIEW,0.8
LN003291,5,0.0,0.0,0.0,0.0,Current,0,,0.0,,REVIEW,0.8
LN003291,6,0.0,0.0,0.0,0.0,Current,0,,0.0,,REVIEW,0.8
LN003291,7,0.0,0.0,0.0,0.0,Current,0,,0.0,,REVIEW,0.8
LN003291,8,0.0,0.0,0.0,0.0,Current,0,,0.0,,REVIEW,0.8
LN003291,9,0.0,0.0,0.0,0.0,Current,0,,0.0,,REVIEW,0.8
LN003291,10,0.0,0.0,0.0,0.0,Current,0,,0.0,,REVIEW,0.8
LN003291,11,0.0,0.0,0.0,0.0,Current,0,,0.0,,REVIEW,0.8
LN003291,12,0.0,0.0,0.0,0.0,Current,0,,0.0,,REVIEW,0.8
LN003291,13,0.0,0.0,0.0,0.0,Current,0,,0.0,,REVIEW,0.8
LN003291,14,0.0,0.0,0.0,0.0,Current,0,,0.0,,REVIEW,0.8
LN003291,15,0.0,0.0,0.0,0.0,Current,0,,0.0,,REVIEW,0.8
LN003291,16,0.0,0.0,0.0,0.0,Current,0,,0.0,,REVIEW,0.8
LN003291,17,0.0,0.0,0.0,0.0,Current,0,,0.0,,REVIEW,0.8
LN003291,18,0.0,0.0,0.0,0.0,Current,0,,0.0,,REVIEW,0.8
LN003291,19,0.0,0.0,0.0,0.0,Current,0,,0.0,,REVIEW,0.8
LN003291,20,0.0,0.0,0.0,0.0,Current,0,,0.0,,REVIEW,0.8
LN003292,1,0.0,0.0,0.0,0.0,Current,0,,0.0,,REVIEW,0.8
LN003292,2,0.0,0.0,0.0,0.0,Current,0,,0.0,,REVIEW,0.8
LN003292,3,0.0,0.0,0.0,0.0,Current,0,,0.0,,REVIEW,0.8
LN003292,4,0.0,0.0,0.0,0.0,Current,0,,0.0,,REVIEW,0.8
LN003292,5,0.0,0.0,0.0,0.0,Current,0,,0.0,,REVIEW,0.8
LN003292,6,0.0,0.0,0.0,0.0,Current,0,,0.0,,REVIEW,0.8
LN003292,7,0.0,0.0,0.0,0.0,Current,0,,0.0,,REVIEW,0.8
LN003292,8,0.0,0.0,0.0,0.0,Current,0,,0.0,,REVIEW,0.8
LN003292,9,0.0,0.0,0.0,0.0,Current,0,,0.0,,REVIEW,0.8
LN003292,10,0.0,0.0,0.0,0.0,Current,0,,0.0,,REVIEW,0.8
LN003292,11,0.0,0.0,0.0,0.0,Current,0,,0.0,,REVIEW,0.8
LN003292,12,0.0,0.0,0.0,0.0,Current,0,,0.0,,REVIEW,0.8
LN003292,13,0.0,0.0,0.0,0.0,Current,0,,0.0,,REVIEW,0.8
LN003292,14,0.0,0.0,0.0,0.0,Current,0,,0.0,,REVIEW,0.8
LN003292,15,0.0,0.0,0.0,0.0,Current,0,,0.0,,REVIEW,0.8
LN003292,16,0.0,0.0,0.0,0.0,Current,0,,0.0,,REVIEW,0.8
LN003292,17,0.0,0.0,0.0,0.0,Current,0,,0.0,,REVIEW,0.8
LN003292,18,0.0,0.0,0.0,0.0,Current,0,,0.0,,REVIEW,0.8
LN003292,19,0.0,0.0,0.0,0.0,Current,0,,0.0,,REVIEW,0.8
LN003292,20,0.0,0.0,0.0,0.0,Current,0,,0.0,,REVIEW,0.8
LN003292,21,0.0,0.0,0.0,0.0,Current,0,,0.0,,REVIEW,0.8
LN003292,22,0.0,0.0,0.0,0.0,Current,0,,0.0,,REVIEW,0.8
LN003292,23,0.0,0.0,0.0,0.0,Current,0,,0.0,,REVIEW,0.8
LN003292,24,0.0,0.0,0.0,0.0,Current,0,,0.0,,REVIEW,0.8
LN003293,1,0.0,0.0,0.0,0.0,Current,0,,0.0,,REVIEW,0.8
LN003293,2,0.0,0.0,0.0,0.0,Current,0,,0.0,,REVIEW,0.8
LN003293,3,0.0,0.0,0.0,0.0,Current,0,,0.0,,REVIEW,0.8
LN003293,4,0.0,0.0,0.0,0.0,Current,0,,0.0,,REVIEW,0.8
LN003293,5,0.0,0.0,0.0,0.0,Current,0,,0.0,,REVIEW,0.8
LN003293,6,0.0,0.0,0.0,0.0,Current,0,,0.0,,REVIEW,0.8
LN003293,7,0.0,0.0,0.0,0.0,Current,0,,0.0,,REVIEW,0.8
LN003293,8,0.0,0.0,0.0,0.0,Current,0,,0.0,,REVIEW,0.8
LN003293,9,0.0,0.0,0.0,0.0,Current,0,,0.0,,REVIEW,0.8
LN003293,10,0.0,0.0,0.0,0.0,Current,0,,0.0,,REVIEW,0.8
LN003293,11,0.0,0.0,0.0,0.0,Current,0,,0.0,,REVIEW,0.8
LN003293,12,0.0,0.0,0.0,0.0,Current,0,,0.0,,REVIEW,0.8
LN003293,13,0.0,0.0,0.0,0.0,Current,0,,0.0,,REVIEW,0.8
LN003293,14,0.0,0.0,0.0,0.0,Current,0,,0.0,,REVIEW,0.8
LN003293,15,0.0,0.0,0.0,0.0,Current,0,,0.0,,REVIEW,0.8
LN003293,16,0.0,0.0,0.0,0.0,Current,0,,0.0,,REVIEW,0.8
LN003293,17,0.0,0.0,0.0,0.0,Current,0,,0.0,,REVIEW,0.8
LN003293,18,0.0,0.0,0.0,0.0,Current,0,,0.0,,REVIEW,0.8
LN003293,19,0.0,0.0,0.0,0.0,Current,0,,0.0,,REVIEW,0.8
LN003293,20,0.0,0.0,0.0,0.0,Current,0,,0.0,,REVIEW,0.8
LN003293,21,0.0,0.0,0.0,0.0,Current,0,,0.0,,REVIEW,0.8
LN003293,22,0.0,0.0,0.0,0.0,Current,0,,0.0,,REVIEW,0.8
LN003293,23,0.0,0.0,0.0,0.0,Current,0,,0.0,,REVIEW,0.8
LN003293,24,0.0,0.0,0.0,0.0,Current,0,,0.0,,REVIEW,0.8
LN003294,1,0.0,0.0,0.0,0.0,Current,0,,0.0,,REVIEW,0.8
LN003294,2,0.0,0.0,0.0,0.0,Current,0,,0.0,,REVIEW,0.8
LN003294,3,0.0,0.0,0.0,0.0,Current,0,,0.0,,REVIEW,0.8
LN003294,4,0.0,0.0,0.0,0.0,Current,0,,0.0,,REVIEW,0.8
LN003294,5,0.0,0.0,0.0,0.0,Current,0,,0.0,,REVIEW,0.8
LN003294,6,0.0,0.0,0.0,0.0,Current,0,,0.0,,REVIEW,0.8
LN003294,7,0.0,0.0,0.0,0.0,Current,0,,0.0,,REVIEW,0.8
LN003294,8,0.0,0.0,0.0,0.0,Current,0,,0.0,,REVIEW,0.8
LN003294,9,0.0,0.0,0.0,0.0,Current,0,,0.0,,REVIEW,0.8
LN003294,10,0.0,0.0,0.0,0.0,Current,0,,0.0,,REVIEW,0.8
LN003294,11,0.0,0.0,0.0,0.0,Current,0,,0.0,,REVIEW,0.8
LN003294,12,0.0,0.0,0.0,0.0,Current,0,,0.0,,REVIEW,0.8
LN003294,13,0.0,0.0,0.0,0.0,Current,0,,0.0,,REVIEW,0.8
LN003294,14,0.0,0.0,0.0,0.0,Current,0,,0.0,,REVIEW,0.8
LN003295,1,0.0,0.0,0.0,0.0,Current,0,,0.0,,REVIEW,0.8
LN003295,2,0.0,0.0,0.0,0.0,Current,0,,0.0,,REVIEW,0.8
LN003295,3,0.0,0.0,0.0,0.0,Current,0,,0.0,,REVIEW,0.8
LN003295,4,0.0,0.0,0.0,0.0,Current,0,,0.0,,REVIEW,0.8
LN003296,1,0.0,0.0,0.0,0.0,Current,0,,0.0,,REVIEW,0.8
LN003296,2,0.0,0.0,0.0,0.0,Current,0,,0.0,,REVIEW,0.8
LN003296,3,0.0,0.0,0.0,0.0,Current,0,,0.0,,REVIEW,0.8
LN003296,4,0.0,0.0,0.0,0.0,Current,0,,0.0,,REVIEW,0.8
LN003296,5,0.0,0.0,0.0,0.0,Current,0,,0.0,,REVIEW,0.8
LN003296,6,0.0,0.0,0.0,0.0,Current,0,,0.0,,REVIEW,0.8
LN003296,7,0.0,0.0,0.0,0.0,Current,0,,0.0,,REVIEW,0.8
LN003296,8,0.0,0.0,0.0,0.0,Current,0,,0.0,,REVIEW,0.8
LN003296,9,0.0,0.0,0.0,0.0,Current,0,,0.0,,REVIEW,0.8
LN003296,10,0.0,0.0,0.0,0.0,Current,0,,0.0,,REVIEW,0.8
LN003296,11,0.0,0.0,0.0,0.0,Current,0,,0.0,,REVIEW,0.8
LN003296,12,0.0,0.0,0.0,0.0,Current,0,,0.0,,REVIEW,0.8
LN003296,13,0.0,0.0,0.0,0.0,Current,0,,0.0,,REVIEW,0.8
LN003296,14,0.0,0.0,0.0,0.0,Current,0,,0.0,,REVIEW,0.8
LN003296,15,0.0,0.0,0.0,0.0,Current,0,,0.0,,REVIEW,0.8
LN003296,16,0.0,0.0,0.0,0.0,Current,0,,0.0,,REVIEW,0.8
LN003296,17,0.0,0.0,0.0,0.0,Current,0,,0.0,,REVIEW,0.8
LN003296,18,0.0,0.0,0.0,0.0,Current,0,,0.0,,REVIEW,0.8
LN003296,19,0.0,0.0,0.0,0.0,Current,0,,0.0,,REVIEW,0.8
LN003296,20,0.0,0.0,0.0,0.0,Current,0,,0.0,,REVIEW,0.8
LN003296,21,0.0,0.0,0.0,0.0,Current,0,,0.0,,REVIEW,0.8
LN003296,22,0.0,0.0,0.0,0.0,Current,0,,0.0,,REVIEW,0.8
LN003296,23,0.0,0.0,0.0,0.0,Current,0,,0.0,,REVIEW,0.8
LN003296,24,0.0,0.0,0.0,0.0,Current,0,,0.0,,REVIEW,0.8
LN003297,1,0.0,0.0,0.0,0.0,Current,0,,0.0,,REVIEW,0.8
LN003297,2,0.0,0.0,0.0,0.0,Current,0,,0.0,,REVIEW,0.8
LN003297,3,0.0,0.0,0.0,0.0,Current,0,,0.0,,REVIEW,0.8
LN003297,4,0.0,0.0,0.0,0.0,Current,0,,0.0,,REVIEW,0.8
LN003297,5,0.0,0.0,0.0,0.0,Current,0,,0.0,,REVIEW,0.8
LN003297,6,0.0,0.0,0.0,0.0,Current,0,,0.0,,REVIEW,0.8
LN003297,7,0.0,0.0,0.0,0.0,Current,0,,0.0,,REVIEW,0.8
LN003297,8,0.0,0.0,0.0,0.0,Current,0,,0.0,,REVIEW,0.8
LN003297,9,0.0,0.0,0.0,0.0,Current,0,,0.0,,REVIEW,0.8
LN003297,10,0.0,0.0,0.0,0.0,Current,0,,0.0,,REVIEW,0.8
LN003297,11,0.0,0.0,0.0,0.0,Current,0,,0.0,,REVIEW,0.8
LN003297,12,0.0,0.0,0.0,0.0,Current,0,,0.0,,REVIEW,0.8
LN003297,13,0.0,0.0,0.0,0.0,Current,0,,0.0,,REVIEW,0.8
LN003297,14,0.0,0.0,0.0,0.0,Current,0,,0.0,,REVIEW,0.8
LN003297,15,0.0,0.0,0.0,0.0,Current,0,,0.0,,REVIEW,0.8
LN003297,16,0.0,0.0,0.0,0.0,Current,0,,0.0,,REVIEW,0.8
LN003297,17,0.0,0.0,0.0,0.0,Current,0,,0.0,,REVIEW,0.8
LN003297,18,0.0,0.0,0.0,0.0,Current,0,,0.0,,REVIEW,0.8
LN003297,19,0.0,0.0,0.0,0.0,Current,0,,0.0,,REVIEW,0.8
LN003297,20,0.0,0.0,0.0,0.0,Current,0,,0.0,,REVIEW,0.8
LN003297,21,0.0,0.0,0.0,0.0,Current,0,,0.0,,REVIEW,0.8
LN003297,22,0.0,0.0,0.0,0.0,Current,0,,0.0,,REVIEW,0.8
LN003297,23,0.0,0.0,0.0,0.0,Current,0,,0.0,,REVIEW,0.8
LN003297,24,0.0,0.0,0.0,0.0,Current,0,,0.0,,REVIEW,0.8
LN003298,1,0.0,0.0,0.0,0.0,Current,0,,0.0,,REVIEW,0.8
LN003298,2,0.0,0.0,0.0,0.0,Current,0,,0.0,,REVIEW,0.8
LN003298,3,0.0,0.0,0.0,0.0,Current,0,,0.0,,REVIEW,0.8
LN003298,4,0.0,0.0,0.0,0.0,Current,0,,0.0,,REVIEW,0.8
LN003298,5,0.0,0.0,0.0,0.0,Current,0,,0.0,,REVIEW,0.8
LN003298,6,0.0,0.0,0.0,0.0,Current,0,,0.0,,REVIEW,0.8
LN003298,7,0.0,0.0,0.0,0.0,Current,0,,0.0,,REVIEW,0.8
LN003298,8,0.0,0.0,0.0,0.0,Current,0,,0.0,,REVIEW,0.8
LN003298,9,0.0,0.0,0.0,0.0,Current,0,,0.0,,REVIEW,0.8
LN003298,10,0.0,0.0,0.0,0.0,Current,0,,0.0,,REVIEW,0.8
LN003298,11,0.0,0.0,0.0,0.0,Current,0,,0.0,,REVIEW,0.8
LN003298,12,0.0,0.0,0.0,0.0,Current,0,,0.0,,REVIEW,0.8
LN003298,13,0.0,0.0,0.0,0.0,Current,0,,0.0,,REVIEW,0.8
LN003298,14,0.0,0.0,0.0,0.0,Current,0,,0.0,,REVIEW,0.8
LN003298,15,0.0,0.0,0.0,0.0,Current,0,,0.0,,REVIEW,0.8
LN003298,16,0.0,0.0,0.0,0.0,Current,0,,0.0,,REVIEW,0.8
LN003298,17,0.0,0.0,0.0,0.0,Current,0,,0.0,,REVIEW,0.8
LN003298,18,0.0,0.0,0.0,0.0,Current,0,,0.0,,REVIEW,0.8
LN003298,19,0.0,0.0,0.0,0.0,Current,0,,0.0,,REVIEW,0.8
LN003298,20,0.0,0.0,0.0,0.0,Current,0,,0.0,,REVIEW,0.8
LN003298,21,0.0,0.0,0.0,0.0,Current,0,,0.0,,REVIEW,0.8
LN003298,22,0.0,0.0,0.0,0.0,Current,0,,0.0,,REVIEW,0.8
LN003298,23,0.0,0.0,0.0,0.0,Current,0,,0.0,,REVIEW,0.8
LN003298,24,0.0,0.0,0.0,0.0,Current,0,,0.0,,REVIEW,0.8
LN003299,1,0.0,0.0,0.0,0.0,Current,0,,0.0,,REVIEW,0.8
LN003299,2,0.0,0.0,0.0,0.0,Current,0,,0.0,,REVIEW,0.8
LN003299,3,0.0,0.0,0.0,0.0,Current,0,,0.0,,REVIEW,0.8
LN003299,4,0.0,0.0,0.0,0.0,Current,0,,0.0,,REVIEW,0.8
LN003299,5,0.0,0.0,0.0,0.0,Current,0,,0.0,,REVIEW,0.8
LN003299,6,0.0,0.0,0.0,0.0,Current,0,,0.0,,REVIEW,0.8
LN003299,7,0.0,0.0,0.0,0.0,Current,0,,0.0,,REVIEW,0.8
LN003299,8,0.0,0.0,0.0,0.0,Current,0,,0.0,,REVIEW,0.8
LN003299,9,0.0,0.0,0.0,0.0,Current,0,,0.0,,REVIEW,0.8
LN003299,10,0.0,0.0,0.0,0.0,Current,0,,0.0,,REVIEW,0.8
LN003299,11,0.0,0.0,0.0,0.0,Current,0,,0.0,,REVIEW,0.8
LN003299,12,0.0,0.0,0.0,0.0,Current,0,,0.0,,REVIEW,0.8
LN003299,13,0.0,0.0,0.0,0.0,Current,0,,0.0,,REVIEW,0.8
LN003299,14,0.0,0.0,0.0,0.0,Current,0,,0.0,,REVIEW,0.8
LN003300,1,0.0,0.0,0.0,0.0,Current,0,,0.0,,REVIEW,0.8
LN003300,2,0.0,0.0,0.0,0.0,Current,0,,0.0,,REVIEW,0.8
LN003300,3,0.0,0.0,0.0,0.0,Current,0,,0.0,,REVIEW,0.8
LN003300,4,0.0,0.0,0.0,0.0,Current,0,,0.0,,REVIEW,0.8
LN003300,5,0.0,0.0,0.0,0.0,Current,0,,0.0,,REVIEW,0.8
LN003300,6,0.0,0.0,0.0,0.0,Current,0,,0.0,,REVIEW,0.8
LN003300,7,0.0,0.0,0.0,0.0,Current,0,,0.0,,REVIEW,0.8
LN003300,8,0.0,0.0,0.0,0.0,Current,0,,0.0,,REVIEW,0.8
LN003300,9,0.0,0.0,0.0,0.0,Current,0,,0.0,,REVIEW,0.8
LN003300,10,0.0,0.0,0.0,0.0,Current,0,,0.0,,REVIEW,0.8
LN003300,11,0.0,0.0,0.0,0.0,Current,0,,0.0,,REVIEW,0.8
LN003300,12,0.0,0.0,0.0,0.0,Current,0,,0.0,,REVIEW,0.8
LN003300,13,0.0,0.0,0.0,0.0,Current,0,,0.0,,REVIEW,0.8
LN003300,14,0.0,0.0,0.0,0.0,Current,0,,0.0,,REVIEW,0.8
LN003300,15,0.0,0.0,0.0,0.0,Current,0,,0.0,,REVIEW,0.8
LN003300,16,0.0,0.0,0.0,0.0,Current,0,,0.0,,REVIEW,0.8
LN003300,17,0.0,0.0,0.0,0.0,Current,0,,0.0,,REVIEW,0.8
LN003300,18,0.0,0.0,0.0,0.0,Current,0,,0.0,,REVIEW,0.8
LN003300,19,0.0,0.0,0.0,0.0,Current,0,,0.0,,REVIEW,0.8
LN003300,20,0.0,0.0,0.0,0.0,Current,0,,0.0,,REVIEW,0.8
LN003300,21,0.0,0.0,0.0,0.0,Current,0,,0.0,,REVIEW,0.8
LN003300,22,0.0,0.0,0.0,0.0,Current,0,,0.0,,REVIEW,0.8
LN003300,23,0.0,0.0,0.0,0.0,Current,0,,0.0,,REVIEW,0.8
LN003300,24,0.0,0.0,0.0,0.0,Current,0,,0.0,,REVIEW,0.8
LN003301,1,0.0,0.0,0.0,0.0,Current,0,,0.0,,REVIEW,0.8
LN003301,2,0.0,0.0,0.0,0.0,Current,0,,0.0,,REVIEW,0.8
LN003301,3,0.0,0.0,0.0,0.0,Current,0,,0.0,,REVIEW,0.8
LN003301,4,0.0,0.0,0.0,0.0,Current,0,,0.0,,REVIEW,0.8
LN003301,5,0.0,0.0,0.0,0.0,Current,0,,0.0,,REVIEW,0.8
LN003301,6,0.0,0.0,0.0,0.0,Current,0,,0.0,,REVIEW,0.8
LN003302,1,0.0,0.0,0.0,0.0,Current,0,,0.0,,REVIEW,0.8
LN003302,2,0.0,0.0,0.0,0.0,Current,0,,0.0,,REVIEW,0.8
LN003302,3,0.0,0.0,0.0,0.0,Current,0,,0.0,,REVIEW,0.8
LN003302,4,0.0,0.0,0.0,0.0,Current,0,,0.0,,REVIEW,0.8
LN003302,5,0.0,0.0,0.0,0.0,Current,0,,0.0,,REVIEW,0.8
LN003302,6,0.0,0.0,0.0,0.0,Current,0,,0.0,,REVIEW,0.8
LN003302,7,0.0,0.0,0.0,0.0,Current,0,,0.0,,REVIEW,0.8
LN003302,8,0.0,0.0,0.0,0.0,Current,0,,0.0,,REVIEW,0.8
LN003302,9,0.0,0.0,0.0,0.0,Current,0,,0.0,,REVIEW,0.8
LN003302,10,0.0,0.0,0.0,0.0,Current,0,,0.0,,REVIEW,0.8
LN003302,11,0.0,0.0,0.0,0.0,Current,0,,0.0,,REVIEW,0.8
LN003302,12,0.0,0.0,0.0,0.0,Current,0,,0.0,,REVIEW,0.8
LN003302,13,0.0,0.0,0.0,0.0,Current,0,,0.0,,REVIEW,0.8
LN003302,14,0.0,0.0,0.0,0.0,Current,0,,0.0,,REVIEW,0.8
LN003302,15,0.0,0.0,0.0,0.0,Current,0,,0.0,,REVIEW,0.8
LN003303,1,0.0,0.0,0.0,0.0,Current,0,,0.0,,REVIEW,0.8
LN003303,2,0.0,0.0,0.0,0.0,Current,0,,0.0,,REVIEW,0.8
LN003303,3,0.0,0.0,0.0,0.0,Current,0,,0.0,,REVIEW,0.8
LN003303,4,0.0,0.0,0.0,0.0,Current,0,,0.0,,REVIEW,0.8
LN003303,5,0.0,0.0,0.0,0.0,Current,0,,0.0,,REVIEW,0.8
LN003303,6,0.0,0.0,0.0,0.0,Current,0,,0.0,,REVIEW,0.8
LN003303,7,0.0,0.0,0.0,0.0,Current,0,,0.0,,REVIEW,0.8
LN003303,8,0.0,0.0,0.0,0.0,Current,0,,0.0,,REVIEW,0.8
LN003303,9,0.0,0.0,0.0,0.0,Current,0,,0.0,,REVIEW,0.8
LN003303,10,0.0,0.0,0.0,0.0,Current,0,,0.0,,REVIEW,0.8
LN003303,11,0.0,0.0,0.0,0.0,Current,0,,0.0,,REVIEW,0.8
LN003303,12,0.0,0.0,0.0,0.0,Current,0,,0.0,,REVIEW,0.8
LN003303,13,0.0,0.0,0.0,0.0,Current,0,,0.0,,REVIEW,0.8
LN003303,14,0.0,0.0,0.0,0.0,Current,0,,0.0,,REVIEW,0.8
LN003303,15,0.0,0.0,0.0,0.0,Current,0,,0.0,,REVIEW,0.8
LN003303,16,0.0,0.0,0.0,0.0,Current,0,,0.0,,REVIEW,0.8
LN003303,17,0.0,0.0,0.0,0.0,Current,0,,0.0,,REVIEW,0.8
LN003303,18,0.0,0.0,0.0,0.0,Current,0,,0.0,,REVIEW,0.8
LN003303,19,0.0,0.0,0.0,0.0,Current,0,,0.0,,REVIEW,0.8
LN003303,20,0.0,0.0,0.0,0.0,Current,0,,0.0,,REVIEW,0.8
LN003303,21,0.0,0.0,0.0,0.0,Current,0,,0.0,,REVIEW,0.8
LN003303,22,0.0,0.0,0.0,0.0,Current,0,,0.0,,REVIEW,0.8
LN003303,23,0.0,0.0,0.0,0.0,Current,0,,0.0,,REVIEW,0.8
LN003303,24,0.0,0.0,0.0,0.0,Current,0,,0.0,,REVIEW,0.8
LN003304,1,0.0,0.0,0.0,0.0,Current,0,,0.0,,REVIEW,0.8
LN003304,2,0.0,0.0,0.0,0.0,Current,0,,0.0,,REVIEW,0.8
LN003304,3,0.0,0.0,0.0,0.0,Current,0,,0.0,,REVIEW,0.8
LN003304,4,0.0,0.0,0.0,0.0,Current,0,,0.0,,REVIEW,0.8
LN003304,5,0.0,0.0,0.0,0.0,Current,0,,0.0,,REVIEW,0.8
LN003304,6,0.0,0.0,0.0,0.0,Current,0,,0.0,,REVIEW,0.8
LN003304,7,0.0,0.0,0.0,0.0,Current,0,,0.0,,REVIEW,0.8
LN003304,8,0.0,0.0,0.0,0.0,Current,0,,0.0,,REVIEW,0.8
LN003304,9,0.0,0.0,0.0,0.0,Current,0,,0.0,,REVIEW,0.8
LN003304,10,0.0,0.0,0.0,0.0,Current,0,,0.0,,REVIEW,0.8
LN003304,11,0.0,0.0,0.0,0.0,Current,0,,0.0,,REVIEW,0.8
LN003304,12,0.0,0.0,0.0,0.0,Current,0,,0.0,,REVIEW,0.8
LN003304,13,0.0,0.0,0.0,0.0,Current,0,,0.0,,REVIEW,0.8
LN003304,14,0.0,0.0,0.0,0.0,Current,0,,0.0,,REVIEW,0.8
LN003304,15,0.0,0.0,0.0,0.0,Current,0,,0.0,,REVIEW,0.8
LN003304,16,0.0,0.0,0.0,0.0,Current,0,,0.0,,REVIEW,0.8
LN003304,17,0.0,0.0,0.0,0.0,Current,0,,0.0,,REVIEW,0.8
LN003304,18,0.0,0.0,0.0,0.0,Current,0,,0.0,,REVIEW,0.8
LN003304,19,0.0,0.0,0.0,0.0,Current,0,,0.0,,REVIEW,0.8
LN003304,20,0.0,0.0,0.0,0.0,Current,0,,0.0,,REVIEW,0.8
LN003304,21,0.0,0.0,0.0,0.0,Current,0,,0.0,,REVIEW,0.8
LN003304,22,0.0,0.0,0.0,0.0,Current,0,,0.0,,REVIEW,0.8
LN003304,23,0.0,0.0,0.0,0.0,Current,0,,0.0,,REVIEW,0.8
LN003304,24,0.0,0.0,0.0,0.0,Current,0,,0.0,,REVIEW,0.8
LN003305,1,0.0,0.0,0.0,0.0,Current,0,,0.0,,REVIEW,0.8
LN003305,2,0.0,0.0,0.0,0.0,Current,0,,0.0,,REVIEW,0.8
LN003305,3,0.0,0.0,0.0,0.0,Current,0,,0.0,,REVIEW,0.8
LN003305,4,0.0,0.0,0.0,0.0,Current,0,,0.0,,REVIEW,0.8
LN003305,5,0.0,0.0,0.0,0.0,Current,0,,0.0,,REVIEW,0.8
LN003305,6,0.0,0.0,0.0,0.0,Current,0,,0.0,,REVIEW,0.8
LN003305,7,0.0,0.0,0.0,0.0,Current,0,,0.0,,REVIEW,0.8
LN003305,8,0.0,0.0,0.0,0.0,Current,0,,0.0,,REVIEW,0.8
LN003305,9,0.0,0.0,0.0,0.0,Current,0,,0.0,,REVIEW,0.8
LN003305,10,0.0,0.0,0.0,0.0,Current,0,,0.0,,REVIEW,0.8
LN003305,11,0.0,0.0,0.0,0.0,Current,0,,0.0,,REVIEW,0.8
LN003305,12,0.0,0.0,0.0,0.0,Current,0,,0.0,,REVIEW,0.8
LN003305,13,0.0,0.0,0.0,0.0,Current,0,,0.0,,REVIEW,0.8
LN003305,14,0.0,0.0,0.0,0.0,Current,0,,0.0,,REVIEW,0.8
LN003305,15,0.0,0.0,0.0,0.0,Current,0,,0.0,,REVIEW,0.8
LN003305,16,0.0,0.0,0.0,0.0,Current,0,,0.0,,REVIEW,0.8
LN003305,17,0.0,0.0,0.0,0.0,Current,0,,0.0,,REVIEW,0.8
LN003305,18,0.0,0.0,0.0,0.0,Current,0,,0.0,,REVIEW,0.8
LN003305,19,0.0,0.0,0.0,0.0,Current,0,,0.0,,REVIEW,0.8
LN003305,20,0.0,0.0,0.0,0.0,Current,0,,0.0,,REVIEW,0.8
LN003305,21,0.0,0.0,0.0,0.0,Current,0,,0.0,,REVIEW,0.8
LN003305,22,0.0,0.0,0.0,0.0,Current,0,,0.0,,REVIEW,0.8
LN003305,23,0.0,0.0,0.0,0.0,Current,0,,0.0,,REVIEW,0.8
LN003305,24,0.0,0.0,0.0,0.0,Current,0,,0.0,,REVIEW,0.8
LN003306,1,0.0,0.0,0.0,0.0,Current,0,,0.0,,REVIEW,0.8
LN003306,2,0.0,0.0,0.0,0.0,Current,0,,0.0,,REVIEW,0.8
LN003306,3,0.0,0.0,0.0,0.0,Current,0,,0.0,,REVIEW,0.8
LN003306,4,0.0,0.0,0.0,0.0,Current,0,,0.0,,REVIEW,0.8
LN003306,5,0.0,0.0,0.0,0.0,Current,0,,0.0,,REVIEW,0.8
LN003306,6,0.0,0.0,0.0,0.0,Current,0,,0.0,,REVIEW,0.8
LN003306,7,0.0,0.0,0.0,0.0,Current,0,,0.0,,REVIEW,0.8
LN003306,8,0.0,0.0,0.0,0.0,Current,0,,0.0,,REVIEW,0.8
LN003306,9,0.0,0.0,0.0,0.0,Current,0,,0.0,,REVIEW,0.8
LN003306,10,0.0,0.0,0.0,0.0,Current,0,,0.0,,REVIEW,0.8
LN003306,11,0.0,0.0,0.0,0.0,Current,0,,0.0,,REVIEW,0.8
LN003306,12,0.0,0.0,0.0,0.0,Current,0,,0.0,,REVIEW,0.8
LN003306,13,0.0,0.0,0.0,0.0,Current,0,,0.0,,REVIEW,0.8
LN003306,14,0.0,0.0,0.0,0.0,Current,0,,0.0,,REVIEW,0.8
LN003306,15,0.0,0.0,0.0,0.0,Current,0,,0.0,,REVIEW,0.8
LN003306,16,0.0,0.0,0.0,0.0,Current,0,,0.0,,REVIEW,0.8
LN003306,17,0.0,0.0,0.0,0.0,Current,0,,0.0,,REVIEW,0.8
LN003306,18,0.0,0.0,0.0,0.0,Current,0,,0.0,,REVIEW,0.8
LN003306,19,0.0,0.0,0.0,0.0,Current,0,,0.0,,REVIEW,0.8
LN003306,20,0.0,0.0,0.0,0.0,Current,0,,0.0,,REVIEW,0.8
LN003306,21,0.0,0.0,0.0,0.0,Current,0,,0.0,,REVIEW,0.8
LN003306,22,0.0,0.0,0.0,0.0,Current,0,,0.0,,REVIEW,0.8
LN003306,23,0.0,0.0,0.0,0.0,Current,0,,0.0,,REVIEW,0.8
LN003306,24,0.0,0.0,0.0,0.0,Current,0,,0.0,,REVIEW,0.8
LN003307,1,0.0,0.0,0.0,0.0,Current,0,,0.0,,REVIEW,0.8
LN003307,2,0.0,0.0,0.0,0.0,Current,0,,0.0,,REVIEW,0.8
LN003307,3,0.0,0.0,0.0,0.0,Current,0,,0.0,,REVIEW,0.8
LN003307,4,0.0,0.0,0.0,0.0,Current,0,,0.0,,REVIEW,0.8
LN003307,5,0.0,0.0,0.0,0.0,Current,0,,0.0,,REVIEW,0.8
LN003307,6,0.0,0.0,0.0,0.0,Current,0,,0.0,,REVIEW,0.8
LN003307,7,0.0,0.0,0.0,0.0,Current,0,,0.0,,REVIEW,0.8
LN003307,8,0.0,0.0,0.0,0.0,Current,0,,0.0,,REVIEW,0.8
LN003307,9,0.0,0.0,0.0,0.0,Current,0,,0.0,,REVIEW,0.8
LN003307,10,0.0,0.0,0.0,0.0,Current,0,,0.0,,REVIEW,0.8
LN003307,11,0.0,0.0,0.0,0.0,Current,0,,0.0,,REVIEW,0.8
LN003307,12,0.0,0.0,0.0,0.0,Current,0,,0.0,,REVIEW,0.8
LN003307,13,0.0,0.0,0.0,0.0,Current,0,,0.0,,REVIEW,0.8
LN003307,14,0.0,0.0,0.0,0.0,Current,0,,0.0,,REVIEW,0.8
LN003307,15,0.0,0.0,0.0,0.0,Current,0,,0.0,,REVIEW,0.8
LN003307,16,0.0,0.0,0.0,0.0,Current,0,,0.0,,REVIEW,0.8
LN003307,17,0.0,0.0,0.0,0.0,Current,0,,0.0,,REVIEW,0.8
LN003307,18,0.0,0.0,0.0,0.0,Current,0,,0.0,,REVIEW,0.8
LN003307,19,0.0,0.0,0.0,0.0,Current,0,,0.0,,REVIEW,0.8
LN003307,20,0.0,0.0,0.0,0.0,Current,0,,0.0,,REVIEW,0.8
LN003307,21,0.0,0.0,0.0,0.0,Current,0,,0.0,,REVIEW,0.8
LN003307,22,0.0,0.0,0.0,0.0,Current,0,,0.0,,REVIEW,0.8
LN003307,23,0.0,0.0,0.0,0.0,Current,0,,0.0,,REVIEW,0.8
LN003307,24,0.0,0.0,0.0,0.0,Current,0,,0.0,,REVIEW,0.8
LN003308,1,0.0,0.0,0.0,0.0,Current,0,,0.0,,REVIEW,0.8
LN003308,2,0.0,0.0,0.0,0.0,Current,0,,0.0,,REVIEW,0.8
LN003308,3,0.0,0.0,0.0,0.0,Current,0,,0.0,,REVIEW,0.8
LN003308,4,0.0,0.0,0.0,0.0,Current,0,,0.0,,REVIEW,0.8
LN003308,5,0.0,0.0,0.0,0.0,Current,0,,0.0,,REVIEW,0.8
LN003308,6,0.0,0.0,0.0,0.0,Current,0,,0.0,,REVIEW,0.8
LN003308,7,0.0,0.0,0.0,0.0,Current,0,,0.0,,REVIEW,0.8
LN003308,8,0.0,0.0,0.0,0.0,Current,0,,0.0,,REVIEW,0.8
LN003308,9,0.0,0.0,0.0,0.0,Current,0,,0.0,,REVIEW,0.8
LN003308,10,0.0,0.0,0.0,0.0,Current,0,,0.0,,REVIEW,0.8
LN003308,11,0.0,0.0,0.0,0.0,Current,0,,0.0,,REVIEW,0.8
LN003308,12,0.0,0.0,0.0,0.0,Current,0,,0.0,,REVIEW,0.8
LN003308,13,0.0,0.0,0.0,0.0,Current,0,,0.0,,REVIEW,0.8
LN003308,14,0.0,0.0,0.0,0.0,Current,0,,0.0,,REVIEW,0.8
LN003308,15,0.0,0.0,0.0,0.0,Current,0,,0.0,,REVIEW,0.8
LN003308,16,0.0,0.0,0.0,0.0,Current,0,,0.0,,REVIEW,0.8
LN003308,17,0.0,0.0,0.0,0.0,Current,0,,0.0,,REVIEW,0.8
LN003308,18,0.0,0.0,0.0,0.0,Current,0,,0.0,,REVIEW,0.8
LN003308,19,0.0,0.0,0.0,0.0,Current,0,,0.0,,REVIEW,0.8
LN003308,20,0.0,0.0,0.0,0.0,Current,0,,0.0,,REVIEW,0.8
LN003308,21,0.0,0.0,0.0,0.0,Current,0,,0.0,,REVIEW,0.8
LN003308,22,0.0,0.0,0.0,0.0,Current,0,,0.0,,REVIEW,0.8
LN003308,23,0.0,0.0,0.0,0.0,Current,0,,0.0,,REVIEW,0.8
LN003308,24,0.0,0.0,0.0,0.0,Current,0,,0.0,,REVIEW,0.8
LN003309,1,0.0,0.0,0.0,0.0,Current,0,,0.0,,REVIEW,0.8
LN003309,2,0.0,0.0,0.0,0.0,Current,0,,0.0,,REVIEW,0.8
LN003309,3,0.0,0.0,0.0,0.0,Current,0,,0.0,,REVIEW,0.8
LN003309,4,0.0,0.0,0.0,0.0,Current,0,,0.0,,REVIEW,0.8
LN003309,5,0.0,0.0,0.0,0.0,Current,0,,0.0,,REVIEW,0.8
LN003309,6,0.0,0.0,0.0,0.0,Current,0,,0.0,,REVIEW,0.8
LN003309,7,0.0,0.0,0.0,0.0,Current,0,,0.0,,REVIEW,0.8
LN003310,1,0.0,0.0,0.0,0.0,Current,0,,0.0,,REVIEW,0.8
LN003310,2,0.0,0.0,0.0,0.0,Current,0,,0.0,,REVIEW,0.8
LN003310,3,0.0,0.0,0.0,0.0,Current,0,,0.0,,REVIEW,0.8
LN003311,1,0.0,0.0,0.0,0.0,Current,0,,0.0,,REVIEW,0.8
LN003311,2,0.0,0.0,0.0,0.0,Current,0,,0.0,,REVIEW,0.8
LN003311,3,0.0,0.0,0.0,0.0,Current,0,,0.0,,REVIEW,0.8
LN003312,1,0.0,0.0,0.0,0.0,Current,0,,0.0,,REVIEW,0.8
LN003312,2,0.0,0.0,0.0,0.0,Current,0,,0.0,,REVIEW,0.8
LN003312,3,0.0,0.0,0.0,0.0,Current,0,,0.0,,REVIEW,0.8
LN003312,4,0.0,0.0,0.0,0.0,Current,0,,0.0,,REVIEW,0.8
LN003312,5,0.0,0.0,0.0,0.0,Current,0,,0.0,,REVIEW,0.8
LN003312,6,0.0,0.0,0.0,0.0,Current,0,,0.0,,REVIEW,0.8
LN003312,7,0.0,0.0,0.0,0.0,Current,0,,0.0,,REVIEW,0.8
LN003312,8,0.0,0.0,0.0,0.0,Current,0,,0.0,,REVIEW,0.8
LN003312,9,0.0,0.0,0.0,0.0,Current,0,,0.0,,REVIEW,0.8
LN003312,10,0.0,0.0,0.0,0.0,Current,0,,0.0,,REVIEW,0.8
LN003312,11,0.0,0.0,0.0,0.0,Current,0,,0.0,,REVIEW,0.8
LN003312,12,0.0,0.0,0.0,0.0,Current,0,,0.0,,REVIEW,0.8
LN003312,13,0.0,0.0,0.0,0.0,Current,0,,0.0,,REVIEW,0.8
LN003312,14,0.0,0.0,0.0,0.0,Current,0,,0.0,,REVIEW,0.8
LN003312,15,0.0,0.0,0.0,0.0,Current,0,,0.0,,REVIEW,0.8
LN003312,16,0.0,0.0,0.0,0.0,Current,0,,0.0,,REVIEW,0.8
LN003312,17,0.0,0.0,0.0,0.0,Current,0,,0.0,,REVIEW,0.8
LN003312,18,0.0,0.0,0.0,0.0,Current,0,,0.0,,REVIEW,0.8
LN003312,19,0.0,0.0,0.0,0.0,Current,0,,0.0,,REVIEW,0.8
LN003312,20,0.0,0.0,0.0,0.0,Current,0,,0.0,,REVIEW,0.8
LN003312,21,0.0,0.0,0.0,0.0,Current,0,,0.0,,REVIEW,0.8
LN003312,22,0.0,0.0,0.0,0.0,Current,0,,0.0,,REVIEW,0.8
LN003312,23,0.0,0.0,0.0,0.0,Current,0,,0.0,,REVIEW,0.8
LN003312,24,0.0,0.0,0.0,0.0,Current,0,,0.0,,REVIEW,0.8
LN003313,1,0.0,0.0,0.0,0.0,Current,0,,0.0,,REVIEW,0.8
LN003313,2,0.0,0.0,0.0,0.0,Current,0,,0.0,,REVIEW,0.8
LN003313,3,0.0,0.0,0.0,0.0,Current,0,,0.0,,REVIEW,0.8
LN003313,4,0.0,0.0,0.0,0.0,Current,0,,0.0,,REVIEW,0.8
LN003313,5,0.0,0.0,0.0,0.0,Current,0,,0.0,,REVIEW,0.8
LN003313,6,0.0,0.0,0.0,0.0,Current,0,,0.0,,REVIEW,0.8
LN003313,7,0.0,0.0,0.0,0.0,Current,0,,0.0,,REVIEW,0.8
LN003313,8,0.0,0.0,0.0,0.0,Current,0,,0.0,,REVIEW,0.8
LN003313,9,0.0,0.0,0.0,0.0,Current,0,,0.0,,REVIEW,0.8
LN003313,10,0.0,0.0,0.0,0.0,Current,0,,0.0,,REVIEW,0.8
LN003313,11,0.0,0.0,0.0,0.0,Current,0,,0.0,,REVIEW,0.8
LN003313,12,0.0,0.0,0.0,0.0,Current,0,,0.0,,REVIEW,0.8
LN003313,13,0.0,0.0,0.0,0.0,Current,0,,0.0,,REVIEW,0.8
LN003313,14,0.0,0.0,0.0,0.0,Current,0,,0.0,,REVIEW,0.8
LN003313,15,0.0,0.0,0.0,0.0,Current,0,,0.0,,REVIEW,0.8
LN003313,16,0.0,0.0,0.0,0.0,Current,0,,0.0,,REVIEW,0.8
LN003313,17,0.0,0.0,0.0,0.0,Current,0,,0.0,,REVIEW,0.8
LN003313,18,0.0,0.0,0.0,0.0,Current,0,,0.0,,REVIEW,0.8
LN003313,19,0.0,0.0,0.0,0.0,Current,0,,0.0,,REVIEW,0.8
LN003313,20,0.0,0.0,0.0,0.0,Current,0,,0.0,,REVIEW,0.8
LN003313,21,0.0,0.0,0.0,0.0,Current,0,,0.0,,REVIEW,0.8
LN003313,22,0.0,0.0,0.0,0.0,Current,0,,0.0,,REVIEW,0.8
LN003313,23,0.0,0.0,0.0,0.0,Current,0,,0.0,,REVIEW,0.8
LN003313,24,0.0,0.0,0.0,0.0,Current,0,,0.0,,REVIEW,0.8
LN003314,1,0.0,0.0,0.0,0.0,Current,0,,0.0,,REVIEW,0.8
LN003314,2,0.0,0.0,0.0,0.0,Current,0,,0.0,,REVIEW,0.8
LN003314,3,0.0,0.0,0.0,0.0,Current,0,,0.0,,REVIEW,0.8
LN003314,4,0.0,0.0,0.0,0.0,Current,0,,0.0,,REVIEW,0.8
LN003314,5,0.0,0.0,0.0,0.0,Current,0,,0.0,,REVIEW,0.8
LN003314,6,0.0,0.0,0.0,0.0,Current,0,,0.0,,REVIEW,0.8
LN003314,7,0.0,0.0,0.0,0.0,Current,0,,0.0,,REVIEW,0.8
LN003315,1,0.0,0.0,0.0,0.0,Current,0,,0.0,,REVIEW,0.8
LN003315,2,0.0,0.0,0.0,0.0,Current,0,,0.0,,REVIEW,0.8
LN003315,3,0.0,0.0,0.0,0.0,Current,0,,0.0,,REVIEW,0.8
LN003315,4,0.0,0.0,0.0,0.0,Current,0,,0.0,,REVIEW,0.8
LN003315,5,0.0,0.0,0.0,0.0,Current,0,,0.0,,REVIEW,0.8
LN003315,6,0.0,0.0,0.0,0.0,Current,0,,0.0,,REVIEW,0.8
LN003315,7,0.0,0.0,0.0,0.0,Current,0,,0.0,,REVIEW,0.8
LN003315,8,0.0,0.0,0.0,0.0,Current,0,,0.0,,REVIEW,0.8
LN003315,9,0.0,0.0,0.0,0.0,Current,0,,0.0,,REVIEW,0.8
LN003315,10,0.0,0.0,0.0,0.0,Current,0,,0.0,,REVIEW,0.8
LN003315,11,0.0,0.0,0.0,0.0,Current,0,,0.0,,REVIEW,0.8
LN003315,12,0.0,0.0,0.0,0.0,Current,0,,0.0,,REVIEW,0.8
LN003315,13,0.0,0.0,0.0,0.0,Current,0,,0.0,,REVIEW,0.8
LN003316,1,0.0,0.0,0.0,0.0,Current,0,,0.0,,REVIEW,0.8
LN003316,2,0.0,0.0,0.0,0.0,Current,0,,0.0,,REVIEW,0.8
LN003316,3,0.0,0.0,0.0,0.0,Current,0,,0.0,,REVIEW,0.8
LN003316,4,0.0,0.0,0.0,0.0,Current,0,,0.0,,REVIEW,0.8
LN003316,5,0.0,0.0,0.0,0.0,Current,0,,0.0,,REVIEW,0.8
LN003316,6,0.0,0.0,0.0,0.0,Current,0,,0.0,,REVIEW,0.8
LN003316,7,0.0,0.0,0.0,0.0,Current,0,,0.0,,REVIEW,0.8
LN003316,8,0.0,0.0,0.0,0.0,Current,0,,0.0,,REVIEW,0.8
LN003316,9,0.0,0.0,0.0,0.0,Current,0,,0.0,,REVIEW,0.8
LN003316,10,0.0,0.0,0.0,0.0,Current,0,,0.0,,REVIEW,0.8
LN003316,11,0.0,0.0,0.0,0.0,Current,0,,0.0,,REVIEW,0.8
LN003316,12,0.0,0.0,0.0,0.0,Current,0,,0.0,,REVIEW,0.8
LN003316,13,0.0,0.0,0.0,0.0,Current,0,,0.0,,REVIEW,0.8
LN003316,14,0.0,0.0,0.0,0.0,Current,0,,0.0,,REVIEW,0.8
LN003316,15,0.0,0.0,0.0,0.0,Current,0,,0.0,,REVIEW,0.8
LN003316,16,0.0,0.0,0.0,0.0,Current,0,,0.0,,REVIEW,0.8
LN003316,17,0.0,0.0,0.0,0.0,Current,0,,0.0,,REVIEW,0.8
LN003316,18,0.0,0.0,0.0,0.0,Current,0,,0.0,,REVIEW,0.8
LN003316,19,0.0,0.0,0.0,0.0,Current,0,,0.0,,REVIEW,0.8
LN003316,20,0.0,0.0,0.0,0.0,Current,0,,0.0,,REVIEW,0.8
LN003316,21,0.0,0.0,0.0,0.0,Current,0,,0.0,,REVIEW,0.8
LN003316,22,0.0,0.0,0.0,0.0,Current,0,,0.0,,REVIEW,0.8
LN003316,23,0.0,0.0,0.0,0.0,Current,0,,0.0,,REVIEW,0.8
LN003316,24,0.0,0.0,0.0,0.0,Current,0,,0.0,,REVIEW,0.8
LN003317,1,0.0,0.0,0.0,0.0,Current,0,,0.0,,REVIEW,0.8
LN003317,2,0.0,0.0,0.0,0.0,Current,0,,0.0,,REVIEW,0.8
LN003317,3,0.0,0.0,0.0,0.0,Current,0,,0.0,,REVIEW,0.8
LN003317,4,0.0,0.0,0.0,0.0,Current,0,,0.0,,REVIEW,0.8
LN003317,5,0.0,0.0,0.0,0.0,Current,0,,0.0,,REVIEW,0.8
LN003317,6,0.0,0.0,0.0,0.0,Current,0,,0.0,,REVIEW,0.8
LN003317,7,0.0,0.0,0.0,0.0,Current,0,,0.0,,REVIEW,0.8
LN003317,8,0.0,0.0,0.0,0.0,Current,0,,0.0,,REVIEW,0.8
LN003317,9,0.0,0.0,0.0,0.0,Current,0,,0.0,,REVIEW,0.8
LN003317,10,0.0,0.0,0.0,0.0,Current,0,,0.0,,REVIEW,0.8
LN003317,11,0.0,0.0,0.0,0.0,Current,0,,0.0,,REVIEW,0.8
LN003317,12,0.0,0.0,0.0,0.0,Current,0,,0.0,,REVIEW,0.8
LN003317,13,0.0,0.0,0.0,0.0,Current,0,,0.0,,REVIEW,0.8
LN003317,14,0.0,0.0,0.0,0.0,Current,0,,0.0,,REVIEW,0.8
LN003317,15,0.0,0.0,0.0,0.0,Current,0,,0.0,,REVIEW,0.8
LN003317,16,0.0,0.0,0.0,0.0,Current,0,,0.0,,REVIEW,0.8
LN003317,17,0.0,0.0,0.0,0.0,Current,0,,0.0,,REVIEW,0.8
LN003317,18,0.0,0.0,0.0,0.0,Current,0,,0.0,,REVIEW,0.8
LN003317,19,0.0,0.0,0.0,0.0,Current,0,,0.0,,REVIEW,0.8
LN003317,20,0.0,0.0,0.0,0.0,Current,0,,0.0,,REVIEW,0.8
LN003317,21,0.0,0.0,0.0,0.0,Current,0,,0.0,,REVIEW,0.8
LN003317,22,0.0,0.0,0.0,0.0,Current,0,,0.0,,REVIEW,0.8
LN003317,23,0.0,0.0,0.0,0.0,Current,0,,0.0,,REVIEW,0.8
LN003317,24,0.0,0.0,0.0,0.0,Current,0,,0.0,,REVIEW,0.8
LN003318,1,0.0,0.0,0.0,0.0,Current,0,,0.0,,REVIEW,0.8
LN003318,2,0.0,0.0,0.0,0.0,Current,0,,0.0,,REVIEW,0.8
LN003318,3,0.0,0.0,0.0,0.0,Current,0,,0.0,,REVIEW,0.8
LN003318,4,0.0,0.0,0.0,0.0,Current,0,,0.0,,REVIEW,0.8
LN003318,5,0.0,0.0,0.0,0.0,Current,0,,0.0,,REVIEW,0.8
LN003318,6,0.0,0.0,0.0,0.0,Current,0,,0.0,,REVIEW,0.8
LN003318,7,0.0,0.0,0.0,0.0,Current,0,,0.0,,REVIEW,0.8
LN003318,8,0.0,0.0,0.0,0.0,Current,0,,0.0,,REVIEW,0.8
LN003318,9,0.0,0.0,0.0,0.0,Current,0,,0.0,,REVIEW,0.8
LN003318,10,0.0,0.0,0.0,0.0,Current,0,,0.0,,REVIEW,0.8
LN003318,11,0.0,0.0,0.0,0.0,Current,0,,0.0,,REVIEW,0.8
LN003318,12,0.0,0.0,0.0,0.0,Current,0,,0.0,,REVIEW,0.8
LN003318,13,0.0,0.0,0.0,0.0,Current,0,,0.0,,REVIEW,0.8
LN003318,14,0.0,0.0,0.0,0.0,Current,0,,0.0,,REVIEW,0.8
LN003318,15,0.0,0.0,0.0,0.0,Current,0,,0.0,,REVIEW,0.8
LN003318,16,0.0,0.0,0.0,0.0,Current,0,,0.0,,REVIEW,0.8
LN003318,17,0.0,0.0,0.0,0.0,Current,0,,0.0,,REVIEW,0.8
LN003318,18,0.0,0.0,0.0,0.0,Current,0,,0.0,,REVIEW,0.8
LN003318,19,0.0,0.0,0.0,0.0,Current,0,,0.0,,REVIEW,0.8
LN003318,20,0.0,0.0,0.0,0.0,Current,0,,0.0,,REVIEW,0.8
LN003318,21,0.0,0.0,0.0,0.0,Current,0,,0.0,,REVIEW,0.8
LN003318,22,0.0,0.0,0.0,0.0,Current,0,,0.0,,REVIEW,0.8
LN003318,23,0.0,0.0,0.0,0.0,Current,0,,0.0,,REVIEW,0.8
LN003318,24,0.0,0.0,0.0,0.0,Current,0,,0.0,,REVIEW,0.8
LN003319,1,0.0,0.0,0.0,0.0,Current,0,,0.0,,REVIEW,0.8
LN003319,2,0.0,0.0,0.0,0.0,Current,0,,0.0,,REVIEW,0.8
LN003319,3,0.0,0.0,0.0,0.0,Current,0,,0.0,,REVIEW,0.8
LN003319,4,0.0,0.0,0.0,0.0,Current,0,,0.0,,REVIEW,0.8
LN003319,5,0.0,0.0,0.0,0.0,Current,0,,0.0,,REVIEW,0.8
LN003319,6,0.0,0.0,0.0,0.0,Current,0,,0.0,,REVIEW,0.8
LN003319,7,0.0,0.0,0.0,0.0,Current,0,,0.0,,REVIEW,0.8
LN003320,1,0.0,0.0,0.0,0.0,Current,0,,0.0,,REVIEW,0.8
LN003320,2,0.0,0.0,0.0,0.0,Current,0,,0.0,,REVIEW,0.8
LN003320,3,0.0,0.0,0.0,0.0,Current,0,,0.0,,REVIEW,0.8
LN003320,4,0.0,0.0,0.0,0.0,Current,0,,0.0,,REVIEW,0.8
LN003320,5,0.0,0.0,0.0,0.0,Current,0,,0.0,,REVIEW,0.8
LN003320,6,0.0,0.0,0.0,0.0,Current,0,,0.0,,REVIEW,0.8
LN003320,7,0.0,0.0,0.0,0.0,Current,0,,0.0,,REVIEW,0.8
LN003320,8,0.0,0.0,0.0,0.0,Current,0,,0.0,,REVIEW,0.8
LN003320,9,0.0,0.0,0.0,0.0,Current,0,,0.0,,REVIEW,0.8
LN003320,10,0.0,0.0,0.0,0.0,Current,0,,0.0,,REVIEW,0.8
LN003320,11,0.0,0.0,0.0,0.0,Current,0,,0.0,,REVIEW,0.8
LN003320,12,0.0,0.0,0.0,0.0,Current,0,,0.0,,REVIEW,0.8
LN003320,13,0.0,0.0,0.0,0.0,Current,0,,0.0,,REVIEW,0.8
LN003320,14,0.0,0.0,0.0,0.0,Current,0,,0.0,,REVIEW,0.8
LN003320,15,0.0,0.0,0.0,0.0,Current,0,,0.0,,REVIEW,0.8
LN003320,16,0.0,0.0,0.0,0.0,Current,0,,0.0,,REVIEW,0.8
LN003320,17,0.0,0.0,0.0,0.0,Current,0,,0.0,,REVIEW,0.8
LN003320,18,0.0,0.0,0.0,0.0,Current,0,,0.0,,REVIEW,0.8
LN003320,19,0.0,0.0,0.0,0.0,Current,0,,0.0,,REVIEW,0.8
LN003320,20,0.0,0.0,0.0,0.0,Current,0,,0.0,,REVIEW,0.8
LN003320,21,0.0,0.0,0.0,0.0,Current,0,,0.0,,REVIEW,0.8
LN003320,22,0.0,0.0,0.0,0.0,Current,0,,0.0,,REVIEW,0.8
LN003320,23,0.0,0.0,0.0,0.0,Current,0,,0.0,,REVIEW,0.8
LN003320,24,0.0,0.0,0.0,0.0,Current,0,,0.0,,REVIEW,0.8
LN003321,1,0.0,0.0,0.0,0.0,Current,0,,0.0,,REVIEW,0.8
LN003321,2,0.0,0.0,0.0,0.0,Current,0,,0.0,,REVIEW,0.8
LN003321,3,0.0,0.0,0.0,0.0,Current,0,,0.0,,REVIEW,0.8
LN003321,4,0.0,0.0,0.0,0.0,Current,0,,0.0,,REVIEW,0.8
LN003321,5,0.0,0.0,0.0,0.0,Current,0,,0.0,,REVIEW,0.8
LN003321,6,0.0,0.0,0.0,0.0,Current,0,,0.0,,REVIEW,0.8
LN003321,7,0.0,0.0,0.0,0.0,Current,0,,0.0,,REVIEW,0.8
LN003321,8,0.0,0.0,0.0,0.0,Current,0,,0.0,,REVIEW,0.8
LN003321,9,0.0,0.0,0.0,0.0,Current,0,,0.0,,REVIEW,0.8
LN003321,10,0.0,0.0,0.0,0.0,Current,0,,0.0,,REVIEW,0.8
LN003321,11,0.0,0.0,0.0,0.0,Current,0,,0.0,,REVIEW,0.8
LN003321,12,0.0,0.0,0.0,0.0,Current,0,,0.0,,REVIEW,0.8
LN003321,13,0.0,0.0,0.0,0.0,Current,0,,0.0,,REVIEW,0.8
LN003321,14,0.0,0.0,0.0,0.0,Current,0,,0.0,,REVIEW,0.8
LN003321,15,0.0,0.0,0.0,0.0,Current,0,,0.0,,REVIEW,0.8
LN003321,16,0.0,0.0,0.0,0.0,Current,0,,0.0,,REVIEW,0.8
LN003321,17,0.0,0.0,0.0,0.0,Current,0,,0.0,,REVIEW,0.8
LN003321,18,0.0,0.0,0.0,0.0,Current,0,,0.0,,REVIEW,0.8
LN003322,1,0.0,0.0,0.0,0.0,Current,0,,0.0,,REVIEW,0.8
LN003322,2,0.0,0.0,0.0,0.0,Current,0,,0.0,,REVIEW,0.8
LN003322,3,0.0,0.0,0.0,0.0,Current,0,,0.0,,REVIEW,0.8
LN003322,4,0.0,0.0,0.0,0.0,Current,0,,0.0,,REVIEW,0.8
LN003322,5,0.0,0.0,0.0,0.0,Current,0,,0.0,,REVIEW,0.8
LN003322,6,0.0,0.0,0.0,0.0,Current,0,,0.0,,REVIEW,0.8
LN003322,7,0.0,0.0,0.0,0.0,Current,0,,0.0,,REVIEW,0.8
LN003322,8,0.0,0.0,0.0,0.0,Current,0,,0.0,,REVIEW,0.8
LN003322,9,0.0,0.0,0.0,0.0,Current,0,,0.0,,REVIEW,0.8
LN003322,10,0.0,0.0,0.0,0.0,Current,0,,0.0,,REVIEW,0.8
LN003322,11,0.0,0.0,0.0,0.0,Current,0,,0.0,,REVIEW,0.8
LN003322,12,0.0,0.0,0.0,0.0,Current,0,,0.0,,REVIEW,0.8
LN003322,13,0.0,0.0,0.0,0.0,Current,0,,0.0,,REVIEW,0.8
LN003322,14,0.0,0.0,0.0,0.0,Current,0,,0.0,,REVIEW,0.8
LN003322,15,0.0,0.0,0.0,0.0,Current,0,,0.0,,REVIEW,0.8
LN003322,16,0.0,0.0,0.0,0.0,Current,0,,0.0,,REVIEW,0.8
LN003322,17,0.0,0.0,0.0,0.0,Current,0,,0.0,,REVIEW,0.8
LN003322,18,0.0,0.0,0.0,0.0,Current,0,,0.0,,REVIEW,0.8
LN003322,19,0.0,0.0,0.0,0.0,Current,0,,0.0,,REVIEW,0.8
LN003322,20,0.0,0.0,0.0,0.0,Current,0,,0.0,,REVIEW,0.8
LN003322,21,0.0,0.0,0.0,0.0,Current,0,,0.0,,REVIEW,0.8
LN003322,22,0.0,0.0,0.0,0.0,Current,0,,0.0,,REVIEW,0.8
LN003322,23,0.0,0.0,0.0,0.0,Current,0,,0.0,,REVIEW,0.8
LN003322,24,0.0,0.0,0.0,0.0,Current,0,,0.0,,REVIEW,0.8
LN003323,1,0.0,0.0,0.0,0.0,Current,0,,0.0,,REVIEW,0.8
LN003323,2,0.0,0.0,0.0,0.0,Current,0,,0.0,,REVIEW,0.8
LN003323,3,0.0,0.0,0.0,0.0,Current,0,,0.0,,REVIEW,0.8
LN003323,4,0.0,0.0,0.0,0.0,Current,0,,0.0,,REVIEW,0.8
LN003323,5,0.0,0.0,0.0,0.0,Current,0,,0.0,,REVIEW,0.8
LN003323,6,0.0,0.0,0.0,0.0,Current,0,,0.0,,REVIEW,0.8
LN003323,7,0.0,0.0,0.0,0.0,Current,0,,0.0,,REVIEW,0.8
LN003323,8,0.0,0.0,0.0,0.0,Current,0,,0.0,,REVIEW,0.8
LN003323,9,0.0,0.0,0.0,0.0,Current,0,,0.0,,REVIEW,0.8
LN003323,10,0.0,0.0,0.0,0.0,Current,0,,0.0,,REVIEW,0.8
LN003323,11,0.0,0.0,0.0,0.0,Current,0,,0.0,,REVIEW,0.8
LN003323,12,0.0,0.0,0.0,0.0,Current,0,,0.0,,REVIEW,0.8
LN003323,13,0.0,0.0,0.0,0.0,Current,0,,0.0,,REVIEW,0.8
LN003323,14,0.0,0.0,0.0,0.0,Current,0,,0.0,,REVIEW,0.8
LN003323,15,0.0,0.0,0.0,0.0,Current,0,,0.0,,REVIEW,0.8
LN003323,16,0.0,0.0,0.0,0.0,Current,0,,0.0,,REVIEW,0.8
LN003323,17,0.0,0.0,0.0,0.0,Current,0,,0.0,,REVIEW,0.8
LN003323,18,0.0,0.0,0.0,0.0,Current,0,,0.0,,REVIEW,0.8
LN003323,19,0.0,0.0,0.0,0.0,Current,0,,0.0,,REVIEW,0.8
LN003323,20,0.0,0.0,0.0,0.0,Current,0,,0.0,,REVIEW,0.8
LN003323,21,0.0,0.0,0.0,0.0,Current,0,,0.0,,REVIEW,0.8
LN003323,22,0.0,0.0,0.0,0.0,Current,0,,0.0,,REVIEW,0.8
LN003323,23,0.0,0.0,0.0,0.0,Current,0,,0.0,,REVIEW,0.8
LN003323,24,0.0,0.0,0.0,0.0,Current,0,,0.0,,REVIEW,0.8
LN003324,1,0.0,0.0,0.0,0.0,Current,0,,0.0,,REVIEW,0.8
LN003324,2,0.0,0.0,0.0,0.0,Current,0,,0.0,,REVIEW,0.8
LN003324,3,0.0,0.0,0.0,0.0,Current,0,,0.0,,REVIEW,0.8
LN003324,4,0.0,0.0,0.0,0.0,Current,0,,0.0,,REVIEW,0.8
LN003324,5,0.0,0.0,0.0,0.0,Current,0,,0.0,,REVIEW,0.8
LN003324,6,0.0,0.0,0.0,0.0,Current,0,,0.0,,REVIEW,0.8
LN003324,7,0.0,0.0,0.0,0.0,Current,0,,0.0,,REVIEW,0.8
LN003324,8,0.0,0.0,0.0,0.0,Current,0,,0.0,,REVIEW,0.8
LN003324,9,0.0,0.0,0.0,0.0,Current,0,,0.0,,REVIEW,0.8
LN003324,10,0.0,0.0,0.0,0.0,Current,0,,0.0,,REVIEW,0.8
LN003324,11,0.0,0.0,0.0,0.0,Current,0,,0.0,,REVIEW,0.8
LN003324,12,0.0,0.0,0.0,0.0,Current,0,,0.0,,REVIEW,0.8
LN003324,13,0.0,0.0,0.0,0.0,Current,0,,0.0,,REVIEW,0.8
LN003324,14,0.0,0.0,0.0,0.0,Current,0,,0.0,,REVIEW,0.8
LN003324,15,0.0,0.0,0.0,0.0,Current,0,,0.0,,REVIEW,0.8
LN003324,16,0.0,0.0,0.0,0.0,Current,0,,0.0,,REVIEW,0.8
LN003324,17,0.0,0.0,0.0,0.0,Current,0,,0.0,,REVIEW,0.8
LN003324,18,0.0,0.0,0.0,0.0,Current,0,,0.0,,REVIEW,0.8
LN003324,19,0.0,0.0,0.0,0.0,Current,0,,0.0,,REVIEW,0.8
LN003324,20,0.0,0.0,0.0,0.0,Current,0,,0.0,,REVIEW,0.8
LN003324,21,0.0,0.0,0.0,0.0,Current,0,,0.0,,REVIEW,0.8
LN003324,22,0.0,0.0,0.0,0.0,Current,0,,0.0,,REVIEW,0.8
LN003324,23,0.0,0.0,0.0,0.0,Current,0,,0.0,,REVIEW,0.8
LN003324,24,0.0,0.0,0.0,0.0,Current,0,,0.0,,REVIEW,0.8
LN003325,1,0.0,0.0,0.0,0.0,Current,0,,0.0,,REVIEW,0.8
LN003325,2,0.0,0.0,0.0,0.0,Current,0,,0.0,,REVIEW,0.8
LN003325,3,0.0,0.0,0.0,0.0,Current,0,,0.0,,REVIEW,0.8
LN003325,4,0.0,0.0,0.0,0.0,Current,0,,0.0,,REVIEW,0.8
LN003325,5,0.0,0.0,0.0,0.0,Current,0,,0.0,,REVIEW,0.8
LN003325,6,0.0,0.0,0.0,0.0,Current,0,,0.0,,REVIEW,0.8
LN003325,7,0.0,0.0,0.0,0.0,Current,0,,0.0,,REVIEW,0.8
LN003325,8,0.0,0.0,0.0,0.0,Current,0,,0.0,,REVIEW,0.8
LN003325,9,0.0,0.0,0.0,0.0,Current,0,,0.0,,REVIEW,0.8
LN003325,10,0.0,0.0,0.0,0.0,Current,0,,0.0,,REVIEW,0.8
LN003325,11,0.0,0.0,0.0,0.0,Current,0,,0.0,,REVIEW,0.8
LN003325,12,0.0,0.0,0.0,0.0,Current,0,,0.0,,REVIEW,0.8
LN003325,13,0.0,0.0,0.0,0.0,Current,0,,0.0,,REVIEW,0.8
LN003325,14,0.0,0.0,0.0,0.0,Current,0,,0.0,,REVIEW,0.8
LN003325,15,0.0,0.0,0.0,0.0,Current,0,,0.0,,REVIEW,0.8
LN003325,16,0.0,0.0,0.0,0.0,Current,0,,0.0,,REVIEW,0.8
LN003325,17,0.0,0.0,0.0,0.0,Current,0,,0.0,,REVIEW,0.8
LN003325,18,0.0,0.0,0.0,0.0,Current,0,,0.0,,REVIEW,0.8
LN003325,19,0.0,0.0,0.0,0.0,Current,0,,0.0,,REVIEW,0.8
LN003325,20,0.0,0.0,0.0,0.0,Current,0,,0.0,,REVIEW,0.8
LN003325,21,0.0,0.0,0.0,0.0,Current,0,,0.0,,REVIEW,0.8
LN003325,22,0.0,0.0,0.0,0.0,Current,0,,0.0,,REVIEW,0.8
LN003325,23,0.0,0.0,0.0,0.0,Current,0,,0.0,,REVIEW,0.8
LN003325,24,0.0,0.0,0.0,0.0,Current,0,,0.0,,REVIEW,0.8
LN003326,1,0.0,0.0,0.0,0.0,Current,0,,0.0,,REVIEW,0.8
LN003326,2,0.0,0.0,0.0,0.0,Current,0,,0.0,,REVIEW,0.8
LN003326,3,0.0,0.0,0.0,0.0,Current,0,,0.0,,REVIEW,0.8
LN003326,4,0.0,0.0,0.0,0.0,Current,0,,0.0,,REVIEW,0.8
LN003326,5,0.0,0.0,0.0,0.0,Current,0,,0.0,,REVIEW,0.8
LN003326,6,0.0,0.0,0.0,0.0,Current,0,,0.0,,REVIEW,0.8
LN003326,7,0.0,0.0,0.0,0.0,Current,0,,0.0,,REVIEW,0.8
LN003326,8,0.0,0.0,0.0,0.0,Current,0,,0.0,,REVIEW,0.8
LN003326,9,0.0,0.0,0.0,0.0,Current,0,,0.0,,REVIEW,0.8
LN003326,10,0.0,0.0,0.0,0.0,Current,0,,0.0,,REVIEW,0.8
LN003326,11,0.0,0.0,0.0,0.0,Current,0,,0.0,,REVIEW,0.8
LN003326,12,0.0,0.0,0.0,0.0,Current,0,,0.0,,REVIEW,0.8
LN003326,13,0.0,0.0,0.0,0.0,Current,0,,0.0,,REVIEW,0.8
LN003326,14,0.0,0.0,0.0,0.0,Current,0,,0.0,,REVIEW,0.8
LN003326,15,0.0,0.0,0.0,0.0,Current,0,,0.0,,REVIEW,0.8
LN003326,16,0.0,0.0,0.0,0.0,Current,0,,0.0,,REVIEW,0.8
LN003326,17,0.0,0.0,0.0,0.0,Current,0,,0.0,,REVIEW,0.8
LN003326,18,0.0,0.0,0.0,0.0,Current,0,,0.0,,REVIEW,0.8
LN003326,19,0.0,0.0,0.0,0.0,Current,0,,0.0,,REVIEW,0.8
LN003326,20,0.0,0.0,0.0,0.0,Current,0,,0.0,,REVIEW,0.8
LN003326,21,0.0,0.0,0.0,0.0,Current,0,,0.0,,REVIEW,0.8
LN003326,22,0.0,0.0,0.0,0.0,Current,0,,0.0,,REVIEW,0.8
LN003326,23,0.0,0.0,0.0,0.0,Current,0,,0.0,,REVIEW,0.8
LN003326,24,0.0,0.0,0.0,0.0,Current,0,,0.0,,REVIEW,0.8
LN003327,1,0.0,0.0,0.0,0.0,Current,0,,0.0,,REVIEW,0.8
LN003327,2,0.0,0.0,0.0,0.0,Current,0,,0.0,,REVIEW,0.8
LN003327,3,0.0,0.0,0.0,0.0,Current,0,,0.0,,REVIEW,0.8
LN003327,4,0.0,0.0,0.0,0.0,Current,0,,0.0,,REVIEW,0.8
LN003327,5,0.0,0.0,0.0,0.0,Current,0,,0.0,,REVIEW,0.8
LN003327,6,0.0,0.0,0.0,0.0,Current,0,,0.0,,REVIEW,0.8
LN003327,7,0.0,0.0,0.0,0.0,Current,0,,0.0,,REVIEW,0.8
LN003327,8,0.0,0.0,0.0,0.0,Current,0,,0.0,,REVIEW,0.8
LN003327,9,0.0,0.0,0.0,0.0,Current,0,,0.0,,REVIEW,0.8
LN003327,10,0.0,0.0,0.0,0.0,Current,0,,0.0,,REVIEW,0.8
LN003327,11,0.0,0.0,0.0,0.0,Current,0,,0.0,,REVIEW,0.8
LN003327,12,0.0,0.0,0.0,0.0,Current,0,,0.0,,REVIEW,0.8
LN003327,13,0.0,0.0,0.0,0.0,Current,0,,0.0,,REVIEW,0.8
LN003327,14,0.0,0.0,0.0,0.0,Current,0,,0.0,,REVIEW,0.8
LN003327,15,0.0,0.0,0.0,0.0,Current,0,,0.0,,REVIEW,0.8
LN003328,1,0.0,0.0,0.0,0.0,Current,0,,0.0,,REVIEW,0.8
LN003328,2,0.0,0.0,0.0,0.0,Current,0,,0.0,,REVIEW,0.8
LN003328,3,0.0,0.0,0.0,0.0,Current,0,,0.0,,REVIEW,0.8
LN003328,4,0.0,0.0,0.0,0.0,Current,0,,0.0,,REVIEW,0.8
LN003328,5,0.0,0.0,0.0,0.0,Current,0,,0.0,,REVIEW,0.8
LN003328,6,0.0,0.0,0.0,0.0,Current,0,,0.0,,REVIEW,0.8
LN003328,7,0.0,0.0,0.0,0.0,Current,0,,0.0,,REVIEW,0.8
LN003329,1,0.0,0.0,0.0,0.0,Current,0,,0.0,,REVIEW,0.8
LN003329,2,0.0,0.0,0.0,0.0,Current,0,,0.0,,REVIEW,0.8
LN003329,3,0.0,0.0,0.0,0.0,Current,0,,0.0,,REVIEW,0.8
LN003329,4,0.0,0.0,0.0,0.0,Current,0,,0.0,,REVIEW,0.8
LN003329,5,0.0,0.0,0.0,0.0,Current,0,,0.0,,REVIEW,0.8
LN003329,6,0.0,0.0,0.0,0.0,Current,0,,0.0,,REVIEW,0.8
LN003329,7,0.0,0.0,0.0,0.0,Current,0,,0.0,,REVIEW,0.8
LN003329,8,0.0,0.0,0.0,0.0,Current,0,,0.0,,REVIEW,0.8
LN003329,9,0.0,0.0,0.0,0.0,Current,0,,0.0,,REVIEW,0.8
LN003329,10,0.0,0.0,0.0,0.0,Current,0,,0.0,,REVIEW,0.8
LN003329,11,0.0,0.0,0.0,0.0,Current,0,,0.0,,REVIEW,0.8
LN003329,12,0.0,0.0,0.0,0.0,Current,0,,0.0,,REVIEW,0.8
LN003329,13,0.0,0.0,0.0,0.0,Current,0,,0.0,,REVIEW,0.8
LN003329,14,0.0,0.0,0.0,0.0,Current,0,,0.0,,REVIEW,0.8
LN003329,15,0.0,0.0,0.0,0.0,Current,0,,0.0,,REVIEW,0.8
LN003329,16,0.0,0.0,0.0,0.0,Current,0,,0.0,,REVIEW,0.8
LN003329,17,0.0,0.0,0.0,0.0,Current,0,,0.0,,REVIEW,0.8
LN003329,18,0.0,0.0,0.0,0.0,Current,0,,0.0,,REVIEW,0.8
LN003329,19,0.0,0.0,0.0,0.0,Current,0,,0.0,,REVIEW,0.8
LN003329,20,0.0,0.0,0.0,0.0,Current,0,,0.0,,REVIEW,0.8
LN003329,21,0.0,0.0,0.0,0.0,Current,0,,0.0,,REVIEW,0.8
LN003329,22,0.0,0.0,0.0,0.0,Current,0,,0.0,,REVIEW,0.8
LN003329,23,0.0,0.0,0.0,0.0,Current,0,,0.0,,REVIEW,0.8
LN003329,24,0.0,0.0,0.0,0.0,Current,0,,0.0,,REVIEW,0.8
LN003330,1,0.0,0.0,0.0,0.0,Current,0,,0.0,,REVIEW,0.8
LN003330,2,0.0,0.0,0.0,0.0,Current,0,,0.0,,REVIEW,0.8
LN003330,3,0.0,0.0,0.0,0.0,Current,0,,0.0,,REVIEW,0.8
LN003330,4,0.0,0.0,0.0,0.0,Current,0,,0.0,,REVIEW,0.8
LN003330,5,0.0,0.0,0.0,0.0,Current,0,,0.0,,REVIEW,0.8
LN003330,6,0.0,0.0,0.0,0.0,Current,0,,0.0,,REVIEW,0.8
LN003330,7,0.0,0.0,0.0,0.0,Current,0,,0.0,,REVIEW,0.8
LN003330,8,0.0,0.0,0.0,0.0,Current,0,,0.0,,REVIEW,0.8
LN003330,9,0.0,0.0,0.0,0.0,Current,0,,0.0,,REVIEW,0.8
LN003330,10,0.0,0.0,0.0,0.0,Current,0,,0.0,,REVIEW,0.8
LN003330,11,0.0,0.0,0.0,0.0,Current,0,,0.0,,REVIEW,0.8
LN003330,12,0.0,0.0,0.0,0.0,Current,0,,0.0,,REVIEW,0.8
LN003330,13,0.0,0.0,0.0,0.0,Current,0,,0.0,,REVIEW,0.8
LN003330,14,0.0,0.0,0.0,0.0,Current,0,,0.0,,REVIEW,0.8
LN003330,15,0.0,0.0,0.0,0.0,Current,0,,0.0,,REVIEW,0.8
LN003330,16,0.0,0.0,0.0,0.0,Current,0,,0.0,,REVIEW,0.8
LN003330,17,0.0,0.0,0.0,0.0,Current,0,,0.0,,REVIEW,0.8
LN003330,18,0.0,0.0,0.0,0.0,Current,0,,0.0,,REVIEW,0.8
LN003330,19,0.0,0.0,0.0,0.0,Current,0,,0.0,,REVIEW,0.8
LN003330,20,0.0,0.0,0.0,0.0,Current,0,,0.0,,REVIEW,0.8
LN003330,21,0.0,0.0,0.0,0.0,Current,0,,0.0,,REVIEW,0.8
LN003330,22,0.0,0.0,0.0,0.0,Current,0,,0.0,,REVIEW,0.8
LN003330,23,0.0,0.0,0.0,0.0,Current,0,,0.0,,REVIEW,0.8
LN003330,24,0.0,0.0,0.0,0.0,Current,0,,0.0,,REVIEW,0.8
LN003331,1,0.0,0.0,0.0,0.0,Current,0,,0.0,,REVIEW,0.8
LN003331,2,0.0,0.0,0.0,0.0,Current,0,,0.0,,REVIEW,0.8
LN003331,3,0.0,0.0,0.0,0.0,Current,0,,0.0,,REVIEW,0.8
LN003331,4,0.0,0.0,0.0,0.0,Current,0,,0.0,,REVIEW,0.8
LN003331,5,0.0,0.0,0.0,0.0,Current,0,,0.0,,REVIEW,0.8
LN003331,6,0.0,0.0,0.0,0.0,Current,0,,0.0,,REVIEW,0.8
LN003331,7,0.0,0.0,0.0,0.0,Current,0,,0.0,,REVIEW,0.8
LN003331,8,0.0,0.0,0.0,0.0,Current,0,,0.0,,REVIEW,0.8
LN003331,9,0.0,0.0,0.0,0.0,Current,0,,0.0,,REVIEW,0.8
LN003331,10,0.0,0.0,0.0,0.0,Current,0,,0.0,,REVIEW,0.8
LN003331,11,0.0,0.0,0.0,0.0,Current,0,,0.0,,REVIEW,0.8
LN003331,12,0.0,0.0,0.0,0.0,Current,0,,0.0,,REVIEW,0.8
LN003331,13,0.0,0.0,0.0,0.0,Current,0,,0.0,,REVIEW,0.8
LN003331,14,0.0,0.0,0.0,0.0,Current,0,,0.0,,REVIEW,0.8
LN003331,15,0.0,0.0,0.0,0.0,Current,0,,0.0,,REVIEW,0.8
LN003331,16,0.0,0.0,0.0,0.0,Current,0,,0.0,,REVIEW,0.8
LN003331,17,0.0,0.0,0.0,0.0,Current,0,,0.0,,REVIEW,0.8
LN003331,18,0.0,0.0,0.0,0.0,Current,0,,0.0,,REVIEW,0.8
LN003331,19,0.0,0.0,0.0,0.0,Current,0,,0.0,,REVIEW,0.8
LN003331,20,0.0,0.0,0.0,0.0,Current,0,,0.0,,REVIEW,0.8
LN003331,21,0.0,0.0,0.0,0.0,Current,0,,0.0,,REVIEW,0.8
LN003331,22,0.0,0.0,0.0,0.0,Current,0,,0.0,,REVIEW,0.8
LN003331,23,0.0,0.0,0.0,0.0,Current,0,,0.0,,REVIEW,0.8
LN003331,24,0.0,0.0,0.0,0.0,Current,0,,0.0,,REVIEW,0.8
LN003332,1,0.0,0.0,0.0,0.0,Current,0,,0.0,,REVIEW,0.8
LN003332,2,0.0,0.0,0.0,0.0,Current,0,,0.0,,REVIEW,0.8
LN003332,3,0.0,0.0,0.0,0.0,Current,0,,0.0,,REVIEW,0.8
LN003332,4,0.0,0.0,0.0,0.0,Current,0,,0.0,,REVIEW,0.8
LN003332,5,0.0,0.0,0.0,0.0,Current,0,,0.0,,REVIEW,0.8
LN003332,6,0.0,0.0,0.0,0.0,Current,0,,0.0,,REVIEW,0.8
LN003332,7,0.0,0.0,0.0,0.0,Current,0,,0.0,,REVIEW,0.8
LN003332,8,0.0,0.0,0.0,0.0,Current,0,,0.0,,REVIEW,0.8
LN003332,9,0.0,0.0,0.0,0.0,Current,0,,0.0,,REVIEW,0.8
LN003332,10,0.0,0.0,0.0,0.0,Current,0,,0.0,,REVIEW,0.8
LN003332,11,0.0,0.0,0.0,0.0,Current,0,,0.0,,REVIEW,0.8
LN003332,12,0.0,0.0,0.0,0.0,Current,0,,0.0,,REVIEW,0.8
LN003332,13,0.0,0.0,0.0,0.0,Current,0,,0.0,,REVIEW,0.8
LN003332,14,0.0,0.0,0.0,0.0,Current,0,,0.0,,REVIEW,0.8
LN003332,15,0.0,0.0,0.0,0.0,Current,0,,0.0,,REVIEW,0.8
LN003332,16,0.0,0.0,0.0,0.0,Current,0,,0.0,,REVIEW,0.8
LN003332,17,0.0,0.0,0.0,0.0,Current,0,,0.0,,REVIEW,0.8
LN003332,18,0.0,0.0,0.0,0.0,Current,0,,0.0,,REVIEW,0.8
LN003332,19,0.0,0.0,0.0,0.0,Current,0,,0.0,,REVIEW,0.8
LN003332,20,0.0,0.0,0.0,0.0,Current,0,,0.0,,REVIEW,0.8
LN003332,21,0.0,0.0,0.0,0.0,Current,0,,0.0,,REVIEW,0.8
LN003332,22,0.0,0.0,0.0,0.0,Current,0,,0.0,,REVIEW,0.8
LN003332,23,0.0,0.0,0.0,0.0,Current,0,,0.0,,REVIEW,0.8
LN003332,24,0.0,0.0,0.0,0.0,Current,0,,0.0,,REVIEW,0.8
LN003333,1,0.0,0.0,0.0,0.0,Current,0,,0.0,,REVIEW,0.8
LN003333,2,0.0,0.0,0.0,0.0,Current,0,,0.0,,REVIEW,0.8
LN003333,3,0.0,0.0,0.0,0.0,Current,0,,0.0,,REVIEW,0.8
LN003333,4,0.0,0.0,0.0,0.0,Current,0,,0.0,,REVIEW,0.8
LN003333,5,0.0,0.0,0.0,0.0,Current,0,,0.0,,REVIEW,0.8
LN003333,6,0.0,0.0,0.0,0.0,Current,0,,0.0,,REVIEW,0.8
LN003333,7,0.0,0.0,0.0,0.0,Current,0,,0.0,,REVIEW,0.8
LN003333,8,0.0,0.0,0.0,0.0,Current,0,,0.0,,REVIEW,0.8
LN003333,9,0.0,0.0,0.0,0.0,Current,0,,0.0,,REVIEW,0.8
LN003333,10,0.0,0.0,0.0,0.0,Current,0,,0.0,,REVIEW,0.8
LN003333,11,0.0,0.0,0.0,0.0,Current,0,,0.0,,REVIEW,0.8
LN003333,12,0.0,0.0,0.0,0.0,Current,0,,0.0,,REVIEW,0.8
LN003333,13,0.0,0.0,0.0,0.0,Current,0,,0.0,,REVIEW,0.8
LN003333,14,0.0,0.0,0.0,0.0,Current,0,,0.0,,REVIEW,0.8
LN003333,15,0.0,0.0,0.0,0.0,Current,0,,0.0,,REVIEW,0.8
LN003333,16,0.0,0.0,0.0,0.0,Current,0,,0.0,,REVIEW,0.8
LN003333,17,0.0,0.0,0.0,0.0,Current,0,,0.0,,REVIEW,0.8
LN003333,18,0.0,0.0,0.0,0.0,Current,0,,0.0,,REVIEW,0.8
LN003333,19,0.0,0.0,0.0,0.0,Current,0,,0.0,,REVIEW,0.8
LN003333,20,0.0,0.0,0.0,0.0,Current,0,,0.0,,REVIEW,0.8
LN003333,21,0.0,0.0,0.0,0.0,Current,0,,0.0,,REVIEW,0.8
LN003333,22,0.0,0.0,0.0,0.0,Current,0,,0.0,,REVIEW,0.8
LN003333,23,0.0,0.0,0.0,0.0,Current,0,,0.0,,REVIEW,0.8
LN003333,24,0.0,0.0,0.0,0.0,Current,0,,0.0,,REVIEW,0.8
LN003334,1,0.0,0.0,0.0,0.0,Current,0,,0.0,,REVIEW,0.8
LN003334,2,0.0,0.0,0.0,0.0,Current,0,,0.0,,REVIEW,0.8
LN003334,3,0.0,0.0,0.0,0.0,Current,0,,0.0,,REVIEW,0.8
LN003334,4,0.0,0.0,0.0,0.0,Current,0,,0.0,,REVIEW,0.8
LN003334,5,0.0,0.0,0.0,0.0,Current,0,,0.0,,REVIEW,0.8
LN003334,6,0.0,0.0,0.0,0.0,Current,0,,0.0,,REVIEW,0.8
LN003335,1,0.0,0.0,0.0,0.0,Current,0,,0.0,,REVIEW,0.8
LN003335,2,0.0,0.0,0.0,0.0,Current,0,,0.0,,REVIEW,0.8
LN003335,3,0.0,0.0,0.0,0.0,Current,0,,0.0,,REVIEW,0.8
LN003335,4,0.0,0.0,0.0,0.0,Current,0,,0.0,,REVIEW,0.8
LN003335,5,0.0,0.0,0.0,0.0,Current,0,,0.0,,REVIEW,0.8
LN003335,6,0.0,0.0,0.0,0.0,Current,0,,0.0,,REVIEW,0.8
LN003335,7,0.0,0.0,0.0,0.0,Current,0,,0.0,,REVIEW,0.8
LN003335,8,0.0,0.0,0.0,0.0,Current,0,,0.0,,REVIEW,0.8
LN003335,9,0.0,0.0,0.0,0.0,Current,0,,0.0,,REVIEW,0.8
LN003335,10,0.0,0.0,0.0,0.0,Current,0,,0.0,,REVIEW,0.8
LN003335,11,0.0,0.0,0.0,0.0,Current,0,,0.0,,REVIEW,0.8
LN003335,12,0.0,0.0,0.0,0.0,Current,0,,0.0,,REVIEW,0.8
LN003335,13,0.0,0.0,0.0,0.0,Current,0,,0.0,,REVIEW,0.8
LN003335,14,0.0,0.0,0.0,0.0,Current,0,,0.0,,REVIEW,0.8
LN003335,15,0.0,0.0,0.0,0.0,Current,0,,0.0,,REVIEW,0.8
LN003335,16,0.0,0.0,0.0,0.0,Current,0,,0.0,,REVIEW,0.8
LN003335,17,0.0,0.0,0.0,0.0,Current,0,,0.0,,REVIEW,0.8
LN003335,18,0.0,0.0,0.0,0.0,Current,0,,0.0,,REVIEW,0.8
LN003335,19,0.0,0.0,0.0,0.0,Current,0,,0.0,,REVIEW,0.8
LN003335,20,0.0,0.0,0.0,0.0,Current,0,,0.0,,REVIEW,0.8
LN003335,21,0.0,0.0,0.0,0.0,Current,0,,0.0,,REVIEW,0.8
LN003335,22,0.0,0.0,0.0,0.0,Current,0,,0.0,,REVIEW,0.8
LN003335,23,0.0,0.0,0.0,0.0,Current,0,,0.0,,REVIEW,0.8
LN003335,24,0.0,0.0,0.0,0.0,Current,0,,0.0,,REVIEW,0.8
LN003336,1,0.0,0.0,0.0,0.0,Current,0,,0.0,,REVIEW,0.8
LN003336,2,0.0,0.0,0.0,0.0,Current,0,,0.0,,REVIEW,0.8
LN003336,3,0.0,0.0,0.0,0.0,Current,0,,0.0,,REVIEW,0.8
LN003336,4,0.0,0.0,0.0,0.0,Current,0,,0.0,,REVIEW,0.8
LN003336,5,0.0,0.0,0.0,0.0,Current,0,,0.0,,REVIEW,0.8
LN003336,6,0.0,0.0,0.0,0.0,Current,0,,0.0,,REVIEW,0.8
LN003336,7,0.0,0.0,0.0,0.0,Current,0,,0.0,,REVIEW,0.8
LN003337,1,0.0,0.0,0.0,0.0,Current,0,,0.0,,REVIEW,0.8
LN003337,2,0.0,0.0,0.0,0.0,Current,0,,0.0,,REVIEW,0.8
LN003337,3,0.0,0.0,0.0,0.0,Current,0,,0.0,,REVIEW,0.8
LN003337,4,0.0,0.0,0.0,0.0,Current,0,,0.0,,REVIEW,0.8
LN003337,5,0.0,0.0,0.0,0.0,Current,0,,0.0,,REVIEW,0.8
LN003337,6,0.0,0.0,0.0,0.0,Current,0,,0.0,,REVIEW,0.8
LN003337,7,0.0,0.0,0.0,0.0,Current,0,,0.0,,REVIEW,0.8
LN003337,8,0.0,0.0,0.0,0.0,Current,0,,0.0,,REVIEW,0.8
LN003337,9,0.0,0.0,0.0,0.0,Current,0,,0.0,,REVIEW,0.8
LN003337,10,0.0,0.0,0.0,0.0,Current,0,,0.0,,REVIEW,0.8
LN003337,11,0.0,0.0,0.0,0.0,Current,0,,0.0,,REVIEW,0.8
LN003337,12,0.0,0.0,0.0,0.0,Current,0,,0.0,,REVIEW,0.8
LN003337,13,0.0,0.0,0.0,0.0,Current,0,,0.0,,REVIEW,0.8
LN003337,14,0.0,0.0,0.0,0.0,Current,0,,0.0,,REVIEW,0.8
LN003337,15,0.0,0.0,0.0,0.0,Current,0,,0.0,,REVIEW,0.8
LN003337,16,0.0,0.0,0.0,0.0,Current,0,,0.0,,REVIEW,0.8
LN003337,17,0.0,0.0,0.0,0.0,Current,0,,0.0,,REVIEW,0.8
LN003337,18,0.0,0.0,0.0,0.0,Current,0,,0.0,,REVIEW,0.8
LN003337,19,0.0,0.0,0.0,0.0,Current,0,,0.0,,REVIEW,0.8
LN003337,20,0.0,0.0,0.0,0.0,Current,0,,0.0,,REVIEW,0.8
LN003337,21,0.0,0.0,0.0,0.0,Current,0,,0.0,,REVIEW,0.8
LN003337,22,0.0,0.0,0.0,0.0,Current,0,,0.0,,REVIEW,0.8
LN003337,23,0.0,0.0,0.0,0.0,Current,0,,0.0,,REVIEW,0.8
LN003337,24,0.0,0.0,0.0,0.0,Current,0,,0.0,,REVIEW,0.8
LN003338,1,0.0,0.0,0.0,0.0,Current,0,,0.0,,REVIEW,0.8
LN003338,2,0.0,0.0,0.0,0.0,Current,0,,0.0,,REVIEW,0.8
LN003338,3,0.0,0.0,0.0,0.0,Current,0,,0.0,,REVIEW,0.8
LN003338,4,0.0,0.0,0.0,0.0,Current,0,,0.0,,REVIEW,0.8
LN003338,5,0.0,0.0,0.0,0.0,Current,0,,0.0,,REVIEW,0.8
LN003338,6,0.0,0.0,0.0,0.0,Current,0,,0.0,,REVIEW,0.8
LN003338,7,0.0,0.0,0.0,0.0,Current,0,,0.0,,REVIEW,0.8
LN003338,8,0.0,0.0,0.0,0.0,Current,0,,0.0,,REVIEW,0.8
LN003338,9,0.0,0.0,0.0,0.0,Current,0,,0.0,,REVIEW,0.8
LN003338,10,0.0,0.0,0.0,0.0,Current,0,,0.0,,REVIEW,0.8
LN003338,11,0.0,0.0,0.0,0.0,Current,0,,0.0,,REVIEW,0.8
LN003338,12,0.0,0.0,0.0,0.0,Current,0,,0.0,,REVIEW,0.8
LN003338,13,0.0,0.0,0.0,0.0,Current,0,,0.0,,REVIEW,0.8
LN003338,14,0.0,0.0,0.0,0.0,Current,0,,0.0,,REVIEW,0.8
LN003338,15,0.0,0.0,0.0,0.0,Current,0,,0.0,,REVIEW,0.8
LN003338,16,0.0,0.0,0.0,0.0,Current,0,,0.0,,REVIEW,0.8
LN003338,17,0.0,0.0,0.0,0.0,Current,0,,0.0,,REVIEW,0.8
LN003338,18,0.0,0.0,0.0,0.0,Current,0,,0.0,,REVIEW,0.8
LN003338,19,0.0,0.0,0.0,0.0,Current,0,,0.0,,REVIEW,0.8
LN003338,20,0.0,0.0,0.0,0.0,Current,0,,0.0,,REVIEW,0.8
LN003338,21,0.0,0.0,0.0,0.0,Current,0,,0.0,,REVIEW,0.8
LN003338,22,0.0,0.0,0.0,0.0,Current,0,,0.0,,REVIEW,0.8
LN003338,23,0.0,0.0,0.0,0.0,Current,0,,0.0,,REVIEW,0.8
LN003338,24,0.0,0.0,0.0,0.0,Current,0,,0.0,,REVIEW,0.8
LN003339,1,0.0,0.0,0.0,0.0,Current,0,,0.0,,REVIEW,0.8
LN003339,2,0.0,0.0,0.0,0.0,Current,0,,0.0,,REVIEW,0.8
LN003339,3,0.0,0.0,0.0,0.0,Current,0,,0.0,,REVIEW,0.8
LN003339,4,0.0,0.0,0.0,0.0,Current,0,,0.0,,REVIEW,0.8
LN003339,5,0.0,0.0,0.0,0.0,Current,0,,0.0,,REVIEW,0.8
LN003339,6,0.0,0.0,0.0,0.0,Current,0,,0.0,,REVIEW,0.8
LN003339,7,0.0,0.0,0.0,0.0,Current,0,,0.0,,REVIEW,0.8
LN003339,8,0.0,0.0,0.0,0.0,Current,0,,0.0,,REVIEW,0.8
LN003339,9,0.0,0.0,0.0,0.0,Current,0,,0.0,,REVIEW,0.8
LN003339,10,0.0,0.0,0.0,0.0,Current,0,,0.0,,REVIEW,0.8
LN003339,11,0.0,0.0,0.0,0.0,Current,0,,0.0,,REVIEW,0.8
LN003339,12,0.0,0.0,0.0,0.0,Current,0,,0.0,,REVIEW,0.8
LN003339,13,0.0,0.0,0.0,0.0,Current,0,,0.0,,REVIEW,0.8
LN003339,14,0.0,0.0,0.0,0.0,Current,0,,0.0,,REVIEW,0.8
LN003339,15,0.0,0.0,0.0,0.0,Current,0,,0.0,,REVIEW,0.8
LN003339,16,0.0,0.0,0.0,0.0,Current,0,,0.0,,REVIEW,0.8
LN003339,17,0.0,0.0,0.0,0.0,Current,0,,0.0,,REVIEW,0.8
LN003339,18,0.0,0.0,0.0,0.0,Current,0,,0.0,,REVIEW,0.8
LN003339,19,0.0,0.0,0.0,0.0,Current,0,,0.0,,REVIEW,0.8
LN003339,20,0.0,0.0,0.0,0.0,Current,0,,0.0,,REVIEW,0.8
LN003340,1,0.0,0.0,0.0,0.0,Current,0,,0.0,,REVIEW,0.8
LN003340,2,0.0,0.0,0.0,0.0,Current,0,,0.0,,REVIEW,0.8
LN003340,3,0.0,0.0,0.0,0.0,Current,0,,0.0,,REVIEW,0.8
LN003340,4,0.0,0.0,0.0,0.0,Current,0,,0.0,,REVIEW,0.8
LN003340,5,0.0,0.0,0.0,0.0,Current,0,,0.0,,REVIEW,0.8
LN003340,6,0.0,0.0,0.0,0.0,Current,0,,0.0,,REVIEW,0.8
LN003340,7,0.0,0.0,0.0,0.0,Current,0,,0.0,,REVIEW,0.8
LN003340,8,0.0,0.0,0.0,0.0,Current,0,,0.0,,REVIEW,0.8
LN003340,9,0.0,0.0,0.0,0.0,Current,0,,0.0,,REVIEW,0.8
LN003340,10,0.0,0.0,0.0,0.0,Current,0,,0.0,,REVIEW,0.8
LN003340,11,0.0,0.0,0.0,0.0,Current,0,,0.0,,REVIEW,0.8
LN003340,12,0.0,0.0,0.0,0.0,Current,0,,0.0,,REVIEW,0.8
LN003340,13,0.0,0.0,0.0,0.0,Current,0,,0.0,,REVIEW,0.8
LN003340,14,0.0,0.0,0.0,0.0,Current,0,,0.0,,REVIEW,0.8
LN003340,15,0.0,0.0,0.0,0.0,Current,0,,0.0,,REVIEW,0.8
LN003340,16,0.0,0.0,0.0,0.0,Current,0,,0.0,,REVIEW,0.8
LN003341,1,0.0,0.0,0.0,0.0,Current,0,,0.0,,REVIEW,0.8
LN003341,2,0.0,0.0,0.0,0.0,Current,0,,0.0,,REVIEW,0.8
LN003341,3,0.0,0.0,0.0,0.0,Current,0,,0.0,,REVIEW,0.8
LN003341,4,0.0,0.0,0.0,0.0,Current,0,,0.0,,REVIEW,0.8
LN003341,5,0.0,0.0,0.0,0.0,Current,0,,0.0,,REVIEW,0.8
LN003341,6,0.0,0.0,0.0,0.0,Current,0,,0.0,,REVIEW,0.8
LN003341,7,0.0,0.0,0.0,0.0,Current,0,,0.0,,REVIEW,0.8
LN003341,8,0.0,0.0,0.0,0.0,Current,0,,0.0,,REVIEW,0.8
LN003341,9,0.0,0.0,0.0,0.0,Current,0,,0.0,,REVIEW,0.8
LN003341,10,0.0,0.0,0.0,0.0,Current,0,,0.0,,REVIEW,0.8
LN003341,11,0.0,0.0,0.0,0.0,Current,0,,0.0,,REVIEW,0.8
LN003341,12,0.0,0.0,0.0,0.0,Current,0,,0.0,,REVIEW,0.8
LN003341,13,0.0,0.0,0.0,0.0,Current,0,,0.0,,REVIEW,0.8
LN003341,14,0.0,0.0,0.0,0.0,Current,0,,0.0,,REVIEW,0.8
LN003341,15,0.0,0.0,0.0,0.0,Current,0,,0.0,,REVIEW,0.8
LN003341,16,0.0,0.0,0.0,0.0,Current,0,,0.0,,REVIEW,0.8
LN003341,17,0.0,0.0,0.0,0.0,Current,0,,0.0,,REVIEW,0.8
LN003341,18,0.0,0.0,0.0,0.0,Current,0,,0.0,,REVIEW,0.8
LN003341,19,0.0,0.0,0.0,0.0,Current,0,,0.0,,REVIEW,0.8
LN003341,20,0.0,0.0,0.0,0.0,Current,0,,0.0,,REVIEW,0.8
LN003341,21,0.0,0.0,0.0,0.0,Current,0,,0.0,,REVIEW,0.8
LN003341,22,0.0,0.0,0.0,0.0,Current,0,,0.0,,REVIEW,0.8
LN003341,23,0.0,0.0,0.0,0.0,Current,0,,0.0,,REVIEW,0.8
LN003341,24,0.0,0.0,0.0,0.0,Current,0,,0.0,,REVIEW,0.8
LN003342,1,0.0,0.0,0.0,0.0,Current,0,,0.0,,REVIEW,0.8
LN003342,2,0.0,0.0,0.0,0.0,Current,0,,0.0,,REVIEW,0.8
LN003342,3,0.0,0.0,0.0,0.0,Current,0,,0.0,,REVIEW,0.8
LN003342,4,0.0,0.0,0.0,0.0,Current,0,,0.0,,REVIEW,0.8
LN003342,5,0.0,0.0,0.0,0.0,Current,0,,0.0,,REVIEW,0.8
LN003342,6,0.0,0.0,0.0,0.0,Current,0,,0.0,,REVIEW,0.8
LN003342,7,0.0,0.0,0.0,0.0,Current,0,,0.0,,REVIEW,0.8
LN003342,8,0.0,0.0,0.0,0.0,Current,0,,0.0,,REVIEW,0.8
LN003342,9,0.0,0.0,0.0,0.0,Current,0,,0.0,,REVIEW,0.8
LN003342,10,0.0,0.0,0.0,0.0,Current,0,,0.0,,REVIEW,0.8
LN003342,11,0.0,0.0,0.0,0.0,Current,0,,0.0,,REVIEW,0.8
LN003342,12,0.0,0.0,0.0,0.0,Current,0,,0.0,,REVIEW,0.8
LN003342,13,0.0,0.0,0.0,0.0,Current,0,,0.0,,REVIEW,0.8
LN003342,14,0.0,0.0,0.0,0.0,Current,0,,0.0,,REVIEW,0.8
LN003342,15,0.0,0.0,0.0,0.0,Current,0,,0.0,,REVIEW,0.8
LN003342,16,0.0,0.0,0.0,0.0,Current,0,,0.0,,REVIEW,0.8
LN003342,17,0.0,0.0,0.0,0.0,Current,0,,0.0,,REVIEW,0.8
LN003342,18,0.0,0.0,0.0,0.0,Current,0,,0.0,,REVIEW,0.8
LN003342,19,0.0,0.0,0.0,0.0,Current,0,,0.0,,REVIEW,0.8
LN003342,20,0.0,0.0,0.0,0.0,Current,0,,0.0,,REVIEW,0.8
LN003342,21,0.0,0.0,0.0,0.0,Current,0,,0.0,,REVIEW,0.8
LN003342,22,0.0,0.0,0.0,0.0,Current,0,,0.0,,REVIEW,0.8
LN003342,23,0.0,0.0,0.0,0.0,Current,0,,0.0,,REVIEW,0.8
LN003342,24,0.0,0.0,0.0,0.0,Current,0,,0.0,,REVIEW,0.8
LN003343,1,0.0,0.0,0.0,0.0,Current,0,,0.0,,REVIEW,0.8
LN003343,2,0.0,0.0,0.0,0.0,Current,0,,0.0,,REVIEW,0.8
LN003343,3,0.0,0.0,0.0,0.0,Current,0,,0.0,,REVIEW,0.8
LN003343,4,0.0,0.0,0.0,0.0,Current,0,,0.0,,REVIEW,0.8
LN003343,5,0.0,0.0,0.0,0.0,Current,0,,0.0,,REVIEW,0.8
LN003343,6,0.0,0.0,0.0,0.0,Current,0,,0.0,,REVIEW,0.8
LN003343,7,0.0,0.0,0.0,0.0,Current,0,,0.0,,REVIEW,0.8
LN003343,8,0.0,0.0,0.0,0.0,Current,0,,0.0,,REVIEW,0.8
LN003343,9,0.0,0.0,0.0,0.0,Current,0,,0.0,,REVIEW,0.8
LN003343,10,0.0,0.0,0.0,0.0,Current,0,,0.0,,REVIEW,0.8
LN003343,11,0.0,0.0,0.0,0.0,Current,0,,0.0,,REVIEW,0.8
LN003343,12,0.0,0.0,0.0,0.0,Current,0,,0.0,,REVIEW,0.8
LN003343,13,0.0,0.0,0.0,0.0,Current,0,,0.0,,REVIEW,0.8
LN003343,14,0.0,0.0,0.0,0.0,Current,0,,0.0,,REVIEW,0.8
LN003343,15,0.0,0.0,0.0,0.0,Current,0,,0.0,,REVIEW,0.8
LN003343,16,0.0,0.0,0.0,0.0,Current,0,,0.0,,REVIEW,0.8
LN003343,17,0.0,0.0,0.0,0.0,Current,0,,0.0,,REVIEW,0.8
LN003343,18,0.0,0.0,0.0,0.0,Current,0,,0.0,,REVIEW,0.8
LN003343,19,0.0,0.0,0.0,0.0,Current,0,,0.0,,REVIEW,0.8
LN003343,20,0.0,0.0,0.0,0.0,Current,0,,0.0,,REVIEW,0.8
LN003343,21,0.0,0.0,0.0,0.0,Current,0,,0.0,,REVIEW,0.8
LN003343,22,0.0,0.0,0.0,0.0,Current,0,,0.0,,REVIEW,0.8
LN003343,23,0.0,0.0,0.0,0.0,Current,0,,0.0,,REVIEW,0.8
LN003343,24,0.0,0.0,0.0,0.0,Current,0,,0.0,,REVIEW,0.8
LN003344,1,0.0,0.0,0.0,0.0,Current,0,,0.0,,REVIEW,0.8
LN003344,2,0.0,0.0,0.0,0.0,Current,0,,0.0,,REVIEW,0.8
LN003344,3,0.0,0.0,0.0,0.0,Current,0,,0.0,,REVIEW,0.8
LN003344,4,0.0,0.0,0.0,0.0,Current,0,,0.0,,REVIEW,0.8
LN003344,5,0.0,0.0,0.0,0.0,Current,0,,0.0,,REVIEW,0.8
LN003344,6,0.0,0.0,0.0,0.0,Current,0,,0.0,,REVIEW,0.8
LN003344,7,0.0,0.0,0.0,0.0,Current,0,,0.0,,REVIEW,0.8
LN003344,8,0.0,0.0,0.0,0.0,Current,0,,0.0,,REVIEW,0.8
LN003344,9,0.0,0.0,0.0,0.0,Current,0,,0.0,,REVIEW,0.8
LN003344,10,0.0,0.0,0.0,0.0,Current,0,,0.0,,REVIEW,0.8
LN003344,11,0.0,0.0,0.0,0.0,Current,0,,0.0,,REVIEW,0.8
LN003344,12,0.0,0.0,0.0,0.0,Current,0,,0.0,,REVIEW,0.8
LN003344,13,0.0,0.0,0.0,0.0,Current,0,,0.0,,REVIEW,0.8
LN003344,14,0.0,0.0,0.0,0.0,Current,0,,0.0,,REVIEW,0.8
LN003344,15,0.0,0.0,0.0,0.0,Current,0,,0.0,,REVIEW,0.8
LN003344,16,0.0,0.0,0.0,0.0,Current,0,,0.0,,REVIEW,0.8
LN003344,17,0.0,0.0,0.0,0.0,Current,0,,0.0,,REVIEW,0.8
LN003344,18,0.0,0.0,0.0,0.0,Current,0,,0.0,,REVIEW,0.8
LN003344,19,0.0,0.0,0.0,0.0,Current,0,,0.0,,REVIEW,0.8
LN003344,20,0.0,0.0,0.0,0.0,Current,0,,0.0,,REVIEW,0.8
LN003344,21,0.0,0.0,0.0,0.0,Current,0,,0.0,,REVIEW,0.8
LN003344,22,0.0,0.0,0.0,0.0,Current,0,,0.0,,REVIEW,0.8
LN003344,23,0.0,0.0,0.0,0.0,Current,0,,0.0,,REVIEW,0.8
LN003344,24,0.0,0.0,0.0,0.0,Current,0,,0.0,,REVIEW,0.8
LN003345,1,0.0,0.0,0.0,0.0,Current,0,,0.0,,REVIEW,0.8
LN003345,2,0.0,0.0,0.0,0.0,Current,0,,0.0,,REVIEW,0.8
LN003345,3,0.0,0.0,0.0,0.0,Current,0,,0.0,,REVIEW,0.8
LN003345,4,0.0,0.0,0.0,0.0,Current,0,,0.0,,REVIEW,0.8
LN003345,5,0.0,0.0,0.0,0.0,Current,0,,0.0,,REVIEW,0.8
LN003345,6,0.0,0.0,0.0,0.0,Current,0,,0.0,,REVIEW,0.8
LN003345,7,0.0,0.0,0.0,0.0,Current,0,,0.0,,REVIEW,0.8
LN003345,8,0.0,0.0,0.0,0.0,Current,0,,0.0,,REVIEW,0.8
LN003345,9,0.0,0.0,0.0,0.0,Current,0,,0.0,,REVIEW,0.8
LN003345,10,0.0,0.0,0.0,0.0,Current,0,,0.0,,REVIEW,0.8
LN003345,11,0.0,0.0,0.0,0.0,Current,0,,0.0,,REVIEW,0.8
LN003345,12,0.0,0.0,0.0,0.0,Current,0,,0.0,,REVIEW,0.8
LN003345,13,0.0,0.0,0.0,0.0,Current,0,,0.0,,REVIEW,0.8
LN003345,14,0.0,0.0,0.0,0.0,Current,0,,0.0,,REVIEW,0.8
LN003345,15,0.0,0.0,0.0,0.0,Current,0,,0.0,,REVIEW,0.8
LN003345,16,0.0,0.0,0.0,0.0,Current,0,,0.0,,REVIEW,0.8
LN003345,17,0.0,0.0,0.0,0.0,Current,0,,0.0,,REVIEW,0.8
LN003345,18,0.0,0.0,0.0,0.0,Current,0,,0.0,,REVIEW,0.8
LN003345,19,0.0,0.0,0.0,0.0,Current,0,,0.0,,REVIEW,0.8
LN003345,20,0.0,0.0,0.0,0.0,Current,0,,0.0,,REVIEW,0.8
LN003345,21,0.0,0.0,0.0,0.0,Current,0,,0.0,,REVIEW,0.8
LN003345,22,0.0,0.0,0.0,0.0,Current,0,,0.0,,REVIEW,0.8
LN003345,23,0.0,0.0,0.0,0.0,Current,0,,0.0,,REVIEW,0.8
LN003345,24,0.0,0.0,0.0,0.0,Current,0,,0.0,,REVIEW,0.8
LN003346,1,0.0,0.0,0.0,0.0,Current,0,,0.0,,REVIEW,0.8
LN003346,2,0.0,0.0,0.0,0.0,Current,0,,0.0,,REVIEW,0.8
LN003346,3,0.0,0.0,0.0,0.0,Current,0,,0.0,,REVIEW,0.8
LN003346,4,0.0,0.0,0.0,0.0,Current,0,,0.0,,REVIEW,0.8
LN003346,5,0.0,0.0,0.0,0.0,Current,0,,0.0,,REVIEW,0.8
LN003346,6,0.0,0.0,0.0,0.0,Current,0,,0.0,,REVIEW,0.8
LN003346,7,0.0,0.0,0.0,0.0,Current,0,,0.0,,REVIEW,0.8
LN003346,8,0.0,0.0,0.0,0.0,Current,0,,0.0,,REVIEW,0.8
LN003346,9,0.0,0.0,0.0,0.0,Current,0,,0.0,,REVIEW,0.8
LN003346,10,0.0,0.0,0.0,0.0,Current,0,,0.0,,REVIEW,0.8
LN003346,11,0.0,0.0,0.0,0.0,Current,0,,0.0,,REVIEW,0.8
LN003346,12,0.0,0.0,0.0,0.0,Current,0,,0.0,,REVIEW,0.8
LN003346,13,0.0,0.0,0.0,0.0,Current,0,,0.0,,REVIEW,0.8
LN003347,1,0.0,0.0,0.0,0.0,Current,0,,0.0,,REVIEW,0.8
LN003347,2,0.0,0.0,0.0,0.0,Current,0,,0.0,,REVIEW,0.8
LN003347,3,0.0,0.0,0.0,0.0,Current,0,,0.0,,REVIEW,0.8
LN003347,4,0.0,0.0,0.0,0.0,Current,0,,0.0,,REVIEW,0.8
LN003347,5,0.0,0.0,0.0,0.0,Current,0,,0.0,,REVIEW,0.8
LN003347,6,0.0,0.0,0.0,0.0,Current,0,,0.0,,REVIEW,0.8
LN003347,7,0.0,0.0,0.0,0.0,Current,0,,0.0,,REVIEW,0.8
LN003347,8,0.0,0.0,0.0,0.0,Current,0,,0.0,,REVIEW,0.8
LN003347,9,0.0,0.0,0.0,0.0,Current,0,,0.0,,REVIEW,0.8
LN003347,10,0.0,0.0,0.0,0.0,Current,0,,0.0,,REVIEW,0.8
LN003347,11,0.0,0.0,0.0,0.0,Current,0,,0.0,,REVIEW,0.8
LN003347,12,0.0,0.0,0.0,0.0,Current,0,,0.0,,REVIEW,0.8
LN003347,13,0.0,0.0,0.0,0.0,Current,0,,0.0,,REVIEW,0.8
LN003347,14,0.0,0.0,0.0,0.0,Current,0,,0.0,,REVIEW,0.8
LN003347,15,0.0,0.0,0.0,0.0,Current,0,,0.0,,REVIEW,0.8
LN003347,16,0.0,0.0,0.0,0.0,Current,0,,0.0,,REVIEW,0.8
LN003347,17,0.0,0.0,0.0,0.0,Current,0,,0.0,,REVIEW,0.8
LN003347,18,0.0,0.0,0.0,0.0,Current,0,,0.0,,REVIEW,0.8
LN003347,19,0.0,0.0,0.0,0.0,Current,0,,0.0,,REVIEW,0.8
LN003348,1,0.0,0.0,0.0,0.0,Current,0,,0.0,,REVIEW,0.8
LN003348,2,0.0,0.0,0.0,0.0,Current,0,,0.0,,REVIEW,0.8
LN003348,3,0.0,0.0,0.0,0.0,Current,0,,0.0,,REVIEW,0.8
LN003348,4,0.0,0.0,0.0,0.0,Current,0,,0.0,,REVIEW,0.8
LN003348,5,0.0,0.0,0.0,0.0,Current,0,,0.0,,REVIEW,0.8
LN003348,6,0.0,0.0,0.0,0.0,Current,0,,0.0,,REVIEW,0.8
LN003348,7,0.0,0.0,0.0,0.0,Current,0,,0.0,,REVIEW,0.8
LN003348,8,0.0,0.0,0.0,0.0,Current,0,,0.0,,REVIEW,0.8
LN003348,9,0.0,0.0,0.0,0.0,Current,0,,0.0,,REVIEW,0.8
LN003348,10,0.0,0.0,0.0,0.0,Current,0,,0.0,,REVIEW,0.8
LN003348,11,0.0,0.0,0.0,0.0,Current,0,,0.0,,REVIEW,0.8
LN003348,12,0.0,0.0,0.0,0.0,Current,0,,0.0,,REVIEW,0.8
LN003348,13,0.0,0.0,0.0,0.0,Current,0,,0.0,,REVIEW,0.8
LN003348,14,0.0,0.0,0.0,0.0,Current,0,,0.0,,REVIEW,0.8
LN003348,15,0.0,0.0,0.0,0.0,Current,0,,0.0,,REVIEW,0.8
LN003348,16,0.0,0.0,0.0,0.0,Current,0,,0.0,,REVIEW,0.8
LN003348,17,0.0,0.0,0.0,0.0,Current,0,,0.0,,REVIEW,0.8
LN003348,18,0.0,0.0,0.0,0.0,Current,0,,0.0,,REVIEW,0.8
LN003348,19,0.0,0.0,0.0,0.0,Current,0,,0.0,,REVIEW,0.8
LN003348,20,0.0,0.0,0.0,0.0,Current,0,,0.0,,REVIEW,0.8
LN003348,21,0.0,0.0,0.0,0.0,Current,0,,0.0,,REVIEW,0.8
LN003348,22,0.0,0.0,0.0,0.0,Current,0,,0.0,,REVIEW,0.8
LN003348,23,0.0,0.0,0.0,0.0,Current,0,,0.0,,REVIEW,0.8
LN003348,24,0.0,0.0,0.0,0.0,Current,0,,0.0,,REVIEW,0.8
LN003349,1,0.0,0.0,0.0,0.0,Current,0,,0.0,,REVIEW,0.8
LN003349,2,0.0,0.0,0.0,0.0,Current,0,,0.0,,REVIEW,0.8
LN003349,3,0.0,0.0,0.0,0.0,Current,0,,0.0,,REVIEW,0.8
LN003349,4,0.0,0.0,0.0,0.0,Current,0,,0.0,,REVIEW,0.8
LN003349,5,0.0,0.0,0.0,0.0,Current,0,,0.0,,REVIEW,0.8
LN003349,6,0.0,0.0,0.0,0.0,Current,0,,0.0,,REVIEW,0.8
LN003349,7,0.0,0.0,0.0,0.0,Current,0,,0.0,,REVIEW,0.8
LN003349,8,0.0,0.0,0.0,0.0,Current,0,,0.0,,REVIEW,0.8
LN003349,9,0.0,0.0,0.0,0.0,Current,0,,0.0,,REVIEW,0.8
LN003349,10,0.0,0.0,0.0,0.0,Current,0,,0.0,,REVIEW,0.8
LN003349,11,0.0,0.0,0.0,0.0,Current,0,,0.0,,REVIEW,0.8
LN003349,12,0.0,0.0,0.0,0.0,Current,0,,0.0,,REVIEW,0.8
LN003349,13,0.0,0.0,0.0,0.0,Current,0,,0.0,,REVIEW,0.8
LN003349,14,0.0,0.0,0.0,0.0,Current,0,,0.0,,REVIEW,0.8
LN003349,15,0.0,0.0,0.0,0.0,Current,0,,0.0,,REVIEW,0.8
LN003349,16,0.0,0.0,0.0,0.0,Current,0,,0.0,,REVIEW,0.8
LN003349,17,0.0,0.0,0.0,0.0,Current,0,,0.0,,REVIEW,0.8
LN003349,18,0.0,0.0,0.0,0.0,Current,0,,0.0,,REVIEW,0.8
LN003349,19,0.0,0.0,0.0,0.0,Current,0,,0.0,,REVIEW,0.8
LN003349,20,0.0,0.0,0.0,0.0,Current,0,,0.0,,REVIEW,0.8
LN003349,21,0.0,0.0,0.0,0.0,Current,0,,0.0,,REVIEW,0.8
LN003349,22,0.0,0.0,0.0,0.0,Current,0,,0.0,,REVIEW,0.8
LN003349,23,0.0,0.0,0.0,0.0,Current,0,,0.0,,REVIEW,0.8
LN003349,24,0.0,0.0,0.0,0.0,Current,0,,0.0,,REVIEW,0.8
LN003350,1,0.0,0.0,0.0,0.0,Current,0,,0.0,,REVIEW,0.8
LN003350,2,0.0,0.0,0.0,0.0,Current,0,,0.0,,REVIEW,0.8
LN003350,3,0.0,0.0,0.0,0.0,Current,0,,0.0,,REVIEW,0.8
LN003350,4,0.0,0.0,0.0,0.0,Current,0,,0.0,,REVIEW,0.8
LN003350,5,0.0,0.0,0.0,0.0,Current,0,,0.0,,REVIEW,0.8
LN003350,6,0.0,0.0,0.0,0.0,Current,0,,0.0,,REVIEW,0.8
LN003350,7,0.0,0.0,0.0,0.0,Current,0,,0.0,,REVIEW,0.8
LN003350,8,0.0,0.0,0.0,0.0,Current,0,,0.0,,REVIEW,0.8
LN003351,1,0.0,0.0,0.0,0.0,Current,0,,0.0,,REVIEW,0.8
LN003351,2,0.0,0.0,0.0,0.0,Current,0,,0.0,,REVIEW,0.8
LN003351,3,0.0,0.0,0.0,0.0,Current,0,,0.0,,REVIEW,0.8
LN003351,4,0.0,0.0,0.0,0.0,Current,0,,0.0,,REVIEW,0.8
LN003351,5,0.0,0.0,0.0,0.0,Current,0,,0.0,,REVIEW,0.8
LN003351,6,0.0,0.0,0.0,0.0,Current,0,,0.0,,REVIEW,0.8
LN003351,7,0.0,0.0,0.0,0.0,Current,0,,0.0,,REVIEW,0.8
LN003351,8,0.0,0.0,0.0,0.0,Current,0,,0.0,,REVIEW,0.8
LN003351,9,0.0,0.0,0.0,0.0,Current,0,,0.0,,REVIEW,0.8
LN003351,10,0.0,0.0,0.0,0.0,Current,0,,0.0,,REVIEW,0.8
LN003351,11,0.0,0.0,0.0,0.0,Current,0,,0.0,,REVIEW,0.8
LN003351,12,0.0,0.0,0.0,0.0,Current,0,,0.0,,REVIEW,0.8
LN003351,13,0.0,0.0,0.0,0.0,Current,0,,0.0,,REVIEW,0.8
LN003351,14,0.0,0.0,0.0,0.0,Current,0,,0.0,,REVIEW,0.8
LN003351,15,0.0,0.0,0.0,0.0,Current,0,,0.0,,REVIEW,0.8
LN003351,16,0.0,0.0,0.0,0.0,Current,0,,0.0,,REVIEW,0.8
LN003352,1,0.0,0.0,0.0,0.0,Current,0,,0.0,,REVIEW,0.8
LN003352,2,0.0,0.0,0.0,0.0,Current,0,,0.0,,REVIEW,0.8
LN003352,3,0.0,0.0,0.0,0.0,Current,0,,0.0,,REVIEW,0.8
LN003352,4,0.0,0.0,0.0,0.0,Current,0,,0.0,,REVIEW,0.8
LN003352,5,0.0,0.0,0.0,0.0,Current,0,,0.0,,REVIEW,0.8
LN003353,1,0.0,0.0,0.0,0.0,Current,0,,0.0,,REVIEW,0.8
LN003353,2,0.0,0.0,0.0,0.0,Current,0,,0.0,,REVIEW,0.8
LN003353,3,0.0,0.0,0.0,0.0,Current,0,,0.0,,REVIEW,0.8
LN003353,4,0.0,0.0,0.0,0.0,Current,0,,0.0,,REVIEW,0.8
LN003353,5,0.0,0.0,0.0,0.0,Current,0,,0.0,,REVIEW,0.8
LN003353,6,0.0,0.0,0.0,0.0,Current,0,,0.0,,REVIEW,0.8
LN003353,7,0.0,0.0,0.0,0.0,Current,0,,0.0,,REVIEW,0.8
LN003353,8,0.0,0.0,0.0,0.0,Current,0,,0.0,,REVIEW,0.8
LN003353,9,0.0,0.0,0.0,0.0,Current,0,,0.0,,REVIEW,0.8
LN003353,10,0.0,0.0,0.0,0.0,Current,0,,0.0,,REVIEW,0.8
LN003353,11,0.0,0.0,0.0,0.0,Current,0,,0.0,,REVIEW,0.8
LN003353,12,0.0,0.0,0.0,0.0,Current,0,,0.0,,REVIEW,0.8
LN003353,13,0.0,0.0,0.0,0.0,Current,0,,0.0,,REVIEW,0.8
LN003353,14,0.0,0.0,0.0,0.0,Current,0,,0.0,,REVIEW,0.8
LN003353,15,0.0,0.0,0.0,0.0,Current,0,,0.0,,REVIEW,0.8
LN003353,16,0.0,0.0,0.0,0.0,Current,0,,0.0,,REVIEW,0.8
LN003353,17,0.0,0.0,0.0,0.0,Current,0,,0.0,,REVIEW,0.8
LN003353,18,0.0,0.0,0.0,0.0,Current,0,,0.0,,REVIEW,0.8
LN003354,1,0.0,0.0,0.0,0.0,Current,0,,0.0,,REVIEW,0.8
LN003354,2,0.0,0.0,0.0,0.0,Current,0,,0.0,,REVIEW,0.8
LN003354,3,0.0,0.0,0.0,0.0,Current,0,,0.0,,REVIEW,0.8
LN003354,4,0.0,0.0,0.0,0.0,Current,0,,0.0,,REVIEW,0.8
LN003354,5,0.0,0.0,0.0,0.0,Current,0,,0.0,,REVIEW,0.8
LN003354,6,0.0,0.0,0.0,0.0,Current,0,,0.0,,REVIEW,0.8
LN003354,7,0.0,0.0,0.0,0.0,Current,0,,0.0,,REVIEW,0.8
LN003354,8,0.0,0.0,0.0,0.0,Current,0,,0.0,,REVIEW,0.8
LN003354,9,0.0,0.0,0.0,0.0,Current,0,,0.0,,REVIEW,0.8
LN003354,10,0.0,0.0,0.0,0.0,Current,0,,0.0,,REVIEW,0.8
LN003354,11,0.0,0.0,0.0,0.0,Current,0,,0.0,,REVIEW,0.8
LN003354,12,0.0,0.0,0.0,0.0,Current,0,,0.0,,REVIEW,0.8
LN003354,13,0.0,0.0,0.0,0.0,Current,0,,0.0,,REVIEW,0.8
LN003354,14,0.0,0.0,0.0,0.0,Current,0,,0.0,,REVIEW,0.8
LN003354,15,0.0,0.0,0.0,0.0,Current,0,,0.0,,REVIEW,0.8
LN003354,16,0.0,0.0,0.0,0.0,Current,0,,0.0,,REVIEW,0.8
LN003354,17,0.0,0.0,0.0,0.0,Current,0,,0.0,,REVIEW,0.8
LN003354,18,0.0,0.0,0.0,0.0,Current,0,,0.0,,REVIEW,0.8
LN003354,19,0.0,0.0,0.0,0.0,Current,0,,0.0,,REVIEW,0.8
LN003354,20,0.0,0.0,0.0,0.0,Current,0,,0.0,,REVIEW,0.8
LN003354,21,0.0,0.0,0.0,0.0,Current,0,,0.0,,REVIEW,0.8
LN003354,22,0.0,0.0,0.0,0.0,Current,0,,0.0,,REVIEW,0.8
LN003354,23,0.0,0.0,0.0,0.0,Current,0,,0.0,,REVIEW,0.8
LN003354,24,0.0,0.0,0.0,0.0,Current,0,,0.0,,REVIEW,0.8
LN003355,1,0.0,0.0,0.0,0.0,Current,0,,0.0,,REVIEW,0.8
LN003355,2,0.0,0.0,0.0,0.0,Current,0,,0.0,,REVIEW,0.8
LN003355,3,0.0,0.0,0.0,0.0,Current,0,,0.0,,REVIEW,0.8
LN003355,4,0.0,0.0,0.0,0.0,Current,0,,0.0,,REVIEW,0.8
LN003355,5,0.0,0.0,0.0,0.0,Current,0,,0.0,,REVIEW,0.8
LN003356,1,0.0,0.0,0.0,0.0,Current,0,,0.0,,REVIEW,0.8
LN003356,2,0.0,0.0,0.0,0.0,Current,0,,0.0,,REVIEW,0.8
LN003356,3,0.0,0.0,0.0,0.0,Current,0,,0.0,,REVIEW,0.8
LN003356,4,0.0,0.0,0.0,0.0,Current,0,,0.0,,REVIEW,0.8
LN003356,5,0.0,0.0,0.0,0.0,Current,0,,0.0,,REVIEW,0.8
LN003356,6,0.0,0.0,0.0,0.0,Current,0,,0.0,,REVIEW,0.8
LN003356,7,0.0,0.0,0.0,0.0,Current,0,,0.0,,REVIEW,0.8
LN003356,8,0.0,0.0,0.0,0.0,Current,0,,0.0,,REVIEW,0.8
LN003356,9,0.0,0.0,0.0,0.0,Current,0,,0.0,,REVIEW,0.8
LN003356,10,0.0,0.0,0.0,0.0,Current,0,,0.0,,REVIEW,0.8
LN003356,11,0.0,0.0,0.0,0.0,Current,0,,0.0,,REVIEW,0.8
LN003356,12,0.0,0.0,0.0,0.0,Current,0,,0.0,,REVIEW,0.8
LN003356,13,0.0,0.0,0.0,0.0,Current,0,,0.0,,REVIEW,0.8
LN003356,14,0.0,0.0,0.0,0.0,Current,0,,0.0,,REVIEW,0.8
LN003356,15,0.0,0.0,0.0,0.0,Current,0,,0.0,,REVIEW,0.8
LN003356,16,0.0,0.0,0.0,0.0,Current,0,,0.0,,REVIEW,0.8
LN003356,17,0.0,0.0,0.0,0.0,Current,0,,0.0,,REVIEW,0.8
LN003356,18,0.0,0.0,0.0,0.0,Current,0,,0.0,,REVIEW,0.8
LN003356,19,0.0,0.0,0.0,0.0,Current,0,,0.0,,REVIEW,0.8
LN003356,20,0.0,0.0,0.0,0.0,Current,0,,0.0,,REVIEW,0.8
LN003356,21,0.0,0.0,0.0,0.0,Current,0,,0.0,,REVIEW,0.8
LN003356,22,0.0,0.0,0.0,0.0,Current,0,,0.0,,REVIEW,0.8
LN003356,23,0.0,0.0,0.0,0.0,Current,0,,0.0,,REVIEW,0.8
LN003356,24,0.0,0.0,0.0,0.0,Current,0,,0.0,,REVIEW,0.8
LN003357,1,0.0,0.0,0.0,0.0,Current,0,,0.0,,REVIEW,0.8
LN003357,2,0.0,0.0,0.0,0.0,Current,0,,0.0,,REVIEW,0.8
LN003357,3,0.0,0.0,0.0,0.0,Current,0,,0.0,,REVIEW,0.8
LN003357,4,0.0,0.0,0.0,0.0,Current,0,,0.0,,REVIEW,0.8
LN003357,5,0.0,0.0,0.0,0.0,Current,0,,0.0,,REVIEW,0.8
LN003357,6,0.0,0.0,0.0,0.0,Current,0,,0.0,,REVIEW,0.8
LN003357,7,0.0,0.0,0.0,0.0,Current,0,,0.0,,REVIEW,0.8
LN003357,8,0.0,0.0,0.0,0.0,Current,0,,0.0,,REVIEW,0.8
LN003357,9,0.0,0.0,0.0,0.0,Current,0,,0.0,,REVIEW,0.8
LN003357,10,0.0,0.0,0.0,0.0,Current,0,,0.0,,REVIEW,0.8
LN003357,11,0.0,0.0,0.0,0.0,Current,0,,0.0,,REVIEW,0.8
LN003357,12,0.0,0.0,0.0,0.0,Current,0,,0.0,,REVIEW,0.8
LN003357,13,0.0,0.0,0.0,0.0,Current,0,,0.0,,REVIEW,0.8
LN003357,14,0.0,0.0,0.0,0.0,Current,0,,0.0,,REVIEW,0.8
LN003357,15,0.0,0.0,0.0,0.0,Current,0,,0.0,,REVIEW,0.8
LN003357,16,0.0,0.0,0.0,0.0,Current,0,,0.0,,REVIEW,0.8
LN003357,17,0.0,0.0,0.0,0.0,Current,0,,0.0,,REVIEW,0.8
LN003357,18,0.0,0.0,0.0,0.0,Current,0,,0.0,,REVIEW,0.8
LN003357,19,0.0,0.0,0.0,0.0,Current,0,,0.0,,REVIEW,0.8
LN003357,20,0.0,0.0,0.0,0.0,Current,0,,0.0,,REVIEW,0.8
LN003357,21,0.0,0.0,0.0,0.0,Current,0,,0.0,,REVIEW,0.8
LN003357,22,0.0,0.0,0.0,0.0,Current,0,,0.0,,REVIEW,0.8
LN003357,23,0.0,0.0,0.0,0.0,Current,0,,0.0,,REVIEW,0.8
LN003357,24,0.0,0.0,0.0,0.0,Current,0,,0.0,,REVIEW,0.8
LN003358,1,0.0,0.0,0.0,0.0,Current,0,,0.0,,REVIEW,0.8
LN003358,2,0.0,0.0,0.0,0.0,Current,0,,0.0,,REVIEW,0.8
LN003358,3,0.0,0.0,0.0,0.0,Current,0,,0.0,,REVIEW,0.8
LN003358,4,0.0,0.0,0.0,0.0,Current,0,,0.0,,REVIEW,0.8
LN003358,5,0.0,0.0,0.0,0.0,Current,0,,0.0,,REVIEW,0.8
LN003358,6,0.0,0.0,0.0,0.0,Current,0,,0.0,,REVIEW,0.8
LN003358,7,0.0,0.0,0.0,0.0,Current,0,,0.0,,REVIEW,0.8
LN003358,8,0.0,0.0,0.0,0.0,Current,0,,0.0,,REVIEW,0.8
LN003358,9,0.0,0.0,0.0,0.0,Current,0,,0.0,,REVIEW,0.8
LN003358,10,0.0,0.0,0.0,0.0,Current,0,,0.0,,REVIEW,0.8
LN003358,11,0.0,0.0,0.0,0.0,Current,0,,0.0,,REVIEW,0.8
LN003358,12,0.0,0.0,0.0,0.0,Current,0,,0.0,,REVIEW,0.8
LN003358,13,0.0,0.0,0.0,0.0,Current,0,,0.0,,REVIEW,0.8
LN003358,14,0.0,0.0,0.0,0.0,Current,0,,0.0,,REVIEW,0.8
LN003358,15,0.0,0.0,0.0,0.0,Current,0,,0.0,,REVIEW,0.8
LN003358,16,0.0,0.0,0.0,0.0,Current,0,,0.0,,REVIEW,0.8
LN003358,17,0.0,0.0,0.0,0.0,Current,0,,0.0,,REVIEW,0.8
LN003358,18,0.0,0.0,0.0,0.0,Current,0,,0.0,,REVIEW,0.8
LN003358,19,0.0,0.0,0.0,0.0,Current,0,,0.0,,REVIEW,0.8
LN003358,20,0.0,0.0,0.0,0.0,Current,0,,0.0,,REVIEW,0.8
LN003358,21,0.0,0.0,0.0,0.0,Current,0,,0.0,,REVIEW,0.8
LN003358,22,0.0,0.0,0.0,0.0,Current,0,,0.0,,REVIEW,0.8
LN003358,23,0.0,0.0,0.0,0.0,Current,0,,0.0,,REVIEW,0.8
LN003358,24,0.0,0.0,0.0,0.0,Current,0,,0.0,,REVIEW,0.8
LN003359,1,0.0,0.0,0.0,0.0,Current,0,,0.0,,REVIEW,0.8
LN003359,2,0.0,0.0,0.0,0.0,Current,0,,0.0,,REVIEW,0.8
LN003359,3,0.0,0.0,0.0,0.0,Current,0,,0.0,,REVIEW,0.8
LN003359,4,0.0,0.0,0.0,0.0,Current,0,,0.0,,REVIEW,0.8
LN003359,5,0.0,0.0,0.0,0.0,Current,0,,0.0,,REVIEW,0.8
LN003359,6,0.0,0.0,0.0,0.0,Current,0,,0.0,,REVIEW,0.8
LN003359,7,0.0,0.0,0.0,0.0,Current,0,,0.0,,REVIEW,0.8
LN003359,8,0.0,0.0,0.0,0.0,Current,0,,0.0,,REVIEW,0.8
LN003359,9,0.0,0.0,0.0,0.0,Current,0,,0.0,,REVIEW,0.8
LN003359,10,0.0,0.0,0.0,0.0,Current,0,,0.0,,REVIEW,0.8
LN003359,11,0.0,0.0,0.0,0.0,Current,0,,0.0,,REVIEW,0.8
LN003360,1,0.0,0.0,0.0,0.0,Current,0,,0.0,,REVIEW,0.8
LN003360,2,0.0,0.0,0.0,0.0,Current,0,,0.0,,REVIEW,0.8
LN003360,3,0.0,0.0,0.0,0.0,Current,0,,0.0,,REVIEW,0.8
LN003360,4,0.0,0.0,0.0,0.0,Current,0,,0.0,,REVIEW,0.8
LN003360,5,0.0,0.0,0.0,0.0,Current,0,,0.0,,REVIEW,0.8
LN003360,6,0.0,0.0,0.0,0.0,Current,0,,0.0,,REVIEW,0.8
LN003360,7,0.0,0.0,0.0,0.0,Current,0,,0.0,,REVIEW,0.8
LN003360,8,0.0,0.0,0.0,0.0,Current,0,,0.0,,REVIEW,0.8
LN003360,9,0.0,0.0,0.0,0.0,Current,0,,0.0,,REVIEW,0.8
LN003360,10,0.0,0.0,0.0,0.0,Current,0,,0.0,,REVIEW,0.8
LN003360,11,0.0,0.0,0.0,0.0,Current,0,,0.0,,REVIEW,0.8
LN003360,12,0.0,0.0,0.0,0.0,Current,0,,0.0,,REVIEW,0.8
LN003361,1,0.0,0.0,0.0,0.0,Current,0,,0.0,,REVIEW,0.8
LN003361,2,0.0,0.0,0.0,0.0,Current,0,,0.0,,REVIEW,0.8
LN003361,3,0.0,0.0,0.0,0.0,Current,0,,0.0,,REVIEW,0.8
LN003361,4,0.0,0.0,0.0,0.0,Current,0,,0.0,,REVIEW,0.8
LN003361,5,0.0,0.0,0.0,0.0,Current,0,,0.0,,REVIEW,0.8
LN003361,6,0.0,0.0,0.0,0.0,Current,0,,0.0,,REVIEW,0.8
LN003361,7,0.0,0.0,0.0,0.0,Current,0,,0.0,,REVIEW,0.8
LN003361,8,0.0,0.0,0.0,0.0,Current,0,,0.0,,REVIEW,0.8
LN003361,9,0.0,0.0,0.0,0.0,Current,0,,0.0,,REVIEW,0.8
LN003361,10,0.0,0.0,0.0,0.0,Current,0,,0.0,,REVIEW,0.8
LN003361,11,0.0,0.0,0.0,0.0,Current,0,,0.0,,REVIEW,0.8
LN003362,1,0.0,0.0,0.0,0.0,Current,0,,0.0,,REVIEW,0.8
LN003362,2,0.0,0.0,0.0,0.0,Current,0,,0.0,,REVIEW,0.8
LN003362,3,0.0,0.0,0.0,0.0,Current,0,,0.0,,REVIEW,0.8
LN003362,4,0.0,0.0,0.0,0.0,Current,0,,0.0,,REVIEW,0.8
LN003362,5,0.0,0.0,0.0,0.0,Current,0,,0.0,,REVIEW,0.8
LN003362,6,0.0,0.0,0.0,0.0,Current,0,,0.0,,REVIEW,0.8
LN003362,7,0.0,0.0,0.0,0.0,Current,0,,0.0,,REVIEW,0.8
LN003362,8,0.0,0.0,0.0,0.0,Current,0,,0.0,,REVIEW,0.8
LN003362,9,0.0,0.0,0.0,0.0,Current,0,,0.0,,REVIEW,0.8
LN003362,10,0.0,0.0,0.0,0.0,Current,0,,0.0,,REVIEW,0.8
LN003362,11,0.0,0.0,0.0,0.0,Current,0,,0.0,,REVIEW,0.8
LN003362,12,0.0,0.0,0.0,0.0,Current,0,,0.0,,REVIEW,0.8
LN003362,13,0.0,0.0,0.0,0.0,Current,0,,0.0,,REVIEW,0.8
LN003362,14,0.0,0.0,0.0,0.0,Current,0,,0.0,,REVIEW,0.8
LN003362,15,0.0,0.0,0.0,0.0,Current,0,,0.0,,REVIEW,0.8
LN003362,16,0.0,0.0,0.0,0.0,Current,0,,0.0,,REVIEW,0.8
LN003362,17,0.0,0.0,0.0,0.0,Current,0,,0.0,,REVIEW,0.8
LN003362,18,0.0,0.0,0.0,0.0,Current,0,,0.0,,REVIEW,0.8
LN003362,19,0.0,0.0,0.0,0.0,Current,0,,0.0,,REVIEW,0.8
LN003362,20,0.0,0.0,0.0,0.0,Current,0,,0.0,,REVIEW,0.8
LN003362,21,0.0,0.0,0.0,0.0,Current,0,,0.0,,REVIEW,0.8
LN003362,22,0.0,0.0,0.0,0.0,Current,0,,0.0,,REVIEW,0.8
LN003362,23,0.0,0.0,0.0,0.0,Current,0,,0.0,,REVIEW,0.8
LN003362,24,0.0,0.0,0.0,0.0,Current,0,,0.0,,REVIEW,0.8
LN003363,1,0.0,0.0,0.0,0.0,Current,0,,0.0,,REVIEW,0.8
LN003363,2,0.0,0.0,0.0,0.0,Current,0,,0.0,,REVIEW,0.8
LN003363,3,0.0,0.0,0.0,0.0,Current,0,,0.0,,REVIEW,0.8
LN003363,4,0.0,0.0,0.0,0.0,Current,0,,0.0,,REVIEW,0.8
LN003363,5,0.0,0.0,0.0,0.0,Current,0,,0.0,,REVIEW,0.8
LN003363,6,0.0,0.0,0.0,0.0,Current,0,,0.0,,REVIEW,0.8
LN003363,7,0.0,0.0,0.0,0.0,Current,0,,0.0,,REVIEW,0.8
LN003363,8,0.0,0.0,0.0,0.0,Current,0,,0.0,,REVIEW,0.8
LN003363,9,0.0,0.0,0.0,0.0,Current,0,,0.0,,REVIEW,0.8
LN003363,10,0.0,0.0,0.0,0.0,Current,0,,0.0,,REVIEW,0.8
LN003363,11,0.0,0.0,0.0,0.0,Current,0,,0.0,,REVIEW,0.8
LN003363,12,0.0,0.0,0.0,0.0,Current,0,,0.0,,REVIEW,0.8
LN003363,13,0.0,0.0,0.0,0.0,Current,0,,0.0,,REVIEW,0.8
LN003363,14,0.0,0.0,0.0,0.0,Current,0,,0.0,,REVIEW,0.8
LN003363,15,0.0,0.0,0.0,0.0,Current,0,,0.0,,REVIEW,0.8
LN003363,16,0.0,0.0,0.0,0.0,Current,0,,0.0,,REVIEW,0.8
LN003363,17,0.0,0.0,0.0,0.0,Current,0,,0.0,,REVIEW,0.8
LN003363,18,0.0,0.0,0.0,0.0,Current,0,,0.0,,REVIEW,0.8
LN003363,19,0.0,0.0,0.0,0.0,Current,0,,0.0,,REVIEW,0.8
LN003363,20,0.0,0.0,0.0,0.0,Current,0,,0.0,,REVIEW,0.8
LN003363,21,0.0,0.0,0.0,0.0,Current,0,,0.0,,REVIEW,0.8
LN003363,22,0.0,0.0,0.0,0.0,Current,0,,0.0,,REVIEW,0.8
LN003363,23,0.0,0.0,0.0,0.0,Current,0,,0.0,,REVIEW,0.8
LN003363,24,0.0,0.0,0.0,0.0,Current,0,,0.0,,REVIEW,0.8
LN003364,1,0.0,0.0,0.0,0.0,Current,0,,0.0,,REVIEW,0.8
LN003364,2,0.0,0.0,0.0,0.0,Current,0,,0.0,,REVIEW,0.8
LN003364,3,0.0,0.0,0.0,0.0,Current,0,,0.0,,REVIEW,0.8
LN003364,4,0.0,0.0,0.0,0.0,Current,0,,0.0,,REVIEW,0.8
LN003364,5,0.0,0.0,0.0,0.0,Current,0,,0.0,,REVIEW,0.8
LN003364,6,0.0,0.0,0.0,0.0,Current,0,,0.0,,REVIEW,0.8
LN003364,7,0.0,0.0,0.0,0.0,Current,0,,0.0,,REVIEW,0.8
LN003364,8,0.0,0.0,0.0,0.0,Current,0,,0.0,,REVIEW,0.8
LN003364,9,0.0,0.0,0.0,0.0,Current,0,,0.0,,REVIEW,0.8
LN003364,10,0.0,0.0,0.0,0.0,Current,0,,0.0,,REVIEW,0.8
LN003364,11,0.0,0.0,0.0,0.0,Current,0,,0.0,,REVIEW,0.8
LN003364,12,0.0,0.0,0.0,0.0,Current,0,,0.0,,REVIEW,0.8
LN003364,13,0.0,0.0,0.0,0.0,Current,0,,0.0,,REVIEW,0.8
LN003364,14,0.0,0.0,0.0,0.0,Current,0,,0.0,,REVIEW,0.8
LN003365,1,0.0,0.0,0.0,0.0,Current,0,,0.0,,REVIEW,0.8
LN003365,2,0.0,0.0,0.0,0.0,Current,0,,0.0,,REVIEW,0.8
LN003365,3,0.0,0.0,0.0,0.0,Current,0,,0.0,,REVIEW,0.8
LN003365,4,0.0,0.0,0.0,0.0,Current,0,,0.0,,REVIEW,0.8
LN003365,5,0.0,0.0,0.0,0.0,Current,0,,0.0,,REVIEW,0.8
LN003365,6,0.0,0.0,0.0,0.0,Current,0,,0.0,,REVIEW,0.8
LN003365,7,0.0,0.0,0.0,0.0,Current,0,,0.0,,REVIEW,0.8
LN003365,8,0.0,0.0,0.0,0.0,Current,0,,0.0,,REVIEW,0.8
LN003365,9,0.0,0.0,0.0,0.0,Current,0,,0.0,,REVIEW,0.8
LN003365,10,0.0,0.0,0.0,0.0,Current,0,,0.0,,REVIEW,0.8
LN003365,11,0.0,0.0,0.0,0.0,Current,0,,0.0,,REVIEW,0.8
LN003365,12,0.0,0.0,0.0,0.0,Current,0,,0.0,,REVIEW,0.8
LN003365,13,0.0,0.0,0.0,0.0,Current,0,,0.0,,REVIEW,0.8
LN003365,14,0.0,0.0,0.0,0.0,Current,0,,0.0,,REVIEW,0.8
LN003365,15,0.0,0.0,0.0,0.0,Current,0,,0.0,,REVIEW,0.8
LN003365,16,0.0,0.0,0.0,0.0,Current,0,,0.0,,REVIEW,0.8
LN003366,1,0.0,0.0,0.0,0.0,Current,0,,0.0,,REVIEW,0.8
LN003366,2,0.0,0.0,0.0,0.0,Current,0,,0.0,,REVIEW,0.8
LN003366,3,0.0,0.0,0.0,0.0,Current,0,,0.0,,REVIEW,0.8
LN003366,4,0.0,0.0,0.0,0.0,Current,0,,0.0,,REVIEW,0.8
LN003366,5,0.0,0.0,0.0,0.0,Current,0,,0.0,,REVIEW,0.8
LN003366,6,0.0,0.0,0.0,0.0,Current,0,,0.0,,REVIEW,0.8
LN003366,7,0.0,0.0,0.0,0.0,Current,0,,0.0,,REVIEW,0.8
LN003366,8,0.0,0.0,0.0,0.0,Current,0,,0.0,,REVIEW,0.8
LN003366,9,0.0,0.0,0.0,0.0,Current,0,,0.0,,REVIEW,0.8
LN003366,10,0.0,0.0,0.0,0.0,Current,0,,0.0,,REVIEW,0.8
LN003366,11,0.0,0.0,0.0,0.0,Current,0,,0.0,,REVIEW,0.8
LN003366,12,0.0,0.0,0.0,0.0,Current,0,,0.0,,REVIEW,0.8
LN003366,13,0.0,0.0,0.0,0.0,Current,0,,0.0,,REVIEW,0.8
LN003366,14,0.0,0.0,0.0,0.0,Current,0,,0.0,,REVIEW,0.8
LN003366,15,0.0,0.0,0.0,0.0,Current,0,,0.0,,REVIEW,0.8
LN003366,16,0.0,0.0,0.0,0.0,Current,0,,0.0,,REVIEW,0.8
LN003366,17,0.0,0.0,0.0,0.0,Current,0,,0.0,,REVIEW,0.8
LN003366,18,0.0,0.0,0.0,0.0,Current,0,,0.0,,REVIEW,0.8
LN003366,19,0.0,0.0,0.0,0.0,Current,0,,0.0,,REVIEW,0.8
LN003366,20,0.0,0.0,0.0,0.0,Current,0,,0.0,,REVIEW,0.8
LN003366,21,0.0,0.0,0.0,0.0,Current,0,,0.0,,REVIEW,0.8
LN003367,1,0.0,0.0,0.0,0.0,Current,0,,0.0,,REVIEW,0.8
LN003367,2,0.0,0.0,0.0,0.0,Current,0,,0.0,,REVIEW,0.8
LN003367,3,0.0,0.0,0.0,0.0,Current,0,,0.0,,REVIEW,0.8
LN003367,4,0.0,0.0,0.0,0.0,Current,0,,0.0,,REVIEW,0.8
LN003367,5,0.0,0.0,0.0,0.0,Current,0,,0.0,,REVIEW,0.8
LN003367,6,0.0,0.0,0.0,0.0,Current,0,,0.0,,REVIEW,0.8
LN003367,7,0.0,0.0,0.0,0.0,Current,0,,0.0,,REVIEW,0.8
LN003367,8,0.0,0.0,0.0,0.0,Current,0,,0.0,,REVIEW,0.8
LN003367,9,0.0,0.0,0.0,0.0,Current,0,,0.0,,REVIEW,0.8
LN003367,10,0.0,0.0,0.0,0.0,Current,0,,0.0,,REVIEW,0.8
LN003367,11,0.0,0.0,0.0,0.0,Current,0,,0.0,,REVIEW,0.8
LN003367,12,0.0,0.0,0.0,0.0,Current,0,,0.0,,REVIEW,0.8
LN003367,13,0.0,0.0,0.0,0.0,Current,0,,0.0,,REVIEW,0.8
LN003367,14,0.0,0.0,0.0,0.0,Current,0,,0.0,,REVIEW,0.8
LN003367,15,0.0,0.0,0.0,0.0,Current,0,,0.0,,REVIEW,0.8
LN003367,16,0.0,0.0,0.0,0.0,Current,0,,0.0,,REVIEW,0.8
LN003367,17,0.0,0.0,0.0,0.0,Current,0,,0.0,,REVIEW,0.8
LN003367,18,0.0,0.0,0.0,0.0,Current,0,,0.0,,REVIEW,0.8
LN003367,19,0.0,0.0,0.0,0.0,Current,0,,0.0,,REVIEW,0.8
LN003367,20,0.0,0.0,0.0,0.0,Current,0,,0.0,,REVIEW,0.8
LN003367,21,0.0,0.0,0.0,0.0,Current,0,,0.0,,REVIEW,0.8
LN003367,22,0.0,0.0,0.0,0.0,Current,0,,0.0,,REVIEW,0.8
LN003367,23,0.0,0.0,0.0,0.0,Current,0,,0.0,,REVIEW,0.8
LN003367,24,0.0,0.0,0.0,0.0,Current,0,,0.0,,REVIEW,0.8
LN003368,1,0.0,0.0,0.0,0.0,Current,0,,0.0,,REVIEW,0.8
LN003368,2,0.0,0.0,0.0,0.0,Current,0,,0.0,,REVIEW,0.8
LN003368,3,0.0,0.0,0.0,0.0,Current,0,,0.0,,REVIEW,0.8
LN003368,4,0.0,0.0,0.0,0.0,Current,0,,0.0,,REVIEW,0.8
LN003368,5,0.0,0.0,0.0,0.0,Current,0,,0.0,,REVIEW,0.8
LN003368,6,0.0,0.0,0.0,0.0,Current,0,,0.0,,REVIEW,0.8
LN003368,7,0.0,0.0,0.0,0.0,Current,0,,0.0,,REVIEW,0.8
LN003369,1,0.0,0.0,0.0,0.0,Current,0,,0.0,,REVIEW,0.8
LN003369,2,0.0,0.0,0.0,0.0,Current,0,,0.0,,REVIEW,0.8
LN003369,3,0.0,0.0,0.0,0.0,Current,0,,0.0,,REVIEW,0.8
LN003369,4,0.0,0.0,0.0,0.0,Current,0,,0.0,,REVIEW,0.8
LN003369,5,0.0,0.0,0.0,0.0,Current,0,,0.0,,REVIEW,0.8
LN003369,6,0.0,0.0,0.0,0.0,Current,0,,0.0,,REVIEW,0.8
LN003369,7,0.0,0.0,0.0,0.0,Current,0,,0.0,,REVIEW,0.8
LN003369,8,0.0,0.0,0.0,0.0,Current,0,,0.0,,REVIEW,0.8
LN003369,9,0.0,0.0,0.0,0.0,Current,0,,0.0,,REVIEW,0.8
LN003369,10,0.0,0.0,0.0,0.0,Current,0,,0.0,,REVIEW,0.8
LN003370,1,0.0,0.0,0.0,0.0,Current,0,,0.0,,REVIEW,0.8
LN003370,2,0.0,0.0,0.0,0.0,Current,0,,0.0,,REVIEW,0.8
LN003370,3,0.0,0.0,0.0,0.0,Current,0,,0.0,,REVIEW,0.8
LN003370,4,0.0,0.0,0.0,0.0,Current,0,,0.0,,REVIEW,0.8
LN003370,5,0.0,0.0,0.0,0.0,Current,0,,0.0,,REVIEW,0.8
LN003370,6,0.0,0.0,0.0,0.0,Current,0,,0.0,,REVIEW,0.8
LN003370,7,0.0,0.0,0.0,0.0,Current,0,,0.0,,REVIEW,0.8
LN003370,8,0.0,0.0,0.0,0.0,Current,0,,0.0,,REVIEW,0.8
LN003370,9,0.0,0.0,0.0,0.0,Current,0,,0.0,,REVIEW,0.8
LN003371,1,0.0,0.0,0.0,0.0,Current,0,,0.0,,REVIEW,0.8
LN003371,2,0.0,0.0,0.0,0.0,Current,0,,0.0,,REVIEW,0.8
LN003371,3,0.0,0.0,0.0,0.0,Current,0,,0.0,,REVIEW,0.8
LN003371,4,0.0,0.0,0.0,0.0,Current,0,,0.0,,REVIEW,0.8
LN003371,5,0.0,0.0,0.0,0.0,Current,0,,0.0,,REVIEW,0.8
LN003371,6,0.0,0.0,0.0,0.0,Current,0,,0.0,,REVIEW,0.8
LN003371,7,0.0,0.0,0.0,0.0,Current,0,,0.0,,REVIEW,0.8
LN003371,8,0.0,0.0,0.0,0.0,Current,0,,0.0,,REVIEW,0.8
LN003371,9,0.0,0.0,0.0,0.0,Current,0,,0.0,,REVIEW,0.8
LN003371,10,0.0,0.0,0.0,0.0,Current,0,,0.0,,REVIEW,0.8
LN003371,11,0.0,0.0,0.0,0.0,Current,0,,0.0,,REVIEW,0.8
LN003371,12,0.0,0.0,0.0,0.0,Current,0,,0.0,,REVIEW,0.8
LN003371,13,0.0,0.0,0.0,0.0,Current,0,,0.0,,REVIEW,0.8
LN003371,14,0.0,0.0,0.0,0.0,Current,0,,0.0,,REVIEW,0.8
LN003371,15,0.0,0.0,0.0,0.0,Current,0,,0.0,,REVIEW,0.8
LN003371,16,0.0,0.0,0.0,0.0,Current,0,,0.0,,REVIEW,0.8
LN003371,17,0.0,0.0,0.0,0.0,Current,0,,0.0,,REVIEW,0.8
LN003371,18,0.0,0.0,0.0,0.0,Current,0,,0.0,,REVIEW,0.8
LN003371,19,0.0,0.0,0.0,0.0,Current,0,,0.0,,REVIEW,0.8
LN003371,20,0.0,0.0,0.0,0.0,Current,0,,0.0,,REVIEW,0.8
LN003371,21,0.0,0.0,0.0,0.0,Current,0,,0.0,,REVIEW,0.8
LN003371,22,0.0,0.0,0.0,0.0,Current,0,,0.0,,REVIEW,0.8
LN003371,23,0.0,0.0,0.0,0.0,Current,0,,0.0,,REVIEW,0.8
LN003371,24,0.0,0.0,0.0,0.0,Current,0,,0.0,,REVIEW,0.8
LN003372,1,0.0,0.0,0.0,0.0,Current,0,,0.0,,REVIEW,0.8
LN003372,2,0.0,0.0,0.0,0.0,Current,0,,0.0,,REVIEW,0.8
LN003372,3,0.0,0.0,0.0,0.0,Current,0,,0.0,,REVIEW,0.8
LN003372,4,0.0,0.0,0.0,0.0,Current,0,,0.0,,REVIEW,0.8
LN003372,5,0.0,0.0,0.0,0.0,Current,0,,0.0,,REVIEW,0.8
LN003372,6,0.0,0.0,0.0,0.0,Current,0,,0.0,,REVIEW,0.8
LN003372,7,0.0,0.0,0.0,0.0,Current,0,,0.0,,REVIEW,0.8
LN003373,1,0.0,0.0,0.0,0.0,Current,0,,0.0,,REVIEW,0.8
LN003373,2,0.0,0.0,0.0,0.0,Current,0,,0.0,,REVIEW,0.8
LN003373,3,0.0,0.0,0.0,0.0,Current,0,,0.0,,REVIEW,0.8
LN003373,4,0.0,0.0,0.0,0.0,Current,0,,0.0,,REVIEW,0.8
LN003373,5,0.0,0.0,0.0,0.0,Current,0,,0.0,,REVIEW,0.8
LN003373,6,0.0,0.0,0.0,0.0,Current,0,,0.0,,REVIEW,0.8
LN003373,7,0.0,0.0,0.0,0.0,Current,0,,0.0,,REVIEW,0.8
LN003373,8,0.0,0.0,0.0,0.0,Current,0,,0.0,,REVIEW,0.8
LN003373,9,0.0,0.0,0.0,0.0,Current,0,,0.0,,REVIEW,0.8
LN003373,10,0.0,0.0,0.0,0.0,Current,0,,0.0,,REVIEW,0.8
LN003373,11,0.0,0.0,0.0,0.0,Current,0,,0.0,,REVIEW,0.8
LN003373,12,0.0,0.0,0.0,0.0,Current,0,,0.0,,REVIEW,0.8
LN003373,13,0.0,0.0,0.0,0.0,Current,0,,0.0,,REVIEW,0.8
LN003373,14,0.0,0.0,0.0,0.0,Current,0,,0.0,,REVIEW,0.8
LN003373,15,0.0,0.0,0.0,0.0,Current,0,,0.0,,REVIEW,0.8
LN003373,16,0.0,0.0,0.0,0.0,Current,0,,0.0,,REVIEW,0.8
LN003373,17,0.0,0.0,0.0,0.0,Current,0,,0.0,,REVIEW,0.8
LN003373,18,0.0,0.0,0.0,0.0,Current,0,,0.0,,REVIEW,0.8
LN003373,19,0.0,0.0,0.0,0.0,Current,0,,0.0,,REVIEW,0.8
LN003373,20,0.0,0.0,0.0,0.0,Current,0,,0.0,,REVIEW,0.8
LN003373,21,0.0,0.0,0.0,0.0,Current,0,,0.0,,REVIEW,0.8
LN003373,22,0.0,0.0,0.0,0.0,Current,0,,0.0,,REVIEW,0.8
LN003373,23,0.0,0.0,0.0,0.0,Current,0,,0.0,,REVIEW,0.8
LN003373,24,0.0,0.0,0.0,0.0,Current,0,,0.0,,REVIEW,0.8
LN003374,1,0.0,0.0,0.0,0.0,Current,0,,0.0,,REVIEW,0.8
LN003374,2,0.0,0.0,0.0,0.0,Current,0,,0.0,,REVIEW,0.8
LN003374,3,0.0,0.0,0.0,0.0,Current,0,,0.0,,REVIEW,0.8
LN003374,4,0.0,0.0,0.0,0.0,Current,0,,0.0,,REVIEW,0.8
LN003374,5,0.0,0.0,0.0,0.0,Current,0,,0.0,,REVIEW,0.8
LN003374,6,0.0,0.0,0.0,0.0,Current,0,,0.0,,REVIEW,0.8
LN003374,7,0.0,0.0,0.0,0.0,Current,0,,0.0,,REVIEW,0.8
LN003374,8,0.0,0.0,0.0,0.0,Current,0,,0.0,,REVIEW,0.8
LN003374,9,0.0,0.0,0.0,0.0,Current,0,,0.0,,REVIEW,0.8
LN003374,10,0.0,0.0,0.0,0.0,Current,0,,0.0,,REVIEW,0.8
LN003374,11,0.0,0.0,0.0,0.0,Current,0,,0.0,,REVIEW,0.8
LN003374,12,0.0,0.0,0.0,0.0,Current,0,,0.0,,REVIEW,0.8
LN003375,1,0.0,0.0,0.0,0.0,Current,0,,0.0,,REVIEW,0.8
LN003375,2,0.0,0.0,0.0,0.0,Current,0,,0.0,,REVIEW,0.8
LN003375,3,0.0,0.0,0.0,0.0,Current,0,,0.0,,REVIEW,0.8
LN003375,4,0.0,0.0,0.0,0.0,Current,0,,0.0,,REVIEW,0.8
LN003375,5,0.0,0.0,0.0,0.0,Current,0,,0.0,,REVIEW,0.8
LN003375,6,0.0,0.0,0.0,0.0,Current,0,,0.0,,REVIEW,0.8
LN003375,7,0.0,0.0,0.0,0.0,Current,0,,0.0,,REVIEW,0.8
LN003375,8,0.0,0.0,0.0,0.0,Current,0,,0.0,,REVIEW,0.8
LN003375,9,0.0,0.0,0.0,0.0,Current,0,,0.0,,REVIEW,0.8
LN003375,10,0.0,0.0,0.0,0.0,Current,0,,0.0,,REVIEW,0.8
LN003375,11,0.0,0.0,0.0,0.0,Current,0,,0.0,,REVIEW,0.8
LN003375,12,0.0,0.0,0.0,0.0,Current,0,,0.0,,REVIEW,0.8
LN003375,13,0.0,0.0,0.0,0.0,Current,0,,0.0,,REVIEW,0.8
LN003375,14,0.0,0.0,0.0,0.0,Current,0,,0.0,,REVIEW,0.8
LN003375,15,0.0,0.0,0.0,0.0,Current,0,,0.0,,REVIEW,0.8
LN003375,16,0.0,0.0,0.0,0.0,Current,0,,0.0,,REVIEW,0.8
LN003375,17,0.0,0.0,0.0,0.0,Current,0,,0.0,,REVIEW,0.8
LN003375,18,0.0,0.0,0.0,0.0,Current,0,,0.0,,REVIEW,0.8
LN003375,19,0.0,0.0,0.0,0.0,Current,0,,0.0,,REVIEW,0.8
LN003375,20,0.0,0.0,0.0,0.0,Current,0,,0.0,,REVIEW,0.8
LN003375,21,0.0,0.0,0.0,0.0,Current,0,,0.0,,REVIEW,0.8
LN003375,22,0.0,0.0,0.0,0.0,Current,0,,0.0,,REVIEW,0.8
LN003375,23,0.0,0.0,0.0,0.0,Current,0,,0.0,,REVIEW,0.8
LN003375,24,0.0,0.0,0.0,0.0,Current,0,,0.0,,REVIEW,0.8
LN003376,1,0.0,0.0,0.0,0.0,Current,0,,0.0,,REVIEW,0.8
LN003376,2,0.0,0.0,0.0,0.0,Current,0,,0.0,,REVIEW,0.8
LN003377,1,0.0,0.0,0.0,0.0,Current,0,,0.0,,REVIEW,0.8
LN003377,2,0.0,0.0,0.0,0.0,Current,0,,0.0,,REVIEW,0.8
LN003377,3,0.0,0.0,0.0,0.0,Current,0,,0.0,,REVIEW,0.8
LN003377,4,0.0,0.0,0.0,0.0,Current,0,,0.0,,REVIEW,0.8
LN003377,5,0.0,0.0,0.0,0.0,Current,0,,0.0,,REVIEW,0.8
LN003377,6,0.0,0.0,0.0,0.0,Current,0,,0.0,,REVIEW,0.8
LN003377,7,0.0,0.0,0.0,0.0,Current,0,,0.0,,REVIEW,0.8
LN003377,8,0.0,0.0,0.0,0.0,Current,0,,0.0,,REVIEW,0.8
LN003377,9,0.0,0.0,0.0,0.0,Current,0,,0.0,,REVIEW,0.8
LN003377,10,0.0,0.0,0.0,0.0,Current,0,,0.0,,REVIEW,0.8
LN003377,11,0.0,0.0,0.0,0.0,Current,0,,0.0,,REVIEW,0.8
LN003377,12,0.0,0.0,0.0,0.0,Current,0,,0.0,,REVIEW,0.8
LN003377,13,0.0,0.0,0.0,0.0,Current,0,,0.0,,REVIEW,0.8
LN003378,1,0.0,0.0,0.0,0.0,Current,0,,0.0,,REVIEW,0.8
LN003378,2,0.0,0.0,0.0,0.0,Current,0,,0.0,,REVIEW,0.8
LN003378,3,0.0,0.0,0.0,0.0,Current,0,,0.0,,REVIEW,0.8
LN003378,4,0.0,0.0,0.0,0.0,Current,0,,0.0,,REVIEW,0.8
LN003378,5,0.0,0.0,0.0,0.0,Current,0,,0.0,,REVIEW,0.8
LN003378,6,0.0,0.0,0.0,0.0,Current,0,,0.0,,REVIEW,0.8
LN003378,7,0.0,0.0,0.0,0.0,Current,0,,0.0,,REVIEW,0.8
LN003378,8,0.0,0.0,0.0,0.0,Current,0,,0.0,,REVIEW,0.8
LN003378,9,0.0,0.0,0.0,0.0,Current,0,,0.0,,REVIEW,0.8
LN003378,10,0.0,0.0,0.0,0.0,Current,0,,0.0,,REVIEW,0.8
LN003378,11,0.0,0.0,0.0,0.0,Current,0,,0.0,,REVIEW,0.8
LN003378,12,0.0,0.0,0.0,0.0,Current,0,,0.0,,REVIEW,0.8
LN003378,13,0.0,0.0,0.0,0.0,Current,0,,0.0,,REVIEW,0.8
LN003378,14,0.0,0.0,0.0,0.0,Current,0,,0.0,,REVIEW,0.8
LN003378,15,0.0,0.0,0.0,0.0,Current,0,,0.0,,REVIEW,0.8
LN003378,16,0.0,0.0,0.0,0.0,Current,0,,0.0,,REVIEW,0.8
LN003378,17,0.0,0.0,0.0,0.0,Current,0,,0.0,,REVIEW,0.8
LN003378,18,0.0,0.0,0.0,0.0,Current,0,,0.0,,REVIEW,0.8
LN003378,19,0.0,0.0,0.0,0.0,Current,0,,0.0,,REVIEW,0.8
LN003378,20,0.0,0.0,0.0,0.0,Current,0,,0.0,,REVIEW,0.8
LN003378,21,0.0,0.0,0.0,0.0,Current,0,,0.0,,REVIEW,0.8
LN003379,1,0.0,0.0,0.0,0.0,Current,0,,0.0,,REVIEW,0.8
LN003379,2,0.0,0.0,0.0,0.0,Current,0,,0.0,,REVIEW,0.8
LN003379,3,0.0,0.0,0.0,0.0,Current,0,,0.0,,REVIEW,0.8
LN003379,4,0.0,0.0,0.0,0.0,Current,0,,0.0,,REVIEW,0.8
LN003379,5,0.0,0.0,0.0,0.0,Current,0,,0.0,,REVIEW,0.8
LN003379,6,0.0,0.0,0.0,0.0,Current,0,,0.0,,REVIEW,0.8
LN003379,7,0.0,0.0,0.0,0.0,Current,0,,0.0,,REVIEW,0.8
LN003379,8,0.0,0.0,0.0,0.0,Current,0,,0.0,,REVIEW,0.8
LN003379,9,0.0,0.0,0.0,0.0,Current,0,,0.0,,REVIEW,0.8
LN003379,10,0.0,0.0,0.0,0.0,Current,0,,0.0,,REVIEW,0.8
LN003379,11,0.0,0.0,0.0,0.0,Current,0,,0.0,,REVIEW,0.8
LN003379,12,0.0,0.0,0.0,0.0,Current,0,,0.0,,REVIEW,0.8
LN003379,13,0.0,0.0,0.0,0.0,Current,0,,0.0,,REVIEW,0.8
LN003379,14,0.0,0.0,0.0,0.0,Current,0,,0.0,,REVIEW,0.8
LN003379,15,0.0,0.0,0.0,0.0,Current,0,,0.0,,REVIEW,0.8
LN003379,16,0.0,0.0,0.0,0.0,Current,0,,0.0,,REVIEW,0.8
LN003379,17,0.0,0.0,0.0,0.0,Current,0,,0.0,,REVIEW,0.8
LN003379,18,0.0,0.0,0.0,0.0,Current,0,,0.0,,REVIEW,0.8
LN003379,19,0.0,0.0,0.0,0.0,Current,0,,0.0,,REVIEW,0.8
LN003379,20,0.0,0.0,0.0,0.0,Current,0,,0.0,,REVIEW,0.8
LN003379,21,0.0,0.0,0.0,0.0,Current,0,,0.0,,REVIEW,0.8
LN003379,22,0.0,0.0,0.0,0.0,Current,0,,0.0,,REVIEW,0.8
LN003379,23,0.0,0.0,0.0,0.0,Current,0,,0.0,,REVIEW,0.8
LN003379,24,0.0,0.0,0.0,0.0,Current,0,,0.0,,REVIEW,0.8
LN003380,1,0.0,0.0,0.0,0.0,Current,0,,0.0,,REVIEW,0.8
LN003380,2,0.0,0.0,0.0,0.0,Current,0,,0.0,,REVIEW,0.8
LN003380,3,0.0,0.0,0.0,0.0,Current,0,,0.0,,REVIEW,0.8
LN003380,4,0.0,0.0,0.0,0.0,Current,0,,0.0,,REVIEW,0.8
LN003380,5,0.0,0.0,0.0,0.0,Current,0,,0.0,,REVIEW,0.8
LN003380,6,0.0,0.0,0.0,0.0,Current,0,,0.0,,REVIEW,0.8
LN003380,7,0.0,0.0,0.0,0.0,Current,0,,0.0,,REVIEW,0.8
LN003380,8,0.0,0.0,0.0,0.0,Current,0,,0.0,,REVIEW,0.8
LN003380,9,0.0,0.0,0.0,0.0,Current,0,,0.0,,REVIEW,0.8
LN003380,10,0.0,0.0,0.0,0.0,Current,0,,0.0,,REVIEW,0.8
LN003380,11,0.0,0.0,0.0,0.0,Current,0,,0.0,,REVIEW,0.8
LN003380,12,0.0,0.0,0.0,0.0,Current,0,,0.0,,REVIEW,0.8
LN003380,13,0.0,0.0,0.0,0.0,Current,0,,0.0,,REVIEW,0.8
LN003380,14,0.0,0.0,0.0,0.0,Current,0,,0.0,,REVIEW,0.8
LN003380,15,0.0,0.0,0.0,0.0,Current,0,,0.0,,REVIEW,0.8
LN003380,16,0.0,0.0,0.0,0.0,Current,0,,0.0,,REVIEW,0.8
LN003380,17,0.0,0.0,0.0,0.0,Current,0,,0.0,,REVIEW,0.8
LN003381,1,0.0,0.0,0.0,0.0,Current,0,,0.0,,REVIEW,0.8
LN003381,2,0.0,0.0,0.0,0.0,Current,0,,0.0,,REVIEW,0.8
LN003381,3,0.0,0.0,0.0,0.0,Current,0,,0.0,,REVIEW,0.8
LN003381,4,0.0,0.0,0.0,0.0,Current,0,,0.0,,REVIEW,0.8
LN003381,5,0.0,0.0,0.0,0.0,Current,0,,0.0,,REVIEW,0.8
LN003381,6,0.0,0.0,0.0,0.0,Current,0,,0.0,,REVIEW,0.8
LN003381,7,0.0,0.0,0.0,0.0,Current,0,,0.0,,REVIEW,0.8
LN003381,8,0.0,0.0,0.0,0.0,Current,0,,0.0,,REVIEW,0.8
LN003381,9,0.0,0.0,0.0,0.0,Current,0,,0.0,,REVIEW,0.8
LN003381,10,0.0,0.0,0.0,0.0,Current,0,,0.0,,REVIEW,0.8
LN003381,11,0.0,0.0,0.0,0.0,Current,0,,0.0,,REVIEW,0.8
LN003381,12,0.0,0.0,0.0,0.0,Current,0,,0.0,,REVIEW,0.8
LN003381,13,0.0,0.0,0.0,0.0,Current,0,,0.0,,REVIEW,0.8
LN003381,14,0.0,0.0,0.0,0.0,Current,0,,0.0,,REVIEW,0.8
LN003381,15,0.0,0.0,0.0,0.0,Current,0,,0.0,,REVIEW,0.8
LN003381,16,0.0,0.0,0.0,0.0,Current,0,,0.0,,REVIEW,0.8
LN003381,17,0.0,0.0,0.0,0.0,Current,0,,0.0,,REVIEW,0.8
LN003381,18,0.0,0.0,0.0,0.0,Current,0,,0.0,,REVIEW,0.8
LN003381,19,0.0,0.0,0.0,0.0,Current,0,,0.0,,REVIEW,0.8
LN003381,20,0.0,0.0,0.0,0.0,Current,0,,0.0,,REVIEW,0.8
LN003381,21,0.0,0.0,0.0,0.0,Current,0,,0.0,,REVIEW,0.8
LN003381,22,0.0,0.0,0.0,0.0,Current,0,,0.0,,REVIEW,0.8
LN003381,23,0.0,0.0,0.0,0.0,Current,0,,0.0,,REVIEW,0.8
LN003381,24,0.0,0.0,0.0,0.0,Current,0,,0.0,,REVIEW,0.8
LN003382,1,0.0,0.0,0.0,0.0,Current,0,,0.0,,REVIEW,0.8
LN003382,2,0.0,0.0,0.0,0.0,Current,0,,0.0,,REVIEW,0.8
LN003382,3,0.0,0.0,0.0,0.0,Current,0,,0.0,,REVIEW,0.8
LN003382,4,0.0,0.0,0.0,0.0,Current,0,,0.0,,REVIEW,0.8
LN003382,5,0.0,0.0,0.0,0.0,Current,0,,0.0,,REVIEW,0.8
LN003382,6,0.0,0.0,0.0,0.0,Current,0,,0.0,,REVIEW,0.8
LN003382,7,0.0,0.0,0.0,0.0,Current,0,,0.0,,REVIEW,0.8
LN003382,8,0.0,0.0,0.0,0.0,Current,0,,0.0,,REVIEW,0.8
LN003382,9,0.0,0.0,0.0,0.0,Current,0,,0.0,,REVIEW,0.8
LN003382,10,0.0,0.0,0.0,0.0,Current,0,,0.0,,REVIEW,0.8
LN003382,11,0.0,0.0,0.0,0.0,Current,0,,0.0,,REVIEW,0.8
LN003382,12,0.0,0.0,0.0,0.0,Current,0,,0.0,,REVIEW,0.8
LN003382,13,0.0,0.0,0.0,0.0,Current,0,,0.0,,REVIEW,0.8
LN003382,14,0.0,0.0,0.0,0.0,Current,0,,0.0,,REVIEW,0.8
LN003382,15,0.0,0.0,0.0,0.0,Current,0,,0.0,,REVIEW,0.8
LN003382,16,0.0,0.0,0.0,0.0,Current,0,,0.0,,REVIEW,0.8
LN003382,17,0.0,0.0,0.0,0.0,Current,0,,0.0,,REVIEW,0.8
LN003382,18,0.0,0.0,0.0,0.0,Current,0,,0.0,,REVIEW,0.8
LN003382,19,0.0,0.0,0.0,0.0,Current,0,,0.0,,REVIEW,0.8
LN003382,20,0.0,0.0,0.0,0.0,Current,0,,0.0,,REVIEW,0.8
LN003382,21,0.0,0.0,0.0,0.0,Current,0,,0.0,,REVIEW,0.8
LN003382,22,0.0,0.0,0.0,0.0,Current,0,,0.0,,REVIEW,0.8
LN003382,23,0.0,0.0,0.0,0.0,Current,0,,0.0,,REVIEW,0.8
LN003382,24,0.0,0.0,0.0,0.0,Current,0,,0.0,,REVIEW,0.8
LN003383,1,0.0,0.0,0.0,0.0,Current,0,,0.0,,REVIEW,0.8
LN003383,2,0.0,0.0,0.0,0.0,Current,0,,0.0,,REVIEW,0.8
LN003383,3,0.0,0.0,0.0,0.0,Current,0,,0.0,,REVIEW,0.8
LN003383,4,0.0,0.0,0.0,0.0,Current,0,,0.0,,REVIEW,0.8
LN003383,5,0.0,0.0,0.0,0.0,Current,0,,0.0,,REVIEW,0.8
LN003383,6,0.0,0.0,0.0,0.0,Current,0,,0.0,,REVIEW,0.8
LN003383,7,0.0,0.0,0.0,0.0,Current,0,,0.0,,REVIEW,0.8
LN003383,8,0.0,0.0,0.0,0.0,Current,0,,0.0,,REVIEW,0.8
LN003383,9,0.0,0.0,0.0,0.0,Current,0,,0.0,,REVIEW,0.8
LN003383,10,0.0,0.0,0.0,0.0,Current,0,,0.0,,REVIEW,0.8
LN003383,11,0.0,0.0,0.0,0.0,Current,0,,0.0,,REVIEW,0.8
LN003383,12,0.0,0.0,0.0,0.0,Current,0,,0.0,,REVIEW,0.8
LN003383,13,0.0,0.0,0.0,0.0,Current,0,,0.0,,REVIEW,0.8
LN003383,14,0.0,0.0,0.0,0.0,Current,0,,0.0,,REVIEW,0.8
LN003383,15,0.0,0.0,0.0,0.0,Current,0,,0.0,,REVIEW,0.8
LN003383,16,0.0,0.0,0.0,0.0,Current,0,,0.0,,REVIEW,0.8
LN003383,17,0.0,0.0,0.0,0.0,Current,0,,0.0,,REVIEW,0.8
LN003383,18,0.0,0.0,0.0,0.0,Current,0,,0.0,,REVIEW,0.8
LN003383,19,0.0,0.0,0.0,0.0,Current,0,,0.0,,REVIEW,0.8
LN003383,20,0.0,0.0,0.0,0.0,Current,0,,0.0,,REVIEW,0.8
LN003383,21,0.0,0.0,0.0,0.0,Current,0,,0.0,,REVIEW,0.8
LN003383,22,0.0,0.0,0.0,0.0,Current,0,,0.0,,REVIEW,0.8
LN003383,23,0.0,0.0,0.0,0.0,Current,0,,0.0,,REVIEW,0.8
LN003383,24,0.0,0.0,0.0,0.0,Current,0,,0.0,,REVIEW,0.8
LN003384,1,0.0,0.0,0.0,0.0,Current,0,,0.0,,REVIEW,0.8
LN003384,2,0.0,0.0,0.0,0.0,Current,0,,0.0,,REVIEW,0.8
LN003384,3,0.0,0.0,0.0,0.0,Current,0,,0.0,,REVIEW,0.8
LN003384,4,0.0,0.0,0.0,0.0,Current,0,,0.0,,REVIEW,0.8
LN003384,5,0.0,0.0,0.0,0.0,Current,0,,0.0,,REVIEW,0.8
LN003384,6,0.0,0.0,0.0,0.0,Current,0,,0.0,,REVIEW,0.8
LN003384,7,0.0,0.0,0.0,0.0,Current,0,,0.0,,REVIEW,0.8
LN003384,8,0.0,0.0,0.0,0.0,Current,0,,0.0,,REVIEW,0.8
LN003384,9,0.0,0.0,0.0,0.0,Current,0,,0.0,,REVIEW,0.8
LN003384,10,0.0,0.0,0.0,0.0,Current,0,,0.0,,REVIEW,0.8
LN003384,11,0.0,0.0,0.0,0.0,Current,0,,0.0,,REVIEW,0.8
LN003384,12,0.0,0.0,0.0,0.0,Current,0,,0.0,,REVIEW,0.8
LN003384,13,0.0,0.0,0.0,0.0,Current,0,,0.0,,REVIEW,0.8
LN003384,14,0.0,0.0,0.0,0.0,Current,0,,0.0,,REVIEW,0.8
LN003384,15,0.0,0.0,0.0,0.0,Current,0,,0.0,,REVIEW,0.8
LN003384,16,0.0,0.0,0.0,0.0,Current,0,,0.0,,REVIEW,0.8
LN003384,17,0.0,0.0,0.0,0.0,Current,0,,0.0,,REVIEW,0.8
LN003384,18,0.0,0.0,0.0,0.0,Current,0,,0.0,,REVIEW,0.8
LN003384,19,0.0,0.0,0.0,0.0,Current,0,,0.0,,REVIEW,0.8
LN003384,20,0.0,0.0,0.0,0.0,Current,0,,0.0,,REVIEW,0.8
LN003384,21,0.0,0.0,0.0,0.0,Current,0,,0.0,,REVIEW,0.8
LN003384,22,0.0,0.0,0.0,0.0,Current,0,,0.0,,REVIEW,0.8
LN003384,23,0.0,0.0,0.0,0.0,Current,0,,0.0,,REVIEW,0.8
LN003384,24,0.0,0.0,0.0,0.0,Current,0,,0.0,,REVIEW,0.8
LN003385,1,0.0,0.0,0.0,0.0,Current,0,,0.0,,REVIEW,0.8
LN003385,2,0.0,0.0,0.0,0.0,Current,0,,0.0,,REVIEW,0.8
LN003385,3,0.0,0.0,0.0,0.0,Current,0,,0.0,,REVIEW,0.8
LN003385,4,0.0,0.0,0.0,0.0,Current,0,,0.0,,REVIEW,0.8
LN003385,5,0.0,0.0,0.0,0.0,Current,0,,0.0,,REVIEW,0.8
LN003385,6,0.0,0.0,0.0,0.0,Current,0,,0.0,,REVIEW,0.8
LN003385,7,0.0,0.0,0.0,0.0,Current,0,,0.0,,REVIEW,0.8
LN003385,8,0.0,0.0,0.0,0.0,Current,0,,0.0,,REVIEW,0.8
LN003385,9,0.0,0.0,0.0,0.0,Current,0,,0.0,,REVIEW,0.8
LN003385,10,0.0,0.0,0.0,0.0,Current,0,,0.0,,REVIEW,0.8
LN003385,11,0.0,0.0,0.0,0.0,Current,0,,0.0,,REVIEW,0.8
LN003386,1,0.0,0.0,0.0,0.0,Current,0,,0.0,,REVIEW,0.8
LN003386,2,0.0,0.0,0.0,0.0,Current,0,,0.0,,REVIEW,0.8
LN003386,3,0.0,0.0,0.0,0.0,Current,0,,0.0,,REVIEW,0.8
LN003386,4,0.0,0.0,0.0,0.0,Current,0,,0.0,,REVIEW,0.8
LN003386,5,0.0,0.0,0.0,0.0,Current,0,,0.0,,REVIEW,0.8
LN003386,6,0.0,0.0,0.0,0.0,Current,0,,0.0,,REVIEW,0.8
LN003386,7,0.0,0.0,0.0,0.0,Current,0,,0.0,,REVIEW,0.8
LN003386,8,0.0,0.0,0.0,0.0,Current,0,,0.0,,REVIEW,0.8
LN003386,9,0.0,0.0,0.0,0.0,Current,0,,0.0,,REVIEW,0.8
LN003386,10,0.0,0.0,0.0,0.0,Current,0,,0.0,,REVIEW,0.8
LN003386,11,0.0,0.0,0.0,0.0,Current,0,,0.0,,REVIEW,0.8
LN003386,12,0.0,0.0,0.0,0.0,Current,0,,0.0,,REVIEW,0.8
LN003386,13,0.0,0.0,0.0,0.0,Current,0,,0.0,,REVIEW,0.8
LN003386,14,0.0,0.0,0.0,0.0,Current,0,,0.0,,REVIEW,0.8
LN003386,15,0.0,0.0,0.0,0.0,Current,0,,0.0,,REVIEW,0.8
LN003387,1,0.0,0.0,0.0,0.0,Current,0,,0.0,,REVIEW,0.8
LN003387,2,0.0,0.0,0.0,0.0,Current,0,,0.0,,REVIEW,0.8
LN003387,3,0.0,0.0,0.0,0.0,Current,0,,0.0,,REVIEW,0.8
LN003387,4,0.0,0.0,0.0,0.0,Current,0,,0.0,,REVIEW,0.8
LN003387,5,0.0,0.0,0.0,0.0,Current,0,,0.0,,REVIEW,0.8
LN003387,6,0.0,0.0,0.0,0.0,Current,0,,0.0,,REVIEW,0.8
LN003387,7,0.0,0.0,0.0,0.0,Current,0,,0.0,,REVIEW,0.8
LN003387,8,0.0,0.0,0.0,0.0,Current,0,,0.0,,REVIEW,0.8
LN003387,9,0.0,0.0,0.0,0.0,Current,0,,0.0,,REVIEW,0.8
LN003387,10,0.0,0.0,0.0,0.0,Current,0,,0.0,,REVIEW,0.8
LN003387,11,0.0,0.0,0.0,0.0,Current,0,,0.0,,REVIEW,0.8
LN003387,12,0.0,0.0,0.0,0.0,Current,0,,0.0,,REVIEW,0.8
LN003387,13,0.0,0.0,0.0,0.0,Current,0,,0.0,,REVIEW,0.8
LN003387,14,0.0,0.0,0.0,0.0,Current,0,,0.0,,REVIEW,0.8
LN003387,15,0.0,0.0,0.0,0.0,Current,0,,0.0,,REVIEW,0.8
LN003387,16,0.0,0.0,0.0,0.0,Current,0,,0.0,,REVIEW,0.8
LN003387,17,0.0,0.0,0.0,0.0,Current,0,,0.0,,REVIEW,0.8
LN003387,18,0.0,0.0,0.0,0.0,Current,0,,0.0,,REVIEW,0.8
LN003387,19,0.0,0.0,0.0,0.0,Current,0,,0.0,,REVIEW,0.8
LN003387,20,0.0,0.0,0.0,0.0,Current,0,,0.0,,REVIEW,0.8
LN003387,21,0.0,0.0,0.0,0.0,Current,0,,0.0,,REVIEW,0.8
LN003387,22,0.0,0.0,0.0,0.0,Current,0,,0.0,,REVIEW,0.8
LN003387,23,0.0,0.0,0.0,0.0,Current,0,,0.0,,REVIEW,0.8
LN003387,24,0.0,0.0,0.0,0.0,Current,0,,0.0,,REVIEW,0.8
LN003388,1,0.0,0.0,0.0,0.0,Current,0,,0.0,,REVIEW,0.8
LN003388,2,0.0,0.0,0.0,0.0,Current,0,,0.0,,REVIEW,0.8
LN003388,3,0.0,0.0,0.0,0.0,Current,0,,0.0,,REVIEW,0.8
LN003389,1,0.0,0.0,0.0,0.0,Current,0,,0.0,,REVIEW,0.8
LN003389,2,0.0,0.0,0.0,0.0,Current,0,,0.0,,REVIEW,0.8
LN003389,3,0.0,0.0,0.0,0.0,Current,0,,0.0,,REVIEW,0.8
LN003389,4,0.0,0.0,0.0,0.0,Current,0,,0.0,,REVIEW,0.8
LN003389,5,0.0,0.0,0.0,0.0,Current,0,,0.0,,REVIEW,0.8
LN003390,1,0.0,0.0,0.0,0.0,Current,0,,0.0,,REVIEW,0.8
LN003390,2,0.0,0.0,0.0,0.0,Current,0,,0.0,,REVIEW,0.8
LN003390,3,0.0,0.0,0.0,0.0,Current,0,,0.0,,REVIEW,0.8
LN003390,4,0.0,0.0,0.0,0.0,Current,0,,0.0,,REVIEW,0.8
LN003390,5,0.0,0.0,0.0,0.0,Current,0,,0.0,,REVIEW,0.8
LN003390,6,0.0,0.0,0.0,0.0,Current,0,,0.0,,REVIEW,0.8
LN003390,7,0.0,0.0,0.0,0.0,Current,0,,0.0,,REVIEW,0.8
LN003390,8,0.0,0.0,0.0,0.0,Current,0,,0.0,,REVIEW,0.8
LN003390,9,0.0,0.0,0.0,0.0,Current,0,,0.0,,REVIEW,0.8
LN003390,10,0.0,0.0,0.0,0.0,Current,0,,0.0,,REVIEW,0.8
LN003391,1,0.0,0.0,0.0,0.0,Current,0,,0.0,,REVIEW,0.8
LN003391,2,0.0,0.0,0.0,0.0,Current,0,,0.0,,REVIEW,0.8
LN003391,3,0.0,0.0,0.0,0.0,Current,0,,0.0,,REVIEW,0.8
LN003391,4,0.0,0.0,0.0,0.0,Current,0,,0.0,,REVIEW,0.8
LN003391,5,0.0,0.0,0.0,0.0,Current,0,,0.0,,REVIEW,0.8
LN003391,6,0.0,0.0,0.0,0.0,Current,0,,0.0,,REVIEW,0.8
LN003391,7,0.0,0.0,0.0,0.0,Current,0,,0.0,,REVIEW,0.8
LN003391,8,0.0,0.0,0.0,0.0,Current,0,,0.0,,REVIEW,0.8
LN003391,9,0.0,0.0,0.0,0.0,Current,0,,0.0,,REVIEW,0.8
LN003391,10,0.0,0.0,0.0,0.0,Current,0,,0.0,,REVIEW,0.8
LN003391,11,0.0,0.0,0.0,0.0,Current,0,,0.0,,REVIEW,0.8
LN003391,12,0.0,0.0,0.0,0.0,Current,0,,0.0,,REVIEW,0.8
LN003391,13,0.0,0.0,0.0,0.0,Current,0,,0.0,,REVIEW,0.8
LN003391,14,0.0,0.0,0.0,0.0,Current,0,,0.0,,REVIEW,0.8
LN003391,15,0.0,0.0,0.0,0.0,Current,0,,0.0,,REVIEW,0.8
LN003391,16,0.0,0.0,0.0,0.0,Current,0,,0.0,,REVIEW,0.8
LN003391,17,0.0,0.0,0.0,0.0,Current,0,,0.0,,REVIEW,0.8
LN003391,18,0.0,0.0,0.0,0.0,Current,0,,0.0,,REVIEW,0.8
LN003391,19,0.0,0.0,0.0,0.0,Current,0,,0.0,,REVIEW,0.8
LN003391,20,0.0,0.0,0.0,0.0,Current,0,,0.0,,REVIEW,0.8
LN003391,21,0.0,0.0,0.0,0.0,Current,0,,0.0,,REVIEW,0.8
LN003391,22,0.0,0.0,0.0,0.0,Current,0,,0.0,,REVIEW,0.8
LN003391,23,0.0,0.0,0.0,0.0,Current,0,,0.0,,REVIEW,0.8
LN003391,24,0.0,0.0,0.0,0.0,Current,0,,0.0,,REVIEW,0.8
LN003392,1,0.0,0.0,0.0,0.0,Current,0,,0.0,,REVIEW,0.8
LN003392,2,0.0,0.0,0.0,0.0,Current,0,,0.0,,REVIEW,0.8
LN003392,3,0.0,0.0,0.0,0.0,Current,0,,0.0,,REVIEW,0.8
LN003392,4,0.0,0.0,0.0,0.0,Current,0,,0.0,,REVIEW,0.8
LN003392,5,0.0,0.0,0.0,0.0,Current,0,,0.0,,REVIEW,0.8
LN003392,6,0.0,0.0,0.0,0.0,Current,0,,0.0,,REVIEW,0.8
LN003392,7,0.0,0.0,0.0,0.0,Current,0,,0.0,,REVIEW,0.8
LN003392,8,0.0,0.0,0.0,0.0,Current,0,,0.0,,REVIEW,0.8
LN003392,9,0.0,0.0,0.0,0.0,Current,0,,0.0,,REVIEW,0.8
LN003392,10,0.0,0.0,0.0,0.0,Current,0,,0.0,,REVIEW,0.8
LN003392,11,0.0,0.0,0.0,0.0,Current,0,,0.0,,REVIEW,0.8
LN003392,12,0.0,0.0,0.0,0.0,Current,0,,0.0,,REVIEW,0.8
LN003392,13,0.0,0.0,0.0,0.0,Current,0,,0.0,,REVIEW,0.8
LN003392,14,0.0,0.0,0.0,0.0,Current,0,,0.0,,REVIEW,0.8
LN003392,15,0.0,0.0,0.0,0.0,Current,0,,0.0,,REVIEW,0.8
LN003392,16,0.0,0.0,0.0,0.0,Current,0,,0.0,,REVIEW,0.8
LN003392,17,0.0,0.0,0.0,0.0,Current,0,,0.0,,REVIEW,0.8
LN003392,18,0.0,0.0,0.0,0.0,Current,0,,0.0,,REVIEW,0.8
LN003392,19,0.0,0.0,0.0,0.0,Current,0,,0.0,,REVIEW,0.8
LN003392,20,0.0,0.0,0.0,0.0,Current,0,,0.0,,REVIEW,0.8
LN003392,21,0.0,0.0,0.0,0.0,Current,0,,0.0,,REVIEW,0.8
LN003392,22,0.0,0.0,0.0,0.0,Current,0,,0.0,,REVIEW,0.8
LN003392,23,0.0,0.0,0.0,0.0,Current,0,,0.0,,REVIEW,0.8
LN003392,24,0.0,0.0,0.0,0.0,Current,0,,0.0,,REVIEW,0.8
LN003393,1,0.0,0.0,0.0,0.0,Current,0,,0.0,,REVIEW,0.8
LN003393,2,0.0,0.0,0.0,0.0,Current,0,,0.0,,REVIEW,0.8
LN003393,3,0.0,0.0,0.0,0.0,Current,0,,0.0,,REVIEW,0.8
LN003393,4,0.0,0.0,0.0,0.0,Current,0,,0.0,,REVIEW,0.8
LN003393,5,0.0,0.0,0.0,0.0,Current,0,,0.0,,REVIEW,0.8
LN003393,6,0.0,0.0,0.0,0.0,Current,0,,0.0,,REVIEW,0.8
LN003393,7,0.0,0.0,0.0,0.0,Current,0,,0.0,,REVIEW,0.8
LN003393,8,0.0,0.0,0.0,0.0,Current,0,,0.0,,REVIEW,0.8
LN003393,9,0.0,0.0,0.0,0.0,Current,0,,0.0,,REVIEW,0.8
LN003393,10,0.0,0.0,0.0,0.0,Current,0,,0.0,,REVIEW,0.8
LN003393,11,0.0,0.0,0.0,0.0,Current,0,,0.0,,REVIEW,0.8
LN003393,12,0.0,0.0,0.0,0.0,Current,0,,0.0,,REVIEW,0.8
LN003393,13,0.0,0.0,0.0,0.0,Current,0,,0.0,,REVIEW,0.8
LN003393,14,0.0,0.0,0.0,0.0,Current,0,,0.0,,REVIEW,0.8
LN003393,15,0.0,0.0,0.0,0.0,Current,0,,0.0,,REVIEW,0.8
LN003393,16,0.0,0.0,0.0,0.0,Current,0,,0.0,,REVIEW,0.8
LN003393,17,0.0,0.0,0.0,0.0,Current,0,,0.0,,REVIEW,0.8
LN003393,18,0.0,0.0,0.0,0.0,Current,0,,0.0,,REVIEW,0.8
LN003393,19,0.0,0.0,0.0,0.0,Current,0,,0.0,,REVIEW,0.8
LN003393,20,0.0,0.0,0.0,0.0,Current,0,,0.0,,REVIEW,0.8
LN003393,21,0.0,0.0,0.0,0.0,Current,0,,0.0,,REVIEW,0.8
LN003393,22,0.0,0.0,0.0,0.0,Current,0,,0.0,,REVIEW,0.8
LN003393,23,0.0,0.0,0.0,0.0,Current,0,,0.0,,REVIEW,0.8
LN003393,24,0.0,0.0,0.0,0.0,Current,0,,0.0,,REVIEW,0.8
LN003394,1,0.0,0.0,0.0,0.0,Current,0,,0.0,,REVIEW,0.8
LN003394,2,0.0,0.0,0.0,0.0,Current,0,,0.0,,REVIEW,0.8
LN003394,3,0.0,0.0,0.0,0.0,Current,0,,0.0,,REVIEW,0.8
LN003394,4,0.0,0.0,0.0,0.0,Current,0,,0.0,,REVIEW,0.8
LN003394,5,0.0,0.0,0.0,0.0,Current,0,,0.0,,REVIEW,0.8
LN003394,6,0.0,0.0,0.0,0.0,Current,0,,0.0,,REVIEW,0.8
LN003394,7,0.0,0.0,0.0,0.0,Current,0,,0.0,,REVIEW,0.8
LN003394,8,0.0,0.0,0.0,0.0,Current,0,,0.0,,REVIEW,0.8
LN003394,9,0.0,0.0,0.0,0.0,Current,0,,0.0,,REVIEW,0.8
LN003394,10,0.0,0.0,0.0,0.0,Current,0,,0.0,,REVIEW,0.8
LN003394,11,0.0,0.0,0.0,0.0,Current,0,,0.0,,REVIEW,0.8
LN003394,12,0.0,0.0,0.0,0.0,Current,0,,0.0,,REVIEW,0.8
LN003394,13,0.0,0.0,0.0,0.0,Current,0,,0.0,,REVIEW,0.8
LN003394,14,0.0,0.0,0.0,0.0,Current,0,,0.0,,REVIEW,0.8
LN003394,15,0.0,0.0,0.0,0.0,Current,0,,0.0,,REVIEW,0.8
LN003394,16,0.0,0.0,0.0,0.0,Current,0,,0.0,,REVIEW,0.8
LN003394,17,0.0,0.0,0.0,0.0,Current,0,,0.0,,REVIEW,0.8
LN003394,18,0.0,0.0,0.0,0.0,Current,0,,0.0,,REVIEW,0.8
LN003394,19,0.0,0.0,0.0,0.0,Current,0,,0.0,,REVIEW,0.8
LN003394,20,0.0,0.0,0.0,0.0,Current,0,,0.0,,REVIEW,0.8
LN003394,21,0.0,0.0,0.0,0.0,Current,0,,0.0,,REVIEW,0.8
LN003394,22,0.0,0.0,0.0,0.0,Current,0,,0.0,,REVIEW,0.8
LN003394,23,0.0,0.0,0.0,0.0,Current,0,,0.0,,REVIEW,0.8
LN003394,24,0.0,0.0,0.0,0.0,Current,0,,0.0,,REVIEW,0.8
LN003395,1,0.0,0.0,0.0,0.0,Current,0,,0.0,,REVIEW,0.8
LN003395,2,0.0,0.0,0.0,0.0,Current,0,,0.0,,REVIEW,0.8
LN003395,3,0.0,0.0,0.0,0.0,Current,0,,0.0,,REVIEW,0.8
LN003395,4,0.0,0.0,0.0,0.0,Current,0,,0.0,,REVIEW,0.8
LN003395,5,0.0,0.0,0.0,0.0,Current,0,,0.0,,REVIEW,0.8
LN003395,6,0.0,0.0,0.0,0.0,Current,0,,0.0,,REVIEW,0.8
LN003395,7,0.0,0.0,0.0,0.0,Current,0,,0.0,,REVIEW,0.8
LN003395,8,0.0,0.0,0.0,0.0,Current,0,,0.0,,REVIEW,0.8
LN003395,9,0.0,0.0,0.0,0.0,Current,0,,0.0,,REVIEW,0.8
LN003395,10,0.0,0.0,0.0,0.0,Current,0,,0.0,,REVIEW,0.8
LN003395,11,0.0,0.0,0.0,0.0,Current,0,,0.0,,REVIEW,0.8
LN003395,12,0.0,0.0,0.0,0.0,Current,0,,0.0,,REVIEW,0.8
LN003395,13,0.0,0.0,0.0,0.0,Current,0,,0.0,,REVIEW,0.8
LN003395,14,0.0,0.0,0.0,0.0,Current,0,,0.0,,REVIEW,0.8
LN003395,15,0.0,0.0,0.0,0.0,Current,0,,0.0,,REVIEW,0.8
LN003395,16,0.0,0.0,0.0,0.0,Current,0,,0.0,,REVIEW,0.8
LN003395,17,0.0,0.0,0.0,0.0,Current,0,,0.0,,REVIEW,0.8
LN003395,18,0.0,0.0,0.0,0.0,Current,0,,0.0,,REVIEW,0.8
LN003395,19,0.0,0.0,0.0,0.0,Current,0,,0.0,,REVIEW,0.8
LN003395,20,0.0,0.0,0.0,0.0,Current,0,,0.0,,REVIEW,0.8
LN003395,21,0.0,0.0,0.0,0.0,Current,0,,0.0,,REVIEW,0.8
LN003395,22,0.0,0.0,0.0,0.0,Current,0,,0.0,,REVIEW,0.8
LN003395,23,0.0,0.0,0.0,0.0,Current,0,,0.0,,REVIEW,0.8
LN003395,24,0.0,0.0,0.0,0.0,Current,0,,0.0,,REVIEW,0.8
LN003396,1,0.0,0.0,0.0,0.0,Current,0,,0.0,,REVIEW,0.8
LN003396,2,0.0,0.0,0.0,0.0,Current,0,,0.0,,REVIEW,0.8
LN003396,3,0.0,0.0,0.0,0.0,Current,0,,0.0,,REVIEW,0.8
LN003396,4,0.0,0.0,0.0,0.0,Current,0,,0.0,,REVIEW,0.8
LN003396,5,0.0,0.0,0.0,0.0,Current,0,,0.0,,REVIEW,0.8
LN003396,6,0.0,0.0,0.0,0.0,Current,0,,0.0,,REVIEW,0.8
LN003396,7,0.0,0.0,0.0,0.0,Current,0,,0.0,,REVIEW,0.8
LN003396,8,0.0,0.0,0.0,0.0,Current,0,,0.0,,REVIEW,0.8
LN003396,9,0.0,0.0,0.0,0.0,Current,0,,0.0,,REVIEW,0.8
LN003396,10,0.0,0.0,0.0,0.0,Current,0,,0.0,,REVIEW,0.8
LN003396,11,0.0,0.0,0.0,0.0,Current,0,,0.0,,REVIEW,0.8
LN003396,12,0.0,0.0,0.0,0.0,Current,0,,0.0,,REVIEW,0.8
LN003396,13,0.0,0.0,0.0,0.0,Current,0,,0.0,,REVIEW,0.8
LN003396,14,0.0,0.0,0.0,0.0,Current,0,,0.0,,REVIEW,0.8
LN003396,15,0.0,0.0,0.0,0.0,Current,0,,0.0,,REVIEW,0.8
LN003396,16,0.0,0.0,0.0,0.0,Current,0,,0.0,,REVIEW,0.8
LN003396,17,0.0,0.0,0.0,0.0,Current,0,,0.0,,REVIEW,0.8
LN003396,18,0.0,0.0,0.0,0.0,Current,0,,0.0,,REVIEW,0.8
LN003396,19,0.0,0.0,0.0,0.0,Current,0,,0.0,,REVIEW,0.8
LN003396,20,0.0,0.0,0.0,0.0,Current,0,,0.0,,REVIEW,0.8
LN003396,21,0.0,0.0,0.0,0.0,Current,0,,0.0,,REVIEW,0.8
LN003396,22,0.0,0.0,0.0,0.0,Current,0,,0.0,,REVIEW,0.8
LN003396,23,0.0,0.0,0.0,0.0,Current,0,,0.0,,REVIEW,0.8
LN003396,24,0.0,0.0,0.0,0.0,Current,0,,0.0,,REVIEW,0.8
LN003397,1,0.0,0.0,0.0,0.0,Current,0,,0.0,,REVIEW,0.8
LN003397,2,0.0,0.0,0.0,0.0,Current,0,,0.0,,REVIEW,0.8
LN003397,3,0.0,0.0,0.0,0.0,Current,0,,0.0,,REVIEW,0.8
LN003397,4,0.0,0.0,0.0,0.0,Current,0,,0.0,,REVIEW,0.8
LN003397,5,0.0,0.0,0.0,0.0,Current,0,,0.0,,REVIEW,0.8
LN003397,6,0.0,0.0,0.0,0.0,Current,0,,0.0,,REVIEW,0.8
LN003397,7,0.0,0.0,0.0,0.0,Current,0,,0.0,,REVIEW,0.8
LN003397,8,0.0,0.0,0.0,0.0,Current,0,,0.0,,REVIEW,0.8
LN003397,9,0.0,0.0,0.0,0.0,Current,0,,0.0,,REVIEW,0.8
LN003397,10,0.0,0.0,0.0,0.0,Current,0,,0.0,,REVIEW,0.8
LN003397,11,0.0,0.0,0.0,0.0,Current,0,,0.0,,REVIEW,0.8
LN003397,12,0.0,0.0,0.0,0.0,Current,0,,0.0,,REVIEW,0.8
LN003397,13,0.0,0.0,0.0,0.0,Current,0,,0.0,,REVIEW,0.8
LN003397,14,0.0,0.0,0.0,0.0,Current,0,,0.0,,REVIEW,0.8
LN003397,15,0.0,0.0,0.0,0.0,Current,0,,0.0,,REVIEW,0.8
LN003397,16,0.0,0.0,0.0,0.0,Current,0,,0.0,,REVIEW,0.8
LN003397,17,0.0,0.0,0.0,0.0,Current,0,,0.0,,REVIEW,0.8
LN003397,18,0.0,0.0,0.0,0.0,Current,0,,0.0,,REVIEW,0.8
LN003397,19,0.0,0.0,0.0,0.0,Current,0,,0.0,,REVIEW,0.8
LN003397,20,0.0,0.0,0.0,0.0,Current,0,,0.0,,REVIEW,0.8
LN003397,21,0.0,0.0,0.0,0.0,Current,0,,0.0,,REVIEW,0.8
LN003397,22,0.0,0.0,0.0,0.0,Current,0,,0.0,,REVIEW,0.8
LN003397,23,0.0,0.0,0.0,0.0,Current,0,,0.0,,REVIEW,0.8
LN003397,24,0.0,0.0,0.0,0.0,Current,0,,0.0,,REVIEW,0.8
LN003398,1,0.0,0.0,0.0,0.0,Current,0,,0.0,,REVIEW,0.8
LN003398,2,0.0,0.0,0.0,0.0,Current,0,,0.0,,REVIEW,0.8
LN003398,3,0.0,0.0,0.0,0.0,Current,0,,0.0,,REVIEW,0.8
LN003398,4,0.0,0.0,0.0,0.0,Current,0,,0.0,,REVIEW,0.8
LN003398,5,0.0,0.0,0.0,0.0,Current,0,,0.0,,REVIEW,0.8
LN003398,6,0.0,0.0,0.0,0.0,Current,0,,0.0,,REVIEW,0.8
LN003398,7,0.0,0.0,0.0,0.0,Current,0,,0.0,,REVIEW,0.8
LN003398,8,0.0,0.0,0.0,0.0,Current,0,,0.0,,REVIEW,0.8
LN003398,9,0.0,0.0,0.0,0.0,Current,0,,0.0,,REVIEW,0.8
LN003398,10,0.0,0.0,0.0,0.0,Current,0,,0.0,,REVIEW,0.8
LN003398,11,0.0,0.0,0.0,0.0,Current,0,,0.0,,REVIEW,0.8
LN003398,12,0.0,0.0,0.0,0.0,Current,0,,0.0,,REVIEW,0.8
LN003398,13,0.0,0.0,0.0,0.0,Current,0,,0.0,,REVIEW,0.8
LN003398,14,0.0,0.0,0.0,0.0,Current,0,,0.0,,REVIEW,0.8
LN003398,15,0.0,0.0,0.0,0.0,Current,0,,0.0,,REVIEW,0.8
LN003398,16,0.0,0.0,0.0,0.0,Current,0,,0.0,,REVIEW,0.8
LN003398,17,0.0,0.0,0.0,0.0,Current,0,,0.0,,REVIEW,0.8
LN003398,18,0.0,0.0,0.0,0.0,Current,0,,0.0,,REVIEW,0.8
LN003398,19,0.0,0.0,0.0,0.0,Current,0,,0.0,,REVIEW,0.8
LN003398,20,0.0,0.0,0.0,0.0,Current,0,,0.0,,REVIEW,0.8
LN003398,21,0.0,0.0,0.0,0.0,Current,0,,0.0,,REVIEW,0.8
LN003398,22,0.0,0.0,0.0,0.0,Current,0,,0.0,,REVIEW,0.8
LN003398,23,0.0,0.0,0.0,0.0,Current,0,,0.0,,REVIEW,0.8
LN003398,24,0.0,0.0,0.0,0.0,Current,0,,0.0,,REVIEW,0.8
LN003399,1,0.0,0.0,0.0,0.0,Current,0,,0.0,,REVIEW,0.8
LN003399,2,0.0,0.0,0.0,0.0,Current,0,,0.0,,REVIEW,0.8
LN003399,3,0.0,0.0,0.0,0.0,Current,0,,0.0,,REVIEW,0.8
LN003399,4,0.0,0.0,0.0,0.0,Current,0,,0.0,,REVIEW,0.8
LN003399,5,0.0,0.0,0.0,0.0,Current,0,,0.0,,REVIEW,0.8
LN003399,6,0.0,0.0,0.0,0.0,Current,0,,0.0,,REVIEW,0.8
LN003399,7,0.0,0.0,0.0,0.0,Current,0,,0.0,,REVIEW,0.8
LN003399,8,0.0,0.0,0.0,0.0,Current,0,,0.0,,REVIEW,0.8
LN003399,9,0.0,0.0,0.0,0.0,Current,0,,0.0,,REVIEW,0.8
LN003399,10,0.0,0.0,0.0,0.0,Current,0,,0.0,,REVIEW,0.8
LN003399,11,0.0,0.0,0.0,0.0,Current,0,,0.0,,REVIEW,0.8
LN003399,12,0.0,0.0,0.0,0.0,Current,0,,0.0,,REVIEW,0.8
LN003399,13,0.0,0.0,0.0,0.0,Current,0,,0.0,,REVIEW,0.8
LN003399,14,0.0,0.0,0.0,0.0,Current,0,,0.0,,REVIEW,0.8
LN003399,15,0.0,0.0,0.0,0.0,Current,0,,0.0,,REVIEW,0.8
LN003399,16,0.0,0.0,0.0,0.0,Current,0,,0.0,,REVIEW,0.8
LN003399,17,0.0,0.0,0.0,0.0,Current,0,,0.0,,REVIEW,0.8
LN003399,18,0.0,0.0,0.0,0.0,Current,0,,0.0,,REVIEW,0.8
LN003399,19,0.0,0.0,0.0,0.0,Current,0,,0.0,,REVIEW,0.8
LN003399,20,0.0,0.0,0.0,0.0,Current,0,,0.0,,REVIEW,0.8
LN003399,21,0.0,0.0,0.0,0.0,Current,0,,0.0,,REVIEW,0.8
LN003399,22,0.0,0.0,0.0,0.0,Current,0,,0.0,,REVIEW,0.8
LN003399,23,0.0,0.0,0.0,0.0,Current,0,,0.0,,REVIEW,0.8
LN003399,24,0.0,0.0,0.0,0.0,Current,0,,0.0,,REVIEW,0.8
LN003400,1,0.0,0.0,0.0,0.0,Current,0,,0.0,,REVIEW,0.8
LN003400,2,0.0,0.0,0.0,0.0,Current,0,,0.0,,REVIEW,0.8
LN003400,3,0.0,0.0,0.0,0.0,Current,0,,0.0,,REVIEW,0.8
LN003400,4,0.0,0.0,0.0,0.0,Current,0,,0.0,,REVIEW,0.8
LN003400,5,0.0,0.0,0.0,0.0,Current,0,,0.0,,REVIEW,0.8
LN003400,6,0.0,0.0,0.0,0.0,Current,0,,0.0,,REVIEW,0.8
LN003400,7,0.0,0.0,0.0,0.0,Current,0,,0.0,,REVIEW,0.8
LN003400,8,0.0,0.0,0.0,0.0,Current,0,,0.0,,REVIEW,0.8
LN003400,9,0.0,0.0,0.0,0.0,Current,0,,0.0,,REVIEW,0.8
LN003400,10,0.0,0.0,0.0,0.0,Current,0,,0.0,,REVIEW,0.8
LN003400,11,0.0,0.0,0.0,0.0,Current,0,,0.0,,REVIEW,0.8
LN003400,12,0.0,0.0,0.0,0.0,Current,0,,0.0,,REVIEW,0.8
LN003400,13,0.0,0.0,0.0,0.0,Current,0,,0.0,,REVIEW,0.8
LN003400,14,0.0,0.0,0.0,0.0,Current,0,,0.0,,REVIEW,0.8
LN003400,15,0.0,0.0,0.0,0.0,Current,0,,0.0,,REVIEW,0.8
LN003400,16,0.0,0.0,0.0,0.0,Current,0,,0.0,,REVIEW,0.8
LN003400,17,0.0,0.0,0.0,0.0,Current,0,,0.0,,REVIEW,0.8
LN003400,18,0.0,0.0,0.0,0.0,Current,0,,0.0,,REVIEW,0.8
LN003400,19,0.0,0.0,0.0,0.0,Current,0,,0.0,,REVIEW,0.8
LN003400,20,0.0,0.0,0.0,0.0,Current,0,,0.0,,REVIEW,0.8
LN003400,21,0.0,0.0,0.0,0.0,Current,0,,0.0,,REVIEW,0.8
LN003400,22,0.0,0.0,0.0,0.0,Current,0,,0.0,,REVIEW,0.8
LN003400,23,0.0,0.0,0.0,0.0,Current,0,,0.0,,REVIEW,0.8
LN003400,24,0.0,0.0,0.0,0.0,Current,0,,0.0,,REVIEW,0.8
LN003401,1,0.0,0.0,0.0,0.0,Current,0,,0.0,,REVIEW,0.8
LN003401,2,0.0,0.0,0.0,0.0,Current,0,,0.0,,REVIEW,0.8
LN003401,3,0.0,0.0,0.0,0.0,Current,0,,0.0,,REVIEW,0.8
LN003402,1,0.0,0.0,0.0,0.0,Current,0,,0.0,,REVIEW,0.8
LN003402,2,0.0,0.0,0.0,0.0,Current,0,,0.0,,REVIEW,0.8
LN003402,3,0.0,0.0,0.0,0.0,Current,0,,0.0,,REVIEW,0.8
LN003402,4,0.0,0.0,0.0,0.0,Current,0,,0.0,,REVIEW,0.8
LN003402,5,0.0,0.0,0.0,0.0,Current,0,,0.0,,REVIEW,0.8
LN003402,6,0.0,0.0,0.0,0.0,Current,0,,0.0,,REVIEW,0.8
LN003402,7,0.0,0.0,0.0,0.0,Current,0,,0.0,,REVIEW,0.8
LN003402,8,0.0,0.0,0.0,0.0,Current,0,,0.0,,REVIEW,0.8
LN003402,9,0.0,0.0,0.0,0.0,Current,0,,0.0,,REVIEW,0.8
LN003402,10,0.0,0.0,0.0,0.0,Current,0,,0.0,,REVIEW,0.8
LN003402,11,0.0,0.0,0.0,0.0,Current,0,,0.0,,REVIEW,0.8
LN003402,12,0.0,0.0,0.0,0.0,Current,0,,0.0,,REVIEW,0.8
LN003402,13,0.0,0.0,0.0,0.0,Current,0,,0.0,,REVIEW,0.8
LN003402,14,0.0,0.0,0.0,0.0,Current,0,,0.0,,REVIEW,0.8
LN003402,15,0.0,0.0,0.0,0.0,Current,0,,0.0,,REVIEW,0.8
LN003402,16,0.0,0.0,0.0,0.0,Current,0,,0.0,,REVIEW,0.8
LN003402,17,0.0,0.0,0.0,0.0,Current,0,,0.0,,REVIEW,0.8
LN003402,18,0.0,0.0,0.0,0.0,Current,0,,0.0,,REVIEW,0.8
LN003402,19,0.0,0.0,0.0,0.0,Current,0,,0.0,,REVIEW,0.8
LN003402,20,0.0,0.0,0.0,0.0,Current,0,,0.0,,REVIEW,0.8
LN003402,21,0.0,0.0,0.0,0.0,Current,0,,0.0,,REVIEW,0.8
LN003402,22,0.0,0.0,0.0,0.0,Current,0,,0.0,,REVIEW,0.8
LN003402,23,0.0,0.0,0.0,0.0,Current,0,,0.0,,REVIEW,0.8
LN003402,24,0.0,0.0,0.0,0.0,Current,0,,0.0,,REVIEW,0.8
LN003403,1,0.0,0.0,0.0,0.0,Current,0,,0.0,,REVIEW,0.8
LN003403,2,0.0,0.0,0.0,0.0,Current,0,,0.0,,REVIEW,0.8
LN003403,3,0.0,0.0,0.0,0.0,Current,0,,0.0,,REVIEW,0.8
LN003403,4,0.0,0.0,0.0,0.0,Current,0,,0.0,,REVIEW,0.8
LN003403,5,0.0,0.0,0.0,0.0,Current,0,,0.0,,REVIEW,0.8
LN003403,6,0.0,0.0,0.0,0.0,Current,0,,0.0,,REVIEW,0.8
LN003403,7,0.0,0.0,0.0,0.0,Current,0,,0.0,,REVIEW,0.8
LN003403,8,0.0,0.0,0.0,0.0,Current,0,,0.0,,REVIEW,0.8
LN003403,9,0.0,0.0,0.0,0.0,Current,0,,0.0,,REVIEW,0.8
LN003403,10,0.0,0.0,0.0,0.0,Current,0,,0.0,,REVIEW,0.8
LN003403,11,0.0,0.0,0.0,0.0,Current,0,,0.0,,REVIEW,0.8
LN003403,12,0.0,0.0,0.0,0.0,Current,0,,0.0,,REVIEW,0.8
LN003403,13,0.0,0.0,0.0,0.0,Current,0,,0.0,,REVIEW,0.8
LN003403,14,0.0,0.0,0.0,0.0,Current,0,,0.0,,REVIEW,0.8
LN003403,15,0.0,0.0,0.0,0.0,Current,0,,0.0,,REVIEW,0.8
LN003403,16,0.0,0.0,0.0,0.0,Current,0,,0.0,,REVIEW,0.8
LN003403,17,0.0,0.0,0.0,0.0,Current,0,,0.0,,REVIEW,0.8
LN003403,18,0.0,0.0,0.0,0.0,Current,0,,0.0,,REVIEW,0.8
LN003403,19,0.0,0.0,0.0,0.0,Current,0,,0.0,,REVIEW,0.8
LN003403,20,0.0,0.0,0.0,0.0,Current,0,,0.0,,REVIEW,0.8
LN003403,21,0.0,0.0,0.0,0.0,Current,0,,0.0,,REVIEW,0.8
LN003403,22,0.0,0.0,0.0,0.0,Current,0,,0.0,,REVIEW,0.8
LN003403,23,0.0,0.0,0.0,0.0,Current,0,,0.0,,REVIEW,0.8
LN003403,24,0.0,0.0,0.0,0.0,Current,0,,0.0,,REVIEW,0.8
LN003404,1,0.0,0.0,0.0,0.0,Current,0,,0.0,,REVIEW,0.8
LN003404,2,0.0,0.0,0.0,0.0,Current,0,,0.0,,REVIEW,0.8
LN003404,3,0.0,0.0,0.0,0.0,Current,0,,0.0,,REVIEW,0.8
LN003404,4,0.0,0.0,0.0,0.0,Current,0,,0.0,,REVIEW,0.8
LN003404,5,0.0,0.0,0.0,0.0,Current,0,,0.0,,REVIEW,0.8
LN003404,6,0.0,0.0,0.0,0.0,Current,0,,0.0,,REVIEW,0.8
LN003404,7,0.0,0.0,0.0,0.0,Current,0,,0.0,,REVIEW,0.8
LN003404,8,0.0,0.0,0.0,0.0,Current,0,,0.0,,REVIEW,0.8
LN003404,9,0.0,0.0,0.0,0.0,Current,0,,0.0,,REVIEW,0.8
LN003404,10,0.0,0.0,0.0,0.0,Current,0,,0.0,,REVIEW,0.8
LN003404,11,0.0,0.0,0.0,0.0,Current,0,,0.0,,REVIEW,0.8
LN003404,12,0.0,0.0,0.0,0.0,Current,0,,0.0,,REVIEW,0.8
LN003404,13,0.0,0.0,0.0,0.0,Current,0,,0.0,,REVIEW,0.8
LN003404,14,0.0,0.0,0.0,0.0,Current,0,,0.0,,REVIEW,0.8
LN003404,15,0.0,0.0,0.0,0.0,Current,0,,0.0,,REVIEW,0.8
LN003404,16,0.0,0.0,0.0,0.0,Current,0,,0.0,,REVIEW,0.8
LN003404,17,0.0,0.0,0.0,0.0,Current,0,,0.0,,REVIEW,0.8
LN003404,18,0.0,0.0,0.0,0.0,Current,0,,0.0,,REVIEW,0.8
LN003404,19,0.0,0.0,0.0,0.0,Current,0,,0.0,,REVIEW,0.8
LN003405,1,0.0,0.0,0.0,0.0,Current,0,,0.0,,REVIEW,0.8
LN003405,2,0.0,0.0,0.0,0.0,Current,0,,0.0,,REVIEW,0.8
LN003405,3,0.0,0.0,0.0,0.0,Current,0,,0.0,,REVIEW,0.8
LN003405,4,0.0,0.0,0.0,0.0,Current,0,,0.0,,REVIEW,0.8
LN003405,5,0.0,0.0,0.0,0.0,Current,0,,0.0,,REVIEW,0.8
LN003405,6,0.0,0.0,0.0,0.0,Current,0,,0.0,,REVIEW,0.8
LN003405,7,0.0,0.0,0.0,0.0,Current,0,,0.0,,REVIEW,0.8
LN003405,8,0.0,0.0,0.0,0.0,Current,0,,0.0,,REVIEW,0.8
LN003405,9,0.0,0.0,0.0,0.0,Current,0,,0.0,,REVIEW,0.8
LN003405,10,0.0,0.0,0.0,0.0,Current,0,,0.0,,REVIEW,0.8
LN003405,11,0.0,0.0,0.0,0.0,Current,0,,0.0,,REVIEW,0.8
LN003405,12,0.0,0.0,0.0,0.0,Current,0,,0.0,,REVIEW,0.8
LN003405,13,0.0,0.0,0.0,0.0,Current,0,,0.0,,REVIEW,0.8
LN003405,14,0.0,0.0,0.0,0.0,Current,0,,0.0,,REVIEW,0.8
LN003405,15,0.0,0.0,0.0,0.0,Current,0,,0.0,,REVIEW,0.8
LN003405,16,0.0,0.0,0.0,0.0,Current,0,,0.0,,REVIEW,0.8
LN003405,17,0.0,0.0,0.0,0.0,Current,0,,0.0,,REVIEW,0.8
LN003405,18,0.0,0.0,0.0,0.0,Current,0,,0.0,,REVIEW,0.8
LN003405,19,0.0,0.0,0.0,0.0,Current,0,,0.0,,REVIEW,0.8
LN003405,20,0.0,0.0,0.0,0.0,Current,0,,0.0,,REVIEW,0.8
LN003405,21,0.0,0.0,0.0,0.0,Current,0,,0.0,,REVIEW,0.8
LN003405,22,0.0,0.0,0.0,0.0,Current,0,,0.0,,REVIEW,0.8
LN003405,23,0.0,0.0,0.0,0.0,Current,0,,0.0,,REVIEW,0.8
LN003405,24,0.0,0.0,0.0,0.0,Current,0,,0.0,,REVIEW,0.8
LN003406,1,0.0,0.0,0.0,0.0,Current,0,,0.0,,REVIEW,0.8
LN003406,2,0.0,0.0,0.0,0.0,Current,0,,0.0,,REVIEW,0.8
LN003406,3,0.0,0.0,0.0,0.0,Current,0,,0.0,,REVIEW,0.8
LN003406,4,0.0,0.0,0.0,0.0,Current,0,,0.0,,REVIEW,0.8
LN003406,5,0.0,0.0,0.0,0.0,Current,0,,0.0,,REVIEW,0.8
LN003406,6,0.0,0.0,0.0,0.0,Current,0,,0.0,,REVIEW,0.8
LN003406,7,0.0,0.0,0.0,0.0,Current,0,,0.0,,REVIEW,0.8
LN003406,8,0.0,0.0,0.0,0.0,Current,0,,0.0,,REVIEW,0.8
LN003406,9,0.0,0.0,0.0,0.0,Current,0,,0.0,,REVIEW,0.8
LN003406,10,0.0,0.0,0.0,0.0,Current,0,,0.0,,REVIEW,0.8
LN003406,11,0.0,0.0,0.0,0.0,Current,0,,0.0,,REVIEW,0.8
LN003406,12,0.0,0.0,0.0,0.0,Current,0,,0.0,,REVIEW,0.8
LN003406,13,0.0,0.0,0.0,0.0,Current,0,,0.0,,REVIEW,0.8
LN003406,14,0.0,0.0,0.0,0.0,Current,0,,0.0,,REVIEW,0.8
LN003406,15,0.0,0.0,0.0,0.0,Current,0,,0.0,,REVIEW,0.8
LN003406,16,0.0,0.0,0.0,0.0,Current,0,,0.0,,REVIEW,0.8
LN003406,17,0.0,0.0,0.0,0.0,Current,0,,0.0,,REVIEW,0.8
LN003406,18,0.0,0.0,0.0,0.0,Current,0,,0.0,,REVIEW,0.8
LN003406,19,0.0,0.0,0.0,0.0,Current,0,,0.0,,REVIEW,0.8
LN003406,20,0.0,0.0,0.0,0.0,Current,0,,0.0,,REVIEW,0.8
LN003406,21,0.0,0.0,0.0,0.0,Current,0,,0.0,,REVIEW,0.8
LN003406,22,0.0,0.0,0.0,0.0,Current,0,,0.0,,REVIEW,0.8
LN003406,23,0.0,0.0,0.0,0.0,Current,0,,0.0,,REVIEW,0.8
LN003406,24,0.0,0.0,0.0,0.0,Current,0,,0.0,,REVIEW,0.8
LN003407,1,0.0,0.0,0.0,0.0,Current,0,,0.0,,REVIEW,0.8
LN003407,2,0.0,0.0,0.0,0.0,Current,0,,0.0,,REVIEW,0.8
LN003407,3,0.0,0.0,0.0,0.0,Current,0,,0.0,,REVIEW,0.8
LN003407,4,0.0,0.0,0.0,0.0,Current,0,,0.0,,REVIEW,0.8
LN003407,5,0.0,0.0,0.0,0.0,Current,0,,0.0,,REVIEW,0.8
LN003407,6,0.0,0.0,0.0,0.0,Current,0,,0.0,,REVIEW,0.8
LN003407,7,0.0,0.0,0.0,0.0,Current,0,,0.0,,REVIEW,0.8
LN003407,8,0.0,0.0,0.0,0.0,Current,0,,0.0,,REVIEW,0.8
LN003407,9,0.0,0.0,0.0,0.0,Current,0,,0.0,,REVIEW,0.8
LN003407,10,0.0,0.0,0.0,0.0,Current,0,,0.0,,REVIEW,0.8
LN003407,11,0.0,0.0,0.0,0.0,Current,0,,0.0,,REVIEW,0.8
LN003407,12,0.0,0.0,0.0,0.0,Current,0,,0.0,,REVIEW,0.8
LN003407,13,0.0,0.0,0.0,0.0,Current,0,,0.0,,REVIEW,0.8
LN003407,14,0.0,0.0,0.0,0.0,Current,0,,0.0,,REVIEW,0.8
LN003407,15,0.0,0.0,0.0,0.0,Current,0,,0.0,,REVIEW,0.8
LN003407,16,0.0,0.0,0.0,0.0,Current,0,,0.0,,REVIEW,0.8
LN003407,17,0.0,0.0,0.0,0.0,Current,0,,0.0,,REVIEW,0.8
LN003407,18,0.0,0.0,0.0,0.0,Current,0,,0.0,,REVIEW,0.8
LN003407,19,0.0,0.0,0.0,0.0,Current,0,,0.0,,REVIEW,0.8
LN003407,20,0.0,0.0,0.0,0.0,Current,0,,0.0,,REVIEW,0.8
LN003407,21,0.0,0.0,0.0,0.0,Current,0,,0.0,,REVIEW,0.8
LN003407,22,0.0,0.0,0.0,0.0,Current,0,,0.0,,REVIEW,0.8
LN003407,23,0.0,0.0,0.0,0.0,Current,0,,0.0,,REVIEW,0.8
LN003407,24,0.0,0.0,0.0,0.0,Current,0,,0.0,,REVIEW,0.8
LN003408,1,0.0,0.0,0.0,0.0,Current,0,,0.0,,REVIEW,0.8
LN003408,2,0.0,0.0,0.0,0.0,Current,0,,0.0,,REVIEW,0.8
LN003408,3,0.0,0.0,0.0,0.0,Current,0,,0.0,,REVIEW,0.8
LN003408,4,0.0,0.0,0.0,0.0,Current,0,,0.0,,REVIEW,0.8
LN003408,5,0.0,0.0,0.0,0.0,Current,0,,0.0,,REVIEW,0.8
LN003408,6,0.0,0.0,0.0,0.0,Current,0,,0.0,,REVIEW,0.8
LN003408,7,0.0,0.0,0.0,0.0,Current,0,,0.0,,REVIEW,0.8
LN003408,8,0.0,0.0,0.0,0.0,Current,0,,0.0,,REVIEW,0.8
LN003408,9,0.0,0.0,0.0,0.0,Current,0,,0.0,,REVIEW,0.8
LN003408,10,0.0,0.0,0.0,0.0,Current,0,,0.0,,REVIEW,0.8
LN003408,11,0.0,0.0,0.0,0.0,Current,0,,0.0,,REVIEW,0.8
LN003408,12,0.0,0.0,0.0,0.0,Current,0,,0.0,,REVIEW,0.8
LN003408,13,0.0,0.0,0.0,0.0,Current,0,,0.0,,REVIEW,0.8
LN003408,14,0.0,0.0,0.0,0.0,Current,0,,0.0,,REVIEW,0.8
LN003408,15,0.0,0.0,0.0,0.0,Current,0,,0.0,,REVIEW,0.8
LN003408,16,0.0,0.0,0.0,0.0,Current,0,,0.0,,REVIEW,0.8
LN003408,17,0.0,0.0,0.0,0.0,Current,0,,0.0,,REVIEW,0.8
LN003408,18,0.0,0.0,0.0,0.0,Current,0,,0.0,,REVIEW,0.8
LN003408,19,0.0,0.0,0.0,0.0,Current,0,,0.0,,REVIEW,0.8
LN003408,20,0.0,0.0,0.0,0.0,Current,0,,0.0,,REVIEW,0.8
LN003408,21,0.0,0.0,0.0,0.0,Current,0,,0.0,,REVIEW,0.8
LN003408,22,0.0,0.0,0.0,0.0,Current,0,,0.0,,REVIEW,0.8
LN003408,23,0.0,0.0,0.0,0.0,Current,0,,0.0,,REVIEW,0.8
LN003408,24,0.0,0.0,0.0,0.0,Current,0,,0.0,,REVIEW,0.8
LN003409,1,0.0,0.0,0.0,0.0,Current,0,,0.0,,REVIEW,0.8
LN003409,2,0.0,0.0,0.0,0.0,Current,0,,0.0,,REVIEW,0.8
LN003409,3,0.0,0.0,0.0,0.0,Current,0,,0.0,,REVIEW,0.8
LN003409,4,0.0,0.0,0.0,0.0,Current,0,,0.0,,REVIEW,0.8
LN003409,5,0.0,0.0,0.0,0.0,Current,0,,0.0,,REVIEW,0.8
LN003409,6,0.0,0.0,0.0,0.0,Current,0,,0.0,,REVIEW,0.8
LN003409,7,0.0,0.0,0.0,0.0,Current,0,,0.0,,REVIEW,0.8
LN003409,8,0.0,0.0,0.0,0.0,Current,0,,0.0,,REVIEW,0.8
LN003409,9,0.0,0.0,0.0,0.0,Current,0,,0.0,,REVIEW,0.8
LN003409,10,0.0,0.0,0.0,0.0,Current,0,,0.0,,REVIEW,0.8
LN003409,11,0.0,0.0,0.0,0.0,Current,0,,0.0,,REVIEW,0.8
LN003409,12,0.0,0.0,0.0,0.0,Current,0,,0.0,,REVIEW,0.8
LN003409,13,0.0,0.0,0.0,0.0,Current,0,,0.0,,REVIEW,0.8
LN003409,14,0.0,0.0,0.0,0.0,Current,0,,0.0,,REVIEW,0.8
LN003409,15,0.0,0.0,0.0,0.0,Current,0,,0.0,,REVIEW,0.8
LN003409,16,0.0,0.0,0.0,0.0,Current,0,,0.0,,REVIEW,0.8
LN003409,17,0.0,0.0,0.0,0.0,Current,0,,0.0,,REVIEW,0.8
LN003409,18,0.0,0.0,0.0,0.0,Current,0,,0.0,,REVIEW,0.8
LN003409,19,0.0,0.0,0.0,0.0,Current,0,,0.0,,REVIEW,0.8
LN003409,20,0.0,0.0,0.0,0.0,Current,0,,0.0,,REVIEW,0.8
LN003409,21,0.0,0.0,0.0,0.0,Current,0,,0.0,,REVIEW,0.8
LN003409,22,0.0,0.0,0.0,0.0,Current,0,,0.0,,REVIEW,0.8
LN003409,23,0.0,0.0,0.0,0.0,Current,0,,0.0,,REVIEW,0.8
LN003409,24,0.0,0.0,0.0,0.0,Current,0,,0.0,,REVIEW,0.8
LN003410,1,0.0,0.0,0.0,0.0,Current,0,,0.0,,REVIEW,0.8
LN003410,2,0.0,0.0,0.0,0.0,Current,0,,0.0,,REVIEW,0.8
LN003410,3,0.0,0.0,0.0,0.0,Current,0,,0.0,,REVIEW,0.8
LN003410,4,0.0,0.0,0.0,0.0,Current,0,,0.0,,REVIEW,0.8
LN003410,5,0.0,0.0,0.0,0.0,Current,0,,0.0,,REVIEW,0.8
LN003410,6,0.0,0.0,0.0,0.0,Current,0,,0.0,,REVIEW,0.8
LN003410,7,0.0,0.0,0.0,0.0,Current,0,,0.0,,REVIEW,0.8
LN003410,8,0.0,0.0,0.0,0.0,Current,0,,0.0,,REVIEW,0.8
LN003410,9,0.0,0.0,0.0,0.0,Current,0,,0.0,,REVIEW,0.8
LN003410,10,0.0,0.0,0.0,0.0,Current,0,,0.0,,REVIEW,0.8
LN003410,11,0.0,0.0,0.0,0.0,Current,0,,0.0,,REVIEW,0.8
LN003410,12,0.0,0.0,0.0,0.0,Current,0,,0.0,,REVIEW,0.8
LN003410,13,0.0,0.0,0.0,0.0,Current,0,,0.0,,REVIEW,0.8
LN003410,14,0.0,0.0,0.0,0.0,Current,0,,0.0,,REVIEW,0.8
LN003410,15,0.0,0.0,0.0,0.0,Current,0,,0.0,,REVIEW,0.8
LN003410,16,0.0,0.0,0.0,0.0,Current,0,,0.0,,REVIEW,0.8
LN003410,17,0.0,0.0,0.0,0.0,Current,0,,0.0,,REVIEW,0.8
LN003410,18,0.0,0.0,0.0,0.0,Current,0,,0.0,,REVIEW,0.8
LN003410,19,0.0,0.0,0.0,0.0,Current,0,,0.0,,REVIEW,0.8
LN003410,20,0.0,0.0,0.0,0.0,Current,0,,0.0,,REVIEW,0.8
LN003410,21,0.0,0.0,0.0,0.0,Current,0,,0.0,,REVIEW,0.8
LN003410,22,0.0,0.0,0.0,0.0,Current,0,,0.0,,REVIEW,0.8
LN003410,23,0.0,0.0,0.0,0.0,Current,0,,0.0,,REVIEW,0.8
LN003410,24,0.0,0.0,0.0,0.0,Current,0,,0.0,,REVIEW,0.8
LN003411,1,0.0,0.0,0.0,0.0,Current,0,,0.0,,REVIEW,0.8
LN003411,2,0.0,0.0,0.0,0.0,Current,0,,0.0,,REVIEW,0.8
LN003411,3,0.0,0.0,0.0,0.0,Current,0,,0.0,,REVIEW,0.8
LN003411,4,0.0,0.0,0.0,0.0,Current,0,,0.0,,REVIEW,0.8
LN003411,5,0.0,0.0,0.0,0.0,Current,0,,0.0,,REVIEW,0.8
LN003411,6,0.0,0.0,0.0,0.0,Current,0,,0.0,,REVIEW,0.8
LN003411,7,0.0,0.0,0.0,0.0,Current,0,,0.0,,REVIEW,0.8
LN003411,8,0.0,0.0,0.0,0.0,Current,0,,0.0,,REVIEW,0.8
LN003411,9,0.0,0.0,0.0,0.0,Current,0,,0.0,,REVIEW,0.8
LN003411,10,0.0,0.0,0.0,0.0,Current,0,,0.0,,REVIEW,0.8
LN003411,11,0.0,0.0,0.0,0.0,Current,0,,0.0,,REVIEW,0.8
LN003411,12,0.0,0.0,0.0,0.0,Current,0,,0.0,,REVIEW,0.8
LN003411,13,0.0,0.0,0.0,0.0,Current,0,,0.0,,REVIEW,0.8
LN003411,14,0.0,0.0,0.0,0.0,Current,0,,0.0,,REVIEW,0.8
LN003411,15,0.0,0.0,0.0,0.0,Current,0,,0.0,,REVIEW,0.8
LN003411,16,0.0,0.0,0.0,0.0,Current,0,,0.0,,REVIEW,0.8
LN003411,17,0.0,0.0,0.0,0.0,Current,0,,0.0,,REVIEW,0.8
LN003411,18,0.0,0.0,0.0,0.0,Current,0,,0.0,,REVIEW,0.8
LN003411,19,0.0,0.0,0.0,0.0,Current,0,,0.0,,REVIEW,0.8
LN003411,20,0.0,0.0,0.0,0.0,Current,0,,0.0,,REVIEW,0.8
LN003411,21,0.0,0.0,0.0,0.0,Current,0,,0.0,,REVIEW,0.8
LN003411,22,0.0,0.0,0.0,0.0,Current,0,,0.0,,REVIEW,0.8
LN003411,23,0.0,0.0,0.0,0.0,Current,0,,0.0,,REVIEW,0.8
LN003411,24,0.0,0.0,0.0,0.0,Current,0,,0.0,,REVIEW,0.8
LN003412,1,0.0,0.0,0.0,0.0,Current,0,,0.0,,REVIEW,0.8
LN003412,2,0.0,0.0,0.0,0.0,Current,0,,0.0,,REVIEW,0.8
LN003412,3,0.0,0.0,0.0,0.0,Current,0,,0.0,,REVIEW,0.8
LN003412,4,0.0,0.0,0.0,0.0,Current,0,,0.0,,REVIEW,0.8
LN003412,5,0.0,0.0,0.0,0.0,Current,0,,0.0,,REVIEW,0.8
LN003412,6,0.0,0.0,0.0,0.0,Current,0,,0.0,,REVIEW,0.8
LN003412,7,0.0,0.0,0.0,0.0,Current,0,,0.0,,REVIEW,0.8
LN003412,8,0.0,0.0,0.0,0.0,Current,0,,0.0,,REVIEW,0.8
LN003412,9,0.0,0.0,0.0,0.0,Current,0,,0.0,,REVIEW,0.8
LN003412,10,0.0,0.0,0.0,0.0,Current,0,,0.0,,REVIEW,0.8
LN003412,11,0.0,0.0,0.0,0.0,Current,0,,0.0,,REVIEW,0.8
LN003412,12,0.0,0.0,0.0,0.0,Current,0,,0.0,,REVIEW,0.8
LN003412,13,0.0,0.0,0.0,0.0,Current,0,,0.0,,REVIEW,0.8
LN003412,14,0.0,0.0,0.0,0.0,Current,0,,0.0,,REVIEW,0.8
LN003412,15,0.0,0.0,0.0,0.0,Current,0,,0.0,,REVIEW,0.8
LN003412,16,0.0,0.0,0.0,0.0,Current,0,,0.0,,REVIEW,0.8
LN003412,17,0.0,0.0,0.0,0.0,Current,0,,0.0,,REVIEW,0.8
LN003412,18,0.0,0.0,0.0,0.0,Current,0,,0.0,,REVIEW,0.8
LN003412,19,0.0,0.0,0.0,0.0,Current,0,,0.0,,REVIEW,0.8
LN003412,20,0.0,0.0,0.0,0.0,Current,0,,0.0,,REVIEW,0.8
LN003412,21,0.0,0.0,0.0,0.0,Current,0,,0.0,,REVIEW,0.8
LN003412,22,0.0,0.0,0.0,0.0,Current,0,,0.0,,REVIEW,0.8
LN003412,23,0.0,0.0,0.0,0.0,Current,0,,0.0,,REVIEW,0.8
LN003412,24,0.0,0.0,0.0,0.0,Current,0,,0.0,,REVIEW,0.8
LN003413,1,0.0,0.0,0.0,0.0,Current,0,,0.0,,REVIEW,0.8
LN003413,2,0.0,0.0,0.0,0.0,Current,0,,0.0,,REVIEW,0.8
LN003413,3,0.0,0.0,0.0,0.0,Current,0,,0.0,,REVIEW,0.8
LN003413,4,0.0,0.0,0.0,0.0,Current,0,,0.0,,REVIEW,0.8
LN003413,5,0.0,0.0,0.0,0.0,Current,0,,0.0,,REVIEW,0.8
LN003413,6,0.0,0.0,0.0,0.0,Current,0,,0.0,,REVIEW,0.8
LN003413,7,0.0,0.0,0.0,0.0,Current,0,,0.0,,REVIEW,0.8
LN003413,8,0.0,0.0,0.0,0.0,Current,0,,0.0,,REVIEW,0.8
LN003413,9,0.0,0.0,0.0,0.0,Current,0,,0.0,,REVIEW,0.8
LN003413,10,0.0,0.0,0.0,0.0,Current,0,,0.0,,REVIEW,0.8
LN003413,11,0.0,0.0,0.0,0.0,Current,0,,0.0,,REVIEW,0.8
LN003413,12,0.0,0.0,0.0,0.0,Current,0,,0.0,,REVIEW,0.8
LN003413,13,0.0,0.0,0.0,0.0,Current,0,,0.0,,REVIEW,0.8
LN003413,14,0.0,0.0,0.0,0.0,Current,0,,0.0,,REVIEW,0.8
LN003413,15,0.0,0.0,0.0,0.0,Current,0,,0.0,,REVIEW,0.8
LN003413,16,0.0,0.0,0.0,0.0,Current,0,,0.0,,REVIEW,0.8
LN003413,17,0.0,0.0,0.0,0.0,Current,0,,0.0,,REVIEW,0.8
LN003413,18,0.0,0.0,0.0,0.0,Current,0,,0.0,,REVIEW,0.8
LN003413,19,0.0,0.0,0.0,0.0,Current,0,,0.0,,REVIEW,0.8
LN003413,20,0.0,0.0,0.0,0.0,Current,0,,0.0,,REVIEW,0.8
LN003413,21,0.0,0.0,0.0,0.0,Current,0,,0.0,,REVIEW,0.8
LN003413,22,0.0,0.0,0.0,0.0,Current,0,,0.0,,REVIEW,0.8
LN003413,23,0.0,0.0,0.0,0.0,Current,0,,0.0,,REVIEW,0.8
LN003413,24,0.0,0.0,0.0,0.0,Current,0,,0.0,,REVIEW,0.8
LN003414,1,0.0,0.0,0.0,0.0,Current,0,,0.0,,REVIEW,0.8
LN003414,2,0.0,0.0,0.0,0.0,Current,0,,0.0,,REVIEW,0.8
LN003414,3,0.0,0.0,0.0,0.0,Current,0,,0.0,,REVIEW,0.8
LN003414,4,0.0,0.0,0.0,0.0,Current,0,,0.0,,REVIEW,0.8
LN003414,5,0.0,0.0,0.0,0.0,Current,0,,0.0,,REVIEW,0.8
LN003414,6,0.0,0.0,0.0,0.0,Current,0,,0.0,,REVIEW,0.8
LN003414,7,0.0,0.0,0.0,0.0,Current,0,,0.0,,REVIEW,0.8
LN003414,8,0.0,0.0,0.0,0.0,Current,0,,0.0,,REVIEW,0.8
LN003414,9,0.0,0.0,0.0,0.0,Current,0,,0.0,,REVIEW,0.8
LN003414,10,0.0,0.0,0.0,0.0,Current,0,,0.0,,REVIEW,0.8
LN003414,11,0.0,0.0,0.0,0.0,Current,0,,0.0,,REVIEW,0.8
LN003414,12,0.0,0.0,0.0,0.0,Current,0,,0.0,,REVIEW,0.8
LN003414,13,0.0,0.0,0.0,0.0,Current,0,,0.0,,REVIEW,0.8
LN003414,14,0.0,0.0,0.0,0.0,Current,0,,0.0,,REVIEW,0.8
LN003414,15,0.0,0.0,0.0,0.0,Current,0,,0.0,,REVIEW,0.8
LN003414,16,0.0,0.0,0.0,0.0,Current,0,,0.0,,REVIEW,0.8
LN003414,17,0.0,0.0,0.0,0.0,Current,0,,0.0,,REVIEW,0.8
LN003414,18,0.0,0.0,0.0,0.0,Current,0,,0.0,,REVIEW,0.8
LN003414,19,0.0,0.0,0.0,0.0,Current,0,,0.0,,REVIEW,0.8
LN003414,20,0.0,0.0,0.0,0.0,Current,0,,0.0,,REVIEW,0.8
LN003414,21,0.0,0.0,0.0,0.0,Current,0,,0.0,,REVIEW,0.8
LN003414,22,0.0,0.0,0.0,0.0,Current,0,,0.0,,REVIEW,0.8
LN003414,23,0.0,0.0,0.0,0.0,Current,0,,0.0,,REVIEW,0.8
LN003414,24,0.0,0.0,0.0,0.0,Current,0,,0.0,,REVIEW,0.8
LN003415,1,0.0,0.0,0.0,0.0,Current,0,,0.0,,REVIEW,0.8
LN003415,2,0.0,0.0,0.0,0.0,Current,0,,0.0,,REVIEW,0.8
LN003415,3,0.0,0.0,0.0,0.0,Current,0,,0.0,,REVIEW,0.8
LN003415,4,0.0,0.0,0.0,0.0,Current,0,,0.0,,REVIEW,0.8
LN003415,5,0.0,0.0,0.0,0.0,Current,0,,0.0,,REVIEW,0.8
LN003415,6,0.0,0.0,0.0,0.0,Current,0,,0.0,,REVIEW,0.8
LN003415,7,0.0,0.0,0.0,0.0,Current,0,,0.0,,REVIEW,0.8
LN003415,8,0.0,0.0,0.0,0.0,Current,0,,0.0,,REVIEW,0.8
LN003415,9,0.0,0.0,0.0,0.0,Current,0,,0.0,,REVIEW,0.8
LN003415,10,0.0,0.0,0.0,0.0,Current,0,,0.0,,REVIEW,0.8
LN003415,11,0.0,0.0,0.0,0.0,Current,0,,0.0,,REVIEW,0.8
LN003415,12,0.0,0.0,0.0,0.0,Current,0,,0.0,,REVIEW,0.8
LN003415,13,0.0,0.0,0.0,0.0,Current,0,,0.0,,REVIEW,0.8
LN003415,14,0.0,0.0,0.0,0.0,Current,0,,0.0,,REVIEW,0.8
LN003415,15,0.0,0.0,0.0,0.0,Current,0,,0.0,,REVIEW,0.8
LN003415,16,0.0,0.0,0.0,0.0,Current,0,,0.0,,REVIEW,0.8
LN003415,17,0.0,0.0,0.0,0.0,Current,0,,0.0,,REVIEW,0.8
LN003415,18,0.0,0.0,0.0,0.0,Current,0,,0.0,,REVIEW,0.8
LN003415,19,0.0,0.0,0.0,0.0,Current,0,,0.0,,REVIEW,0.8
LN003415,20,0.0,0.0,0.0,0.0,Current,0,,0.0,,REVIEW,0.8
LN003415,21,0.0,0.0,0.0,0.0,Current,0,,0.0,,REVIEW,0.8
LN003415,22,0.0,0.0,0.0,0.0,Current,0,,0.0,,REVIEW,0.8
LN003415,23,0.0,0.0,0.0,0.0,Current,0,,0.0,,REVIEW,0.8
LN003415,24,0.0,0.0,0.0,0.0,Current,0,,0.0,,REVIEW,0.8
LN003416,1,0.0,0.0,0.0,0.0,Current,0,,0.0,,REVIEW,0.8
LN003416,2,0.0,0.0,0.0,0.0,Current,0,,0.0,,REVIEW,0.8
LN003416,3,0.0,0.0,0.0,0.0,Current,0,,0.0,,REVIEW,0.8
LN003416,4,0.0,0.0,0.0,0.0,Current,0,,0.0,,REVIEW,0.8
LN003416,5,0.0,0.0,0.0,0.0,Current,0,,0.0,,REVIEW,0.8
LN003416,6,0.0,0.0,0.0,0.0,Current,0,,0.0,,REVIEW,0.8
LN003416,7,0.0,0.0,0.0,0.0,Current,0,,0.0,,REVIEW,0.8
LN003416,8,0.0,0.0,0.0,0.0,Current,0,,0.0,,REVIEW,0.8
LN003416,9,0.0,0.0,0.0,0.0,Current,0,,0.0,,REVIEW,0.8
LN003416,10,0.0,0.0,0.0,0.0,Current,0,,0.0,,REVIEW,0.8
LN003416,11,0.0,0.0,0.0,0.0,Current,0,,0.0,,REVIEW,0.8
LN003416,12,0.0,0.0,0.0,0.0,Current,0,,0.0,,REVIEW,0.8
LN003416,13,0.0,0.0,0.0,0.0,Current,0,,0.0,,REVIEW,0.8
LN003416,14,0.0,0.0,0.0,0.0,Current,0,,0.0,,REVIEW,0.8
LN003416,15,0.0,0.0,0.0,0.0,Current,0,,0.0,,REVIEW,0.8
LN003416,16,0.0,0.0,0.0,0.0,Current,0,,0.0,,REVIEW,0.8
LN003416,17,0.0,0.0,0.0,0.0,Current,0,,0.0,,REVIEW,0.8
LN003416,18,0.0,0.0,0.0,0.0,Current,0,,0.0,,REVIEW,0.8
LN003416,19,0.0,0.0,0.0,0.0,Current,0,,0.0,,REVIEW,0.8
LN003416,20,0.0,0.0,0.0,0.0,Current,0,,0.0,,REVIEW,0.8
LN003416,21,0.0,0.0,0.0,0.0,Current,0,,0.0,,REVIEW,0.8
LN003416,22,0.0,0.0,0.0,0.0,Current,0,,0.0,,REVIEW,0.8
LN003416,23,0.0,0.0,0.0,0.0,Current,0,,0.0,,REVIEW,0.8
LN003416,24,0.0,0.0,0.0,0.0,Current,0,,0.0,,REVIEW,0.8
LN003417,1,0.0,0.0,0.0,0.0,Current,0,,0.0,,REVIEW,0.8
LN003417,2,0.0,0.0,0.0,0.0,Current,0,,0.0,,REVIEW,0.8
LN003417,3,0.0,0.0,0.0,0.0,Current,0,,0.0,,REVIEW,0.8
LN003417,4,0.0,0.0,0.0,0.0,Current,0,,0.0,,REVIEW,0.8
LN003417,5,0.0,0.0,0.0,0.0,Current,0,,0.0,,REVIEW,0.8
LN003417,6,0.0,0.0,0.0,0.0,Current,0,,0.0,,REVIEW,0.8
LN003417,7,0.0,0.0,0.0,0.0,Current,0,,0.0,,REVIEW,0.8
LN003417,8,0.0,0.0,0.0,0.0,Current,0,,0.0,,REVIEW,0.8
LN003417,9,0.0,0.0,0.0,0.0,Current,0,,0.0,,REVIEW,0.8
LN003417,10,0.0,0.0,0.0,0.0,Current,0,,0.0,,REVIEW,0.8
LN003417,11,0.0,0.0,0.0,0.0,Current,0,,0.0,,REVIEW,0.8
LN003417,12,0.0,0.0,0.0,0.0,Current,0,,0.0,,REVIEW,0.8
LN003417,13,0.0,0.0,0.0,0.0,Current,0,,0.0,,REVIEW,0.8
LN003417,14,0.0,0.0,0.0,0.0,Current,0,,0.0,,REVIEW,0.8
LN003417,15,0.0,0.0,0.0,0.0,Current,0,,0.0,,REVIEW,0.8
LN003417,16,0.0,0.0,0.0,0.0,Current,0,,0.0,,REVIEW,0.8
LN003417,17,0.0,0.0,0.0,0.0,Current,0,,0.0,,REVIEW,0.8
LN003417,18,0.0,0.0,0.0,0.0,Current,0,,0.0,,REVIEW,0.8
LN003417,19,0.0,0.0,0.0,0.0,Current,0,,0.0,,REVIEW,0.8
LN003417,20,0.0,0.0,0.0,0.0,Current,0,,0.0,,REVIEW,0.8
LN003417,21,0.0,0.0,0.0,0.0,Current,0,,0.0,,REVIEW,0.8
LN003417,22,0.0,0.0,0.0,0.0,Current,0,,0.0,,REVIEW,0.8
LN003417,23,0.0,0.0,0.0,0.0,Current,0,,0.0,,REVIEW,0.8
LN003417,24,0.0,0.0,0.0,0.0,Current,0,,0.0,,REVIEW,0.8
LN003418,1,0.0,0.0,0.0,0.0,Current,0,,0.0,,REVIEW,0.8
LN003418,2,0.0,0.0,0.0,0.0,Current,0,,0.0,,REVIEW,0.8
LN003418,3,0.0,0.0,0.0,0.0,Current,0,,0.0,,REVIEW,0.8
LN003418,4,0.0,0.0,0.0,0.0,Current,0,,0.0,,REVIEW,0.8
LN003418,5,0.0,0.0,0.0,0.0,Current,0,,0.0,,REVIEW,0.8
LN003418,6,0.0,0.0,0.0,0.0,Current,0,,0.0,,REVIEW,0.8
LN003418,7,0.0,0.0,0.0,0.0,Current,0,,0.0,,REVIEW,0.8
LN003418,8,0.0,0.0,0.0,0.0,Current,0,,0.0,,REVIEW,0.8
LN003418,9,0.0,0.0,0.0,0.0,Current,0,,0.0,,REVIEW,0.8
LN003418,10,0.0,0.0,0.0,0.0,Current,0,,0.0,,REVIEW,0.8
LN003418,11,0.0,0.0,0.0,0.0,Current,0,,0.0,,REVIEW,0.8
LN003418,12,0.0,0.0,0.0,0.0,Current,0,,0.0,,REVIEW,0.8
LN003418,13,0.0,0.0,0.0,0.0,Current,0,,0.0,,REVIEW,0.8
LN003418,14,0.0,0.0,0.0,0.0,Current,0,,0.0,,REVIEW,0.8
LN003418,15,0.0,0.0,0.0,0.0,Current,0,,0.0,,REVIEW,0.8
LN003418,16,0.0,0.0,0.0,0.0,Current,0,,0.0,,REVIEW,0.8
LN003418,17,0.0,0.0,0.0,0.0,Current,0,,0.0,,REVIEW,0.8
LN003418,18,0.0,0.0,0.0,0.0,Current,0,,0.0,,REVIEW,0.8
LN003418,19,0.0,0.0,0.0,0.0,Current,0,,0.0,,REVIEW,0.8
LN003418,20,0.0,0.0,0.0,0.0,Current,0,,0.0,,REVIEW,0.8
LN003418,21,0.0,0.0,0.0,0.0,Current,0,,0.0,,REVIEW,0.8
LN003418,22,0.0,0.0,0.0,0.0,Current,0,,0.0,,REVIEW,0.8
LN003418,23,0.0,0.0,0.0,0.0,Current,0,,0.0,,REVIEW,0.8
LN003418,24,0.0,0.0,0.0,0.0,Current,0,,0.0,,REVIEW,0.8
LN003419,1,0.0,0.0,0.0,0.0,Current,0,,0.0,,REVIEW,0.8
LN003419,2,0.0,0.0,0.0,0.0,Current,0,,0.0,,REVIEW,0.8
LN003419,3,0.0,0.0,0.0,0.0,Current,0,,0.0,,REVIEW,0.8
LN003419,4,0.0,0.0,0.0,0.0,Current,0,,0.0,,REVIEW,0.8
LN003419,5,0.0,0.0,0.0,0.0,Current,0,,0.0,,REVIEW,0.8
LN003419,6,0.0,0.0,0.0,0.0,Current,0,,0.0,,REVIEW,0.8
LN003419,7,0.0,0.0,0.0,0.0,Current,0,,0.0,,REVIEW,0.8
LN003419,8,0.0,0.0,0.0,0.0,Current,0,,0.0,,REVIEW,0.8
LN003419,9,0.0,0.0,0.0,0.0,Current,0,,0.0,,REVIEW,0.8
LN003419,10,0.0,0.0,0.0,0.0,Current,0,,0.0,,REVIEW,0.8
LN003419,11,0.0,0.0,0.0,0.0,Current,0,,0.0,,REVIEW,0.8
LN003419,12,0.0,0.0,0.0,0.0,Current,0,,0.0,,REVIEW,0.8
LN003419,13,0.0,0.0,0.0,0.0,Current,0,,0.0,,REVIEW,0.8
LN003419,14,0.0,0.0,0.0,0.0,Current,0,,0.0,,REVIEW,0.8
LN003419,15,0.0,0.0,0.0,0.0,Current,0,,0.0,,REVIEW,0.8
LN003419,16,0.0,0.0,0.0,0.0,Current,0,,0.0,,REVIEW,0.8
LN003419,17,0.0,0.0,0.0,0.0,Current,0,,0.0,,REVIEW,0.8
LN003419,18,0.0,0.0,0.0,0.0,Current,0,,0.0,,REVIEW,0.8
LN003419,19,0.0,0.0,0.0,0.0,Current,0,,0.0,,REVIEW,0.8
LN003419,20,0.0,0.0,0.0,0.0,Current,0,,0.0,,REVIEW,0.8
LN003419,21,0.0,0.0,0.0,0.0,Current,0,,0.0,,REVIEW,0.8
LN003419,22,0.0,0.0,0.0,0.0,Current,0,,0.0,,REVIEW,0.8
LN003419,23,0.0,0.0,0.0,0.0,Current,0,,0.0,,REVIEW,0.8
LN003419,24,0.0,0.0,0.0,0.0,Current,0,,0.0,,REVIEW,0.8
LN003420,1,0.0,0.0,0.0,0.0,Current,0,,0.0,,REVIEW,0.8
LN003420,2,0.0,0.0,0.0,0.0,Current,0,,0.0,,REVIEW,0.8
LN003420,3,0.0,0.0,0.0,0.0,Current,0,,0.0,,REVIEW,0.8
LN003420,4,0.0,0.0,0.0,0.0,Current,0,,0.0,,REVIEW,0.8
LN003420,5,0.0,0.0,0.0,0.0,Current,0,,0.0,,REVIEW,0.8
LN003420,6,0.0,0.0,0.0,0.0,Current,0,,0.0,,REVIEW,0.8
LN003420,7,0.0,0.0,0.0,0.0,Current,0,,0.0,,REVIEW,0.8
LN003420,8,0.0,0.0,0.0,0.0,Current,0,,0.0,,REVIEW,0.8
LN003420,9,0.0,0.0,0.0,0.0,Current,0,,0.0,,REVIEW,0.8
LN003420,10,0.0,0.0,0.0,0.0,Current,0,,0.0,,REVIEW,0.8
LN003420,11,0.0,0.0,0.0,0.0,Current,0,,0.0,,REVIEW,0.8
LN003420,12,0.0,0.0,0.0,0.0,Current,0,,0.0,,REVIEW,0.8
LN003420,13,0.0,0.0,0.0,0.0,Current,0,,0.0,,REVIEW,0.8
LN003420,14,0.0,0.0,0.0,0.0,Current,0,,0.0,,REVIEW,0.8
LN003420,15,0.0,0.0,0.0,0.0,Current,0,,0.0,,REVIEW,0.8
LN003420,16,0.0,0.0,0.0,0.0,Current,0,,0.0,,REVIEW,0.8
LN003420,17,0.0,0.0,0.0,0.0,Current,0,,0.0,,REVIEW,0.8
LN003420,18,0.0,0.0,0.0,0.0,Current,0,,0.0,,REVIEW,0.8
LN003420,19,0.0,0.0,0.0,0.0,Current,0,,0.0,,REVIEW,0.8
LN003420,20,0.0,0.0,0.0,0.0,Current,0,,0.0,,REVIEW,0.8
LN003420,21,0.0,0.0,0.0,0.0,Current,0,,0.0,,REVIEW,0.8
LN003420,22,0.0,0.0,0.0,0.0,Current,0,,0.0,,REVIEW,0.8
LN003421,1,0.0,0.0,0.0,0.0,Current,0,,0.0,,REVIEW,0.8
LN003421,2,0.0,0.0,0.0,0.0,Current,0,,0.0,,REVIEW,0.8
LN003421,3,0.0,0.0,0.0,0.0,Current,0,,0.0,,REVIEW,0.8
LN003421,4,0.0,0.0,0.0,0.0,Current,0,,0.0,,REVIEW,0.8
LN003421,5,0.0,0.0,0.0,0.0,Current,0,,0.0,,REVIEW,0.8
LN003421,6,0.0,0.0,0.0,0.0,Current,0,,0.0,,REVIEW,0.8
LN003421,7,0.0,0.0,0.0,0.0,Current,0,,0.0,,REVIEW,0.8
LN003421,8,0.0,0.0,0.0,0.0,Current,0,,0.0,,REVIEW,0.8
LN003421,9,0.0,0.0,0.0,0.0,Current,0,,0.0,,REVIEW,0.8
LN003421,10,0.0,0.0,0.0,0.0,Current,0,,0.0,,REVIEW,0.8
LN003421,11,0.0,0.0,0.0,0.0,Current,0,,0.0,,REVIEW,0.8
LN003421,12,0.0,0.0,0.0,0.0,Current,0,,0.0,,REVIEW,0.8
LN003421,13,0.0,0.0,0.0,0.0,Current,0,,0.0,,REVIEW,0.8
LN003421,14,0.0,0.0,0.0,0.0,Current,0,,0.0,,REVIEW,0.8
LN003421,15,0.0,0.0,0.0,0.0,Current,0,,0.0,,REVIEW,0.8
LN003421,16,0.0,0.0,0.0,0.0,Current,0,,0.0,,REVIEW,0.8
LN003421,17,0.0,0.0,0.0,0.0,Current,0,,0.0,,REVIEW,0.8
LN003421,18,0.0,0.0,0.0,0.0,Current,0,,0.0,,REVIEW,0.8
LN003422,1,0.0,0.0,0.0,0.0,Current,0,,0.0,,REVIEW,0.8
LN003422,2,0.0,0.0,0.0,0.0,Current,0,,0.0,,REVIEW,0.8
LN003422,3,0.0,0.0,0.0,0.0,Current,0,,0.0,,REVIEW,0.8
LN003422,4,0.0,0.0,0.0,0.0,Current,0,,0.0,,REVIEW,0.8
LN003422,5,0.0,0.0,0.0,0.0,Current,0,,0.0,,REVIEW,0.8
LN003422,6,0.0,0.0,0.0,0.0,Current,0,,0.0,,REVIEW,0.8
LN003422,7,0.0,0.0,0.0,0.0,Current,0,,0.0,,REVIEW,0.8
LN003422,8,0.0,0.0,0.0,0.0,Current,0,,0.0,,REVIEW,0.8
LN003422,9,0.0,0.0,0.0,0.0,Current,0,,0.0,,REVIEW,0.8
LN003422,10,0.0,0.0,0.0,0.0,Current,0,,0.0,,REVIEW,0.8
LN003422,11,0.0,0.0,0.0,0.0,Current,0,,0.0,,REVIEW,0.8
LN003422,12,0.0,0.0,0.0,0.0,Current,0,,0.0,,REVIEW,0.8
LN003422,13,0.0,0.0,0.0,0.0,Current,0,,0.0,,REVIEW,0.8
LN003422,14,0.0,0.0,0.0,0.0,Current,0,,0.0,,REVIEW,0.8
LN003422,15,0.0,0.0,0.0,0.0,Current,0,,0.0,,REVIEW,0.8
LN003422,16,0.0,0.0,0.0,0.0,Current,0,,0.0,,REVIEW,0.8
LN003422,17,0.0,0.0,0.0,0.0,Current,0,,0.0,,REVIEW,0.8
LN003422,18,0.0,0.0,0.0,0.0,Current,0,,0.0,,REVIEW,0.8
LN003422,19,0.0,0.0,0.0,0.0,Current,0,,0.0,,REVIEW,0.8
LN003422,20,0.0,0.0,0.0,0.0,Current,0,,0.0,,REVIEW,0.8
LN003422,21,0.0,0.0,0.0,0.0,Current,0,,0.0,,REVIEW,0.8
LN003422,22,0.0,0.0,0.0,0.0,Current,0,,0.0,,REVIEW,0.8
LN003422,23,0.0,0.0,0.0,0.0,Current,0,,0.0,,REVIEW,0.8
LN003422,24,0.0,0.0,0.0,0.0,Current,0,,0.0,,REVIEW,0.8
LN003423,1,0.0,0.0,0.0,0.0,Current,0,,0.0,,REVIEW,0.8
LN003423,2,0.0,0.0,0.0,0.0,Current,0,,0.0,,REVIEW,0.8
LN003423,3,0.0,0.0,0.0,0.0,Current,0,,0.0,,REVIEW,0.8
LN003423,4,0.0,0.0,0.0,0.0,Current,0,,0.0,,REVIEW,0.8
LN003423,5,0.0,0.0,0.0,0.0,Current,0,,0.0,,REVIEW,0.8
LN003423,6,0.0,0.0,0.0,0.0,Current,0,,0.0,,REVIEW,0.8
LN003423,7,0.0,0.0,0.0,0.0,Current,0,,0.0,,REVIEW,0.8
LN003423,8,0.0,0.0,0.0,0.0,Current,0,,0.0,,REVIEW,0.8
LN003423,9,0.0,0.0,0.0,0.0,Current,0,,0.0,,REVIEW,0.8
LN003423,10,0.0,0.0,0.0,0.0,Current,0,,0.0,,REVIEW,0.8
LN003423,11,0.0,0.0,0.0,0.0,Current,0,,0.0,,REVIEW,0.8
LN003423,12,0.0,0.0,0.0,0.0,Current,0,,0.0,,REVIEW,0.8
LN003423,13,0.0,0.0,0.0,0.0,Current,0,,0.0,,REVIEW,0.8
LN003423,14,0.0,0.0,0.0,0.0,Current,0,,0.0,,REVIEW,0.8
LN003423,15,0.0,0.0,0.0,0.0,Current,0,,0.0,,REVIEW,0.8
LN003423,16,0.0,0.0,0.0,0.0,Current,0,,0.0,,REVIEW,0.8
LN003423,17,0.0,0.0,0.0,0.0,Current,0,,0.0,,REVIEW,0.8
LN003423,18,0.0,0.0,0.0,0.0,Current,0,,0.0,,REVIEW,0.8
LN003423,19,0.0,0.0,0.0,0.0,Current,0,,0.0,,REVIEW,0.8
LN003424,1,0.0,0.0,0.0,0.0,Current,0,,0.0,,REVIEW,0.8
LN003424,2,0.0,0.0,0.0,0.0,Current,0,,0.0,,REVIEW,0.8
LN003424,3,0.0,0.0,0.0,0.0,Current,0,,0.0,,REVIEW,0.8
LN003424,4,0.0,0.0,0.0,0.0,Current,0,,0.0,,REVIEW,0.8
LN003424,5,0.0,0.0,0.0,0.0,Current,0,,0.0,,REVIEW,0.8
LN003424,6,0.0,0.0,0.0,0.0,Current,0,,0.0,,REVIEW,0.8
LN003424,7,0.0,0.0,0.0,0.0,Current,0,,0.0,,REVIEW,0.8
LN003424,8,0.0,0.0,0.0,0.0,Current,0,,0.0,,REVIEW,0.8
LN003424,9,0.0,0.0,0.0,0.0,Current,0,,0.0,,REVIEW,0.8
LN003424,10,0.0,0.0,0.0,0.0,Current,0,,0.0,,REVIEW,0.8
LN003424,11,0.0,0.0,0.0,0.0,Current,0,,0.0,,REVIEW,0.8
LN003424,12,0.0,0.0,0.0,0.0,Current,0,,0.0,,REVIEW,0.8
LN003424,13,0.0,0.0,0.0,0.0,Current,0,,0.0,,REVIEW,0.8
LN003424,14,0.0,0.0,0.0,0.0,Current,0,,0.0,,REVIEW,0.8
LN003424,15,0.0,0.0,0.0,0.0,Current,0,,0.0,,REVIEW,0.8
LN003424,16,0.0,0.0,0.0,0.0,Current,0,,0.0,,REVIEW,0.8
LN003424,17,0.0,0.0,0.0,0.0,Current,0,,0.0,,REVIEW,0.8
LN003424,18,0.0,0.0,0.0,0.0,Current,0,,0.0,,REVIEW,0.8
LN003424,19,0.0,0.0,0.0,0.0,Current,0,,0.0,,REVIEW,0.8
LN003424,20,0.0,0.0,0.0,0.0,Current,0,,0.0,,REVIEW,0.8
LN003424,21,0.0,0.0,0.0,0.0,Current,0,,0.0,,REVIEW,0.8
LN003424,22,0.0,0.0,0.0,0.0,Current,0,,0.0,,REVIEW,0.8
LN003424,23,0.0,0.0,0.0,0.0,Current,0,,0.0,,REVIEW,0.8
LN003424,24,0.0,0.0,0.0,0.0,Current,0,,0.0,,REVIEW,0.8
LN003425,1,0.0,0.0,0.0,0.0,Current,0,,0.0,,REVIEW,0.8
LN003425,2,0.0,0.0,0.0,0.0,Current,0,,0.0,,REVIEW,0.8
LN003425,3,0.0,0.0,0.0,0.0,Current,0,,0.0,,REVIEW,0.8
LN003425,4,0.0,0.0,0.0,0.0,Current,0,,0.0,,REVIEW,0.8
LN003425,5,0.0,0.0,0.0,0.0,Current,0,,0.0,,REVIEW,0.8
LN003425,6,0.0,0.0,0.0,0.0,Current,0,,0.0,,REVIEW,0.8
LN003425,7,0.0,0.0,0.0,0.0,Current,0,,0.0,,REVIEW,0.8
LN003425,8,0.0,0.0,0.0,0.0,Current,0,,0.0,,REVIEW,0.8
LN003425,9,0.0,0.0,0.0,0.0,Current,0,,0.0,,REVIEW,0.8
LN003425,10,0.0,0.0,0.0,0.0,Current,0,,0.0,,REVIEW,0.8
LN003425,11,0.0,0.0,0.0,0.0,Current,0,,0.0,,REVIEW,0.8
LN003425,12,0.0,0.0,0.0,0.0,Current,0,,0.0,,REVIEW,0.8
LN003425,13,0.0,0.0,0.0,0.0,Current,0,,0.0,,REVIEW,0.8
LN003425,14,0.0,0.0,0.0,0.0,Current,0,,0.0,,REVIEW,0.8
LN003425,15,0.0,0.0,0.0,0.0,Current,0,,0.0,,REVIEW,0.8
LN003425,16,0.0,0.0,0.0,0.0,Current,0,,0.0,,REVIEW,0.8
LN003425,17,0.0,0.0,0.0,0.0,Current,0,,0.0,,REVIEW,0.8
LN003425,18,0.0,0.0,0.0,0.0,Current,0,,0.0,,REVIEW,0.8
LN003425,19,0.0,0.0,0.0,0.0,Current,0,,0.0,,REVIEW,0.8
LN003425,20,0.0,0.0,0.0,0.0,Current,0,,0.0,,REVIEW,0.8
LN003425,21,0.0,0.0,0.0,0.0,Current,0,,0.0,,REVIEW,0.8
LN003425,22,0.0,0.0,0.0,0.0,Current,0,,0.0,,REVIEW,0.8
LN003425,23,0.0,0.0,0.0,0.0,Current,0,,0.0,,REVIEW,0.8
LN003425,24,0.0,0.0,0.0,0.0,Current,0,,0.0,,REVIEW,0.8
LN003426,1,0.0,0.0,0.0,0.0,Current,0,,0.0,,REVIEW,0.8
LN003427,1,0.0,0.0,0.0,0.0,Current,0,,0.0,,REVIEW,0.8
LN003427,2,0.0,0.0,0.0,0.0,Current,0,,0.0,,REVIEW,0.8
LN003427,3,0.0,0.0,0.0,0.0,Current,0,,0.0,,REVIEW,0.8
LN003427,4,0.0,0.0,0.0,0.0,Current,0,,0.0,,REVIEW,0.8
LN003427,5,0.0,0.0,0.0,0.0,Current,0,,0.0,,REVIEW,0.8
LN003427,6,0.0,0.0,0.0,0.0,Current,0,,0.0,,REVIEW,0.8
LN003427,7,0.0,0.0,0.0,0.0,Current,0,,0.0,,REVIEW,0.8
LN003427,8,0.0,0.0,0.0,0.0,Current,0,,0.0,,REVIEW,0.8
LN003427,9,0.0,0.0,0.0,0.0,Current,0,,0.0,,REVIEW,0.8
LN003427,10,0.0,0.0,0.0,0.0,Current,0,,0.0,,REVIEW,0.8
LN003427,11,0.0,0.0,0.0,0.0,Current,0,,0.0,,REVIEW,0.8
LN003427,12,0.0,0.0,0.0,0.0,Current,0,,0.0,,REVIEW,0.8
LN003427,13,0.0,0.0,0.0,0.0,Current,0,,0.0,,REVIEW,0.8
LN003427,14,0.0,0.0,0.0,0.0,Current,0,,0.0,,REVIEW,0.8
LN003427,15,0.0,0.0,0.0,0.0,Current,0,,0.0,,REVIEW,0.8
LN003427,16,0.0,0.0,0.0,0.0,Current,0,,0.0,,REVIEW,0.8
LN003427,17,0.0,0.0,0.0,0.0,Current,0,,0.0,,REVIEW,0.8
LN003427,18,0.0,0.0,0.0,0.0,Current,0,,0.0,,REVIEW,0.8
LN003427,19,0.0,0.0,0.0,0.0,Current,0,,0.0,,REVIEW,0.8
LN003427,20,0.0,0.0,0.0,0.0,Current,0,,0.0,,REVIEW,0.8
LN003427,21,0.0,0.0,0.0,0.0,Current,0,,0.0,,REVIEW,0.8
LN003427,22,0.0,0.0,0.0,0.0,Current,0,,0.0,,REVIEW,0.8
LN003427,23,0.0,0.0,0.0,0.0,Current,0,,0.0,,REVIEW,0.8
LN003428,1,0.0,0.0,0.0,0.0,Current,0,,0.0,,REVIEW,0.8
LN003428,2,0.0,0.0,0.0,0.0,Current,0,,0.0,,REVIEW,0.8
LN003428,3,0.0,0.0,0.0,0.0,Current,0,,0.0,,REVIEW,0.8
LN003428,4,0.0,0.0,0.0,0.0,Current,0,,0.0,,REVIEW,0.8
LN003428,5,0.0,0.0,0.0,0.0,Current,0,,0.0,,REVIEW,0.8
LN003428,6,0.0,0.0,0.0,0.0,Current,0,,0.0,,REVIEW,0.8
LN003428,7,0.0,0.0,0.0,0.0,Current,0,,0.0,,REVIEW,0.8
LN003429,1,0.0,0.0,0.0,0.0,Current,0,,0.0,,REVIEW,0.8
LN003429,2,0.0,0.0,0.0,0.0,Current,0,,0.0,,REVIEW,0.8
LN003429,3,0.0,0.0,0.0,0.0,Current,0,,0.0,,REVIEW,0.8
LN003429,4,0.0,0.0,0.0,0.0,Current,0,,0.0,,REVIEW,0.8
LN003429,5,0.0,0.0,0.0,0.0,Current,0,,0.0,,REVIEW,0.8
LN003429,6,0.0,0.0,0.0,0.0,Current,0,,0.0,,REVIEW,0.8
LN003429,7,0.0,0.0,0.0,0.0,Current,0,,0.0,,REVIEW,0.8
LN003429,8,0.0,0.0,0.0,0.0,Current,0,,0.0,,REVIEW,0.8
LN003429,9,0.0,0.0,0.0,0.0,Current,0,,0.0,,REVIEW,0.8
LN003429,10,0.0,0.0,0.0,0.0,Current,0,,0.0,,REVIEW,0.8
LN003429,11,0.0,0.0,0.0,0.0,Current,0,,0.0,,REVIEW,0.8
LN003429,12,0.0,0.0,0.0,0.0,Current,0,,0.0,,REVIEW,0.8
LN003429,13,0.0,0.0,0.0,0.0,Current,0,,0.0,,REVIEW,0.8
LN003429,14,0.0,0.0,0.0,0.0,Current,0,,0.0,,REVIEW,0.8
LN003429,15,0.0,0.0,0.0,0.0,Current,0,,0.0,,REVIEW,0.8
LN003429,16,0.0,0.0,0.0,0.0,Current,0,,0.0,,REVIEW,0.8
LN003429,17,0.0,0.0,0.0,0.0,Current,0,,0.0,,REVIEW,0.8
LN003429,18,0.0,0.0,0.0,0.0,Current,0,,0.0,,REVIEW,0.8
LN003429,19,0.0,0.0,0.0,0.0,Current,0,,0.0,,REVIEW,0.8
LN003429,20,0.0,0.0,0.0,0.0,Current,0,,0.0,,REVIEW,0.8
LN003429,21,0.0,0.0,0.0,0.0,Current,0,,0.0,,REVIEW,0.8
LN003429,22,0.0,0.0,0.0,0.0,Current,0,,0.0,,REVIEW,0.8
LN003429,23,0.0,0.0,0.0,0.0,Current,0,,0.0,,REVIEW,0.8
LN003429,24,0.0,0.0,0.0,0.0,Current,0,,0.0,,REVIEW,0.8
LN003430,1,0.0,0.0,0.0,0.0,Current,0,,0.0,,REVIEW,0.8
LN003430,2,0.0,0.0,0.0,0.0,Current,0,,0.0,,REVIEW,0.8
LN003430,3,0.0,0.0,0.0,0.0,Current,0,,0.0,,REVIEW,0.8
LN003430,4,0.0,0.0,0.0,0.0,Current,0,,0.0,,REVIEW,0.8
LN003430,5,0.0,0.0,0.0,0.0,Current,0,,0.0,,REVIEW,0.8
LN003430,6,0.0,0.0,0.0,0.0,Current,0,,0.0,,REVIEW,0.8
LN003430,7,0.0,0.0,0.0,0.0,Current,0,,0.0,,REVIEW,0.8
LN003430,8,0.0,0.0,0.0,0.0,Current,0,,0.0,,REVIEW,0.8
LN003430,9,0.0,0.0,0.0,0.0,Current,0,,0.0,,REVIEW,0.8
LN003430,10,0.0,0.0,0.0,0.0,Current,0,,0.0,,REVIEW,0.8
LN003430,11,0.0,0.0,0.0,0.0,Current,0,,0.0,,REVIEW,0.8
LN003430,12,0.0,0.0,0.0,0.0,Current,0,,0.0,,REVIEW,0.8
LN003430,13,0.0,0.0,0.0,0.0,Current,0,,0.0,,REVIEW,0.8
LN003430,14,0.0,0.0,0.0,0.0,Current,0,,0.0,,REVIEW,0.8
LN003430,15,0.0,0.0,0.0,0.0,Current,0,,0.0,,REVIEW,0.8
LN003430,16,0.0,0.0,0.0,0.0,Current,0,,0.0,,REVIEW,0.8
LN003430,17,0.0,0.0,0.0,0.0,Current,0,,0.0,,REVIEW,0.8
LN003430,18,0.0,0.0,0.0,0.0,Current,0,,0.0,,REVIEW,0.8
LN003430,19,0.0,0.0,0.0,0.0,Current,0,,0.0,,REVIEW,0.8
LN003430,20,0.0,0.0,0.0,0.0,Current,0,,0.0,,REVIEW,0.8
LN003430,21,0.0,0.0,0.0,0.0,Current,0,,0.0,,REVIEW,0.8
LN003430,22,0.0,0.0,0.0,0.0,Current,0,,0.0,,REVIEW,0.8
LN003430,23,0.0,0.0,0.0,0.0,Current,0,,0.0,,REVIEW,0.8
LN003430,24,0.0,0.0,0.0,0.0,Current,0,,0.0,,REVIEW,0.8
LN003431,1,0.0,0.0,0.0,0.0,Current,0,,0.0,,REVIEW,0.8
LN003431,2,0.0,0.0,0.0,0.0,Current,0,,0.0,,REVIEW,0.8
LN003431,3,0.0,0.0,0.0,0.0,Current,0,,0.0,,REVIEW,0.8
LN003432,1,0.0,0.0,0.0,0.0,Current,0,,0.0,,REVIEW,0.8
LN003432,2,0.0,0.0,0.0,0.0,Current,0,,0.0,,REVIEW,0.8
LN003432,3,0.0,0.0,0.0,0.0,Current,0,,0.0,,REVIEW,0.8
LN003432,4,0.0,0.0,0.0,0.0,Current,0,,0.0,,REVIEW,0.8
LN003432,5,0.0,0.0,0.0,0.0,Current,0,,0.0,,REVIEW,0.8
LN003432,6,0.0,0.0,0.0,0.0,Current,0,,0.0,,REVIEW,0.8
LN003432,7,0.0,0.0,0.0,0.0,Current,0,,0.0,,REVIEW,0.8
LN003432,8,0.0,0.0,0.0,0.0,Current,0,,0.0,,REVIEW,0.8
LN003432,9,0.0,0.0,0.0,0.0,Current,0,,0.0,,REVIEW,0.8
LN003432,10,0.0,0.0,0.0,0.0,Current,0,,0.0,,REVIEW,0.8
LN003432,11,0.0,0.0,0.0,0.0,Current,0,,0.0,,REVIEW,0.8
LN003432,12,0.0,0.0,0.0,0.0,Current,0,,0.0,,REVIEW,0.8
LN003432,13,0.0,0.0,0.0,0.0,Current,0,,0.0,,REVIEW,0.8
LN003432,14,0.0,0.0,0.0,0.0,Current,0,,0.0,,REVIEW,0.8
LN003432,15,0.0,0.0,0.0,0.0,Current,0,,0.0,,REVIEW,0.8
LN003432,16,0.0,0.0,0.0,0.0,Current,0,,0.0,,REVIEW,0.8
LN003432,17,0.0,0.0,0.0,0.0,Current,0,,0.0,,REVIEW,0.8
LN003432,18,0.0,0.0,0.0,0.0,Current,0,,0.0,,REVIEW,0.8
LN003432,19,0.0,0.0,0.0,0.0,Current,0,,0.0,,REVIEW,0.8
LN003432,20,0.0,0.0,0.0,0.0,Current,0,,0.0,,REVIEW,0.8
LN003432,21,0.0,0.0,0.0,0.0,Current,0,,0.0,,REVIEW,0.8
LN003432,22,0.0,0.0,0.0,0.0,Current,0,,0.0,,REVIEW,0.8
LN003432,23,0.0,0.0,0.0,0.0,Current,0,,0.0,,REVIEW,0.8
LN003432,24,0.0,0.0,0.0,0.0,Current,0,,0.0,,REVIEW,0.8
LN003433,1,0.0,0.0,0.0,0.0,Current,0,,0.0,,REVIEW,0.8
LN003433,2,0.0,0.0,0.0,0.0,Current,0,,0.0,,REVIEW,0.8
LN003433,3,0.0,0.0,0.0,0.0,Current,0,,0.0,,REVIEW,0.8
LN003434,1,0.0,0.0,0.0,0.0,Current,0,,0.0,,REVIEW,0.8
LN003434,2,0.0,0.0,0.0,0.0,Current,0,,0.0,,REVIEW,0.8
LN003434,3,0.0,0.0,0.0,0.0,Current,0,,0.0,,REVIEW,0.8
LN003434,4,0.0,0.0,0.0,0.0,Current,0,,0.0,,REVIEW,0.8
LN003434,5,0.0,0.0,0.0,0.0,Current,0,,0.0,,REVIEW,0.8
LN003434,6,0.0,0.0,0.0,0.0,Current,0,,0.0,,REVIEW,0.8
LN003434,7,0.0,0.0,0.0,0.0,Current,0,,0.0,,REVIEW,0.8
LN003434,8,0.0,0.0,0.0,0.0,Current,0,,0.0,,REVIEW,0.8
LN003434,9,0.0,0.0,0.0,0.0,Current,0,,0.0,,REVIEW,0.8
LN003434,10,0.0,0.0,0.0,0.0,Current,0,,0.0,,REVIEW,0.8
LN003434,11,0.0,0.0,0.0,0.0,Current,0,,0.0,,REVIEW,0.8
LN003434,12,0.0,0.0,0.0,0.0,Current,0,,0.0,,REVIEW,0.8
LN003434,13,0.0,0.0,0.0,0.0,Current,0,,0.0,,REVIEW,0.8
LN003434,14,0.0,0.0,0.0,0.0,Current,0,,0.0,,REVIEW,0.8
LN003434,15,0.0,0.0,0.0,0.0,Current,0,,0.0,,REVIEW,0.8
LN003434,16,0.0,0.0,0.0,0.0,Current,0,,0.0,,REVIEW,0.8
LN003434,17,0.0,0.0,0.0,0.0,Current,0,,0.0,,REVIEW,0.8
LN003434,18,0.0,0.0,0.0,0.0,Current,0,,0.0,,REVIEW,0.8
LN003434,19,0.0,0.0,0.0,0.0,Current,0,,0.0,,REVIEW,0.8
LN003434,20,0.0,0.0,0.0,0.0,Current,0,,0.0,,REVIEW,0.8
LN003434,21,0.0,0.0,0.0,0.0,Current,0,,0.0,,REVIEW,0.8
LN003434,22,0.0,0.0,0.0,0.0,Current,0,,0.0,,REVIEW,0.8
LN003435,1,0.0,0.0,0.0,0.0,Current,0,,0.0,,REVIEW,0.8
LN003435,2,0.0,0.0,0.0,0.0,Current,0,,0.0,,REVIEW,0.8
LN003435,3,0.0,0.0,0.0,0.0,Current,0,,0.0,,REVIEW,0.8
LN003435,4,0.0,0.0,0.0,0.0,Current,0,,0.0,,REVIEW,0.8
LN003435,5,0.0,0.0,0.0,0.0,Current,0,,0.0,,REVIEW,0.8
LN003435,6,0.0,0.0,0.0,0.0,Current,0,,0.0,,REVIEW,0.8
LN003435,7,0.0,0.0,0.0,0.0,Current,0,,0.0,,REVIEW,0.8
LN003435,8,0.0,0.0,0.0,0.0,Current,0,,0.0,,REVIEW,0.8
LN003435,9,0.0,0.0,0.0,0.0,Current,0,,0.0,,REVIEW,0.8
LN003435,10,0.0,0.0,0.0,0.0,Current,0,,0.0,,REVIEW,0.8
LN003435,11,0.0,0.0,0.0,0.0,Current,0,,0.0,,REVIEW,0.8
LN003435,12,0.0,0.0,0.0,0.0,Current,0,,0.0,,REVIEW,0.8
LN003435,13,0.0,0.0,0.0,0.0,Current,0,,0.0,,REVIEW,0.8
LN003435,14,0.0,0.0,0.0,0.0,Current,0,,0.0,,REVIEW,0.8
LN003435,15,0.0,0.0,0.0,0.0,Current,0,,0.0,,REVIEW,0.8
LN003435,16,0.0,0.0,0.0,0.0,Current,0,,0.0,,REVIEW,0.8
LN003435,17,0.0,0.0,0.0,0.0,Current,0,,0.0,,REVIEW,0.8
LN003435,18,0.0,0.0,0.0,0.0,Current,0,,0.0,,REVIEW,0.8
LN003435,19,0.0,0.0,0.0,0.0,Current,0,,0.0,,REVIEW,0.8
LN003435,20,0.0,0.0,0.0,0.0,Current,0,,0.0,,REVIEW,0.8
LN003435,21,0.0,0.0,0.0,0.0,Current,0,,0.0,,REVIEW,0.8
LN003435,22,0.0,0.0,0.0,0.0,Current,0,,0.0,,REVIEW,0.8
LN003435,23,0.0,0.0,0.0,0.0,Current,0,,0.0,,REVIEW,0.8
LN003435,24,0.0,0.0,0.0,0.0,Current,0,,0.0,,REVIEW,0.8
LN003436,1,0.0,0.0,0.0,0.0,Current,0,,0.0,,REVIEW,0.8
LN003436,2,0.0,0.0,0.0,0.0,Current,0,,0.0,,REVIEW,0.8
LN003436,3,0.0,0.0,0.0,0.0,Current,0,,0.0,,REVIEW,0.8
LN003436,4,0.0,0.0,0.0,0.0,Current,0,,0.0,,REVIEW,0.8
LN003436,5,0.0,0.0,0.0,0.0,Current,0,,0.0,,REVIEW,0.8
LN003436,6,0.0,0.0,0.0,0.0,Current,0,,0.0,,REVIEW,0.8
LN003436,7,0.0,0.0,0.0,0.0,Current,0,,0.0,,REVIEW,0.8
LN003436,8,0.0,0.0,0.0,0.0,Current,0,,0.0,,REVIEW,0.8
LN003436,9,0.0,0.0,0.0,0.0,Current,0,,0.0,,REVIEW,0.8
LN003436,10,0.0,0.0,0.0,0.0,Current,0,,0.0,,REVIEW,0.8
LN003436,11,0.0,0.0,0.0,0.0,Current,0,,0.0,,REVIEW,0.8
LN003436,12,0.0,0.0,0.0,0.0,Current,0,,0.0,,REVIEW,0.8
LN003436,13,0.0,0.0,0.0,0.0,Current,0,,0.0,,REVIEW,0.8
LN003436,14,0.0,0.0,0.0,0.0,Current,0,,0.0,,REVIEW,0.8
LN003436,15,0.0,0.0,0.0,0.0,Current,0,,0.0,,REVIEW,0.8
LN003436,16,0.0,0.0,0.0,0.0,Current,0,,0.0,,REVIEW,0.8
LN003436,17,0.0,0.0,0.0,0.0,Current,0,,0.0,,REVIEW,0.8
LN003436,18,0.0,0.0,0.0,0.0,Current,0,,0.0,,REVIEW,0.8
LN003436,19,0.0,0.0,0.0,0.0,Current,0,,0.0,,REVIEW,0.8
LN003436,20,0.0,0.0,0.0,0.0,Current,0,,0.0,,REVIEW,0.8
LN003436,21,0.0,0.0,0.0,0.0,Current,0,,0.0,,REVIEW,0.8
LN003436,22,0.0,0.0,0.0,0.0,Current,0,,0.0,,REVIEW,0.8
LN003436,23,0.0,0.0,0.0,0.0,Current,0,,0.0,,REVIEW,0.8
LN003436,24,0.0,0.0,0.0,0.0,Current,0,,0.0,,REVIEW,0.8
LN003437,1,0.0,0.0,0.0,0.0,Current,0,,0.0,,REVIEW,0.8
LN003437,2,0.0,0.0,0.0,0.0,Current,0,,0.0,,REVIEW,0.8
LN003437,3,0.0,0.0,0.0,0.0,Current,0,,0.0,,REVIEW,0.8
LN003437,4,0.0,0.0,0.0,0.0,Current,0,,0.0,,REVIEW,0.8
LN003437,5,0.0,0.0,0.0,0.0,Current,0,,0.0,,REVIEW,0.8
LN003437,6,0.0,0.0,0.0,0.0,Current,0,,0.0,,REVIEW,0.8
LN003437,7,0.0,0.0,0.0,0.0,Current,0,,0.0,,REVIEW,0.8
LN003437,8,0.0,0.0,0.0,0.0,Current,0,,0.0,,REVIEW,0.8
LN003437,9,0.0,0.0,0.0,0.0,Current,0,,0.0,,REVIEW,0.8
LN003437,10,0.0,0.0,0.0,0.0,Current,0,,0.0,,REVIEW,0.8
LN003437,11,0.0,0.0,0.0,0.0,Current,0,,0.0,,REVIEW,0.8
LN003437,12,0.0,0.0,0.0,0.0,Current,0,,0.0,,REVIEW,0.8
LN003437,13,0.0,0.0,0.0,0.0,Current,0,,0.0,,REVIEW,0.8
LN003437,14,0.0,0.0,0.0,0.0,Current,0,,0.0,,REVIEW,0.8
LN003437,15,0.0,0.0,0.0,0.0,Current,0,,0.0,,REVIEW,0.8
LN003437,16,0.0,0.0,0.0,0.0,Current,0,,0.0,,REVIEW,0.8
LN003437,17,0.0,0.0,0.0,0.0,Current,0,,0.0,,REVIEW,0.8
LN003437,18,0.0,0.0,0.0,0.0,Current,0,,0.0,,REVIEW,0.8
LN003437,19,0.0,0.0,0.0,0.0,Current,0,,0.0,,REVIEW,0.8
LN003437,20,0.0,0.0,0.0,0.0,Current,0,,0.0,,REVIEW,0.8
LN003437,21,0.0,0.0,0.0,0.0,Current,0,,0.0,,REVIEW,0.8
LN003437,22,0.0,0.0,0.0,0.0,Current,0,,0.0,,REVIEW,0.8
LN003437,23,0.0,0.0,0.0,0.0,Current,0,,0.0,,REVIEW,0.8
LN003437,24,0.0,0.0,0.0,0.0,Current,0,,0.0,,REVIEW,0.8
LN003438,1,0.0,0.0,0.0,0.0,Current,0,,0.0,,REVIEW,0.8
LN003438,2,0.0,0.0,0.0,0.0,Current,0,,0.0,,REVIEW,0.8
LN003438,3,0.0,0.0,0.0,0.0,Current,0,,0.0,,REVIEW,0.8
LN003438,4,0.0,0.0,0.0,0.0,Current,0,,0.0,,REVIEW,0.8
LN003438,5,0.0,0.0,0.0,0.0,Current,0,,0.0,,REVIEW,0.8
LN003438,6,0.0,0.0,0.0,0.0,Current,0,,0.0,,REVIEW,0.8
LN003438,7,0.0,0.0,0.0,0.0,Current,0,,0.0,,REVIEW,0.8
LN003438,8,0.0,0.0,0.0,0.0,Current,0,,0.0,,REVIEW,0.8
LN003438,9,0.0,0.0,0.0,0.0,Current,0,,0.0,,REVIEW,0.8
LN003438,10,0.0,0.0,0.0,0.0,Current,0,,0.0,,REVIEW,0.8
LN003438,11,0.0,0.0,0.0,0.0,Current,0,,0.0,,REVIEW,0.8
LN003438,12,0.0,0.0,0.0,0.0,Current,0,,0.0,,REVIEW,0.8
LN003438,13,0.0,0.0,0.0,0.0,Current,0,,0.0,,REVIEW,0.8
LN003438,14,0.0,0.0,0.0,0.0,Current,0,,0.0,,REVIEW,0.8
LN003438,15,0.0,0.0,0.0,0.0,Current,0,,0.0,,REVIEW,0.8
LN003438,16,0.0,0.0,0.0,0.0,Current,0,,0.0,,REVIEW,0.8
LN003438,17,0.0,0.0,0.0,0.0,Current,0,,0.0,,REVIEW,0.8
LN003438,18,0.0,0.0,0.0,0.0,Current,0,,0.0,,REVIEW,0.8
LN003438,19,0.0,0.0,0.0,0.0,Current,0,,0.0,,REVIEW,0.8
LN003438,20,0.0,0.0,0.0,0.0,Current,0,,0.0,,REVIEW,0.8
LN003438,21,0.0,0.0,0.0,0.0,Current,0,,0.0,,REVIEW,0.8
LN003438,22,0.0,0.0,0.0,0.0,Current,0,,0.0,,REVIEW,0.8
LN003438,23,0.0,0.0,0.0,0.0,Current,0,,0.0,,REVIEW,0.8
LN003438,24,0.0,0.0,0.0,0.0,Current,0,,0.0,,REVIEW,0.8
LN003439,1,0.0,0.0,0.0,0.0,Current,0,,0.0,,REVIEW,0.8
LN003439,2,0.0,0.0,0.0,0.0,Current,0,,0.0,,REVIEW,0.8
LN003439,3,0.0,0.0,0.0,0.0,Current,0,,0.0,,REVIEW,0.8
LN003439,4,0.0,0.0,0.0,0.0,Current,0,,0.0,,REVIEW,0.8
LN003439,5,0.0,0.0,0.0,0.0,Current,0,,0.0,,REVIEW,0.8
LN003439,6,0.0,0.0,0.0,0.0,Current,0,,0.0,,REVIEW,0.8
LN003439,7,0.0,0.0,0.0,0.0,Current,0,,0.0,,REVIEW,0.8
LN003439,8,0.0,0.0,0.0,0.0,Current,0,,0.0,,REVIEW,0.8
LN003439,9,0.0,0.0,0.0,0.0,Current,0,,0.0,,REVIEW,0.8
LN003439,10,0.0,0.0,0.0,0.0,Current,0,,0.0,,REVIEW,0.8
LN003439,11,0.0,0.0,0.0,0.0,Current,0,,0.0,,REVIEW,0.8
LN003439,12,0.0,0.0,0.0,0.0,Current,0,,0.0,,REVIEW,0.8
LN003439,13,0.0,0.0,0.0,0.0,Current,0,,0.0,,REVIEW,0.8
LN003439,14,0.0,0.0,0.0,0.0,Current,0,,0.0,,REVIEW,0.8
LN003439,15,0.0,0.0,0.0,0.0,Current,0,,0.0,,REVIEW,0.8
LN003439,16,0.0,0.0,0.0,0.0,Current,0,,0.0,,REVIEW,0.8
LN003439,17,0.0,0.0,0.0,0.0,Current,0,,0.0,,REVIEW,0.8
LN003439,18,0.0,0.0,0.0,0.0,Current,0,,0.0,,REVIEW,0.8
LN003439,19,0.0,0.0,0.0,0.0,Current,0,,0.0,,REVIEW,0.8
LN003439,20,0.0,0.0,0.0,0.0,Current,0,,0.0,,REVIEW,0.8
LN003439,21,0.0,0.0,0.0,0.0,Current,0,,0.0,,REVIEW,0.8
LN003439,22,0.0,0.0,0.0,0.0,Current,0,,0.0,,REVIEW,0.8
LN003439,23,0.0,0.0,0.0,0.0,Current,0,,0.0,,REVIEW,0.8
LN003439,24,0.0,0.0,0.0,0.0,Current,0,,0.0,,REVIEW,0.8
LN003440,1,0.0,0.0,0.0,0.0,Current,0,,0.0,,REVIEW,0.8
LN003440,2,0.0,0.0,0.0,0.0,Current,0,,0.0,,REVIEW,0.8
LN003440,3,0.0,0.0,0.0,0.0,Current,0,,0.0,,REVIEW,0.8
LN003440,4,0.0,0.0,0.0,0.0,Current,0,,0.0,,REVIEW,0.8
LN003440,5,0.0,0.0,0.0,0.0,Current,0,,0.0,,REVIEW,0.8
LN003440,6,0.0,0.0,0.0,0.0,Current,0,,0.0,,REVIEW,0.8
LN003440,7,0.0,0.0,0.0,0.0,Current,0,,0.0,,REVIEW,0.8
LN003440,8,0.0,0.0,0.0,0.0,Current,0,,0.0,,REVIEW,0.8
LN003440,9,0.0,0.0,0.0,0.0,Current,0,,0.0,,REVIEW,0.8
LN003440,10,0.0,0.0,0.0,0.0,Current,0,,0.0,,REVIEW,0.8
LN003440,11,0.0,0.0,0.0,0.0,Current,0,,0.0,,REVIEW,0.8
LN003440,12,0.0,0.0,0.0,0.0,Current,0,,0.0,,REVIEW,0.8
LN003440,13,0.0,0.0,0.0,0.0,Current,0,,0.0,,REVIEW,0.8
LN003440,14,0.0,0.0,0.0,0.0,Current,0,,0.0,,REVIEW,0.8
LN003440,15,0.0,0.0,0.0,0.0,Current,0,,0.0,,REVIEW,0.8
LN003440,16,0.0,0.0,0.0,0.0,Current,0,,0.0,,REVIEW,0.8
LN003440,17,0.0,0.0,0.0,0.0,Current,0,,0.0,,REVIEW,0.8
LN003441,1,0.0,0.0,0.0,0.0,Current,0,,0.0,,REVIEW,0.8
LN003441,2,0.0,0.0,0.0,0.0,Current,0,,0.0,,REVIEW,0.8
LN003441,3,0.0,0.0,0.0,0.0,Current,0,,0.0,,REVIEW,0.8
LN003441,4,0.0,0.0,0.0,0.0,Current,0,,0.0,,REVIEW,0.8
LN003441,5,0.0,0.0,0.0,0.0,Current,0,,0.0,,REVIEW,0.8
LN003441,6,0.0,0.0,0.0,0.0,Current,0,,0.0,,REVIEW,0.8
LN003441,7,0.0,0.0,0.0,0.0,Current,0,,0.0,,REVIEW,0.8
LN003441,8,0.0,0.0,0.0,0.0,Current,0,,0.0,,REVIEW,0.8
LN003441,9,0.0,0.0,0.0,0.0,Current,0,,0.0,,REVIEW,0.8
LN003441,10,0.0,0.0,0.0,0.0,Current,0,,0.0,,REVIEW,0.8
LN003441,11,0.0,0.0,0.0,0.0,Current,0,,0.0,,REVIEW,0.8
LN003441,12,0.0,0.0,0.0,0.0,Current,0,,0.0,,REVIEW,0.8
LN003441,13,0.0,0.0,0.0,0.0,Current,0,,0.0,,REVIEW,0.8
LN003441,14,0.0,0.0,0.0,0.0,Current,0,,0.0,,REVIEW,0.8
LN003441,15,0.0,0.0,0.0,0.0,Current,0,,0.0,,REVIEW,0.8
LN003441,16,0.0,0.0,0.0,0.0,Current,0,,0.0,,REVIEW,0.8
LN003441,17,0.0,0.0,0.0,0.0,Current,0,,0.0,,REVIEW,0.8
LN003441,18,0.0,0.0,0.0,0.0,Current,0,,0.0,,REVIEW,0.8
LN003441,19,0.0,0.0,0.0,0.0,Current,0,,0.0,,REVIEW,0.8
LN003441,20,0.0,0.0,0.0,0.0,Current,0,,0.0,,REVIEW,0.8
LN003441,21,0.0,0.0,0.0,0.0,Current,0,,0.0,,REVIEW,0.8
LN003441,22,0.0,0.0,0.0,0.0,Current,0,,0.0,,REVIEW,0.8
LN003441,23,0.0,0.0,0.0,0.0,Current,0,,0.0,,REVIEW,0.8
LN003441,24,0.0,0.0,0.0,0.0,Current,0,,0.0,,REVIEW,0.8
LN003442,1,0.0,0.0,0.0,0.0,Current,0,,0.0,,REVIEW,0.8
LN003442,2,0.0,0.0,0.0,0.0,Current,0,,0.0,,REVIEW,0.8
LN003442,3,0.0,0.0,0.0,0.0,Current,0,,0.0,,REVIEW,0.8
LN003442,4,0.0,0.0,0.0,0.0,Current,0,,0.0,,REVIEW,0.8
LN003442,5,0.0,0.0,0.0,0.0,Current,0,,0.0,,REVIEW,0.8
LN003442,6,0.0,0.0,0.0,0.0,Current,0,,0.0,,REVIEW,0.8
LN003442,7,0.0,0.0,0.0,0.0,Current,0,,0.0,,REVIEW,0.8
LN003442,8,0.0,0.0,0.0,0.0,Current,0,,0.0,,REVIEW,0.8
LN003442,9,0.0,0.0,0.0,0.0,Current,0,,0.0,,REVIEW,0.8
LN003442,10,0.0,0.0,0.0,0.0,Current,0,,0.0,,REVIEW,0.8
LN003442,11,0.0,0.0,0.0,0.0,Current,0,,0.0,,REVIEW,0.8
LN003442,12,0.0,0.0,0.0,0.0,Current,0,,0.0,,REVIEW,0.8
LN003442,13,0.0,0.0,0.0,0.0,Current,0,,0.0,,REVIEW,0.8
LN003442,14,0.0,0.0,0.0,0.0,Current,0,,0.0,,REVIEW,0.8
LN003442,15,0.0,0.0,0.0,0.0,Current,0,,0.0,,REVIEW,0.8
LN003442,16,0.0,0.0,0.0,0.0,Current,0,,0.0,,REVIEW,0.8
LN003442,17,0.0,0.0,0.0,0.0,Current,0,,0.0,,REVIEW,0.8
LN003442,18,0.0,0.0,0.0,0.0,Current,0,,0.0,,REVIEW,0.8
LN003442,19,0.0,0.0,0.0,0.0,Current,0,,0.0,,REVIEW,0.8
LN003442,20,0.0,0.0,0.0,0.0,Current,0,,0.0,,REVIEW,0.8
LN003442,21,0.0,0.0,0.0,0.0,Current,0,,0.0,,REVIEW,0.8
LN003442,22,0.0,0.0,0.0,0.0,Current,0,,0.0,,REVIEW,0.8
LN003442,23,0.0,0.0,0.0,0.0,Current,0,,0.0,,REVIEW,0.8
LN003442,24,0.0,0.0,0.0,0.0,Current,0,,0.0,,REVIEW,0.8
LN003443,1,0.0,0.0,0.0,0.0,Current,0,,0.0,,REVIEW,0.8
LN003443,2,0.0,0.0,0.0,0.0,Current,0,,0.0,,REVIEW,0.8
LN003443,3,0.0,0.0,0.0,0.0,Current,0,,0.0,,REVIEW,0.8
LN003443,4,0.0,0.0,0.0,0.0,Current,0,,0.0,,REVIEW,0.8
LN003443,5,0.0,0.0,0.0,0.0,Current,0,,0.0,,REVIEW,0.8
LN003443,6,0.0,0.0,0.0,0.0,Current,0,,0.0,,REVIEW,0.8
LN003443,7,0.0,0.0,0.0,0.0,Current,0,,0.0,,REVIEW,0.8
LN003443,8,0.0,0.0,0.0,0.0,Current,0,,0.0,,REVIEW,0.8
LN003443,9,0.0,0.0,0.0,0.0,Current,0,,0.0,,REVIEW,0.8
LN003443,10,0.0,0.0,0.0,0.0,Current,0,,0.0,,REVIEW,0.8
LN003443,11,0.0,0.0,0.0,0.0,Current,0,,0.0,,REVIEW,0.8
LN003443,12,0.0,0.0,0.0,0.0,Current,0,,0.0,,REVIEW,0.8
LN003443,13,0.0,0.0,0.0,0.0,Current,0,,0.0,,REVIEW,0.8
LN003443,14,0.0,0.0,0.0,0.0,Current,0,,0.0,,REVIEW,0.8
LN003443,15,0.0,0.0,0.0,0.0,Current,0,,0.0,,REVIEW,0.8
LN003443,16,0.0,0.0,0.0,0.0,Current,0,,0.0,,REVIEW,0.8
LN003443,17,0.0,0.0,0.0,0.0,Current,0,,0.0,,REVIEW,0.8
LN003443,18,0.0,0.0,0.0,0.0,Current,0,,0.0,,REVIEW,0.8
LN003443,19,0.0,0.0,0.0,0.0,Current,0,,0.0,,REVIEW,0.8
LN003443,20,0.0,0.0,0.0,0.0,Current,0,,0.0,,REVIEW,0.8
LN003443,21,0.0,0.0,0.0,0.0,Current,0,,0.0,,REVIEW,0.8
LN003443,22,0.0,0.0,0.0,0.0,Current,0,,0.0,,REVIEW,0.8
LN003443,23,0.0,0.0,0.0,0.0,Current,0,,0.0,,REVIEW,0.8
LN003444,1,0.0,0.0,0.0,0.0,Current,0,,0.0,,REVIEW,0.8
LN003444,2,0.0,0.0,0.0,0.0,Current,0,,0.0,,REVIEW,0.8
LN003444,3,0.0,0.0,0.0,0.0,Current,0,,0.0,,REVIEW,0.8
LN003444,4,0.0,0.0,0.0,0.0,Current,0,,0.0,,REVIEW,0.8
LN003444,5,0.0,0.0,0.0,0.0,Current,0,,0.0,,REVIEW,0.8
LN003444,6,0.0,0.0,0.0,0.0,Current,0,,0.0,,REVIEW,0.8
LN003444,7,0.0,0.0,0.0,0.0,Current,0,,0.0,,REVIEW,0.8
LN003444,8,0.0,0.0,0.0,0.0,Current,0,,0.0,,REVIEW,0.8
LN003444,9,0.0,0.0,0.0,0.0,Current,0,,0.0,,REVIEW,0.8
LN003444,10,0.0,0.0,0.0,0.0,Current,0,,0.0,,REVIEW,0.8
LN003444,11,0.0,0.0,0.0,0.0,Current,0,,0.0,,REVIEW,0.8
LN003444,12,0.0,0.0,0.0,0.0,Current,0,,0.0,,REVIEW,0.8
LN003445,1,0.0,0.0,0.0,0.0,Current,0,,0.0,,REVIEW,0.8
LN003445,2,0.0,0.0,0.0,0.0,Current,0,,0.0,,REVIEW,0.8
LN003445,3,0.0,0.0,0.0,0.0,Current,0,,0.0,,REVIEW,0.8
LN003445,4,0.0,0.0,0.0,0.0,Current,0,,0.0,,REVIEW,0.8
LN003445,5,0.0,0.0,0.0,0.0,Current,0,,0.0,,REVIEW,0.8
LN003445,6,0.0,0.0,0.0,0.0,Current,0,,0.0,,REVIEW,0.8
LN003445,7,0.0,0.0,0.0,0.0,Current,0,,0.0,,REVIEW,0.8
LN003445,8,0.0,0.0,0.0,0.0,Current,0,,0.0,,REVIEW,0.8
LN003445,9,0.0,0.0,0.0,0.0,Current,0,,0.0,,REVIEW,0.8
LN003445,10,0.0,0.0,0.0,0.0,Current,0,,0.0,,REVIEW,0.8
LN003445,11,0.0,0.0,0.0,0.0,Current,0,,0.0,,REVIEW,0.8
LN003445,12,0.0,0.0,0.0,0.0,Current,0,,0.0,,REVIEW,0.8
LN003445,13,0.0,0.0,0.0,0.0,Current,0,,0.0,,REVIEW,0.8
LN003445,14,0.0,0.0,0.0,0.0,Current,0,,0.0,,REVIEW,0.8
LN003445,15,0.0,0.0,0.0,0.0,Current,0,,0.0,,REVIEW,0.8
LN003445,16,0.0,0.0,0.0,0.0,Current,0,,0.0,,REVIEW,0.8
LN003445,17,0.0,0.0,0.0,0.0,Current,0,,0.0,,REVIEW,0.8
LN003445,18,0.0,0.0,0.0,0.0,Current,0,,0.0,,REVIEW,0.8
LN003445,19,0.0,0.0,0.0,0.0,Current,0,,0.0,,REVIEW,0.8
LN003445,20,0.0,0.0,0.0,0.0,Current,0,,0.0,,REVIEW,0.8
LN003445,21,0.0,0.0,0.0,0.0,Current,0,,0.0,,REVIEW,0.8
LN003445,22,0.0,0.0,0.0,0.0,Current,0,,0.0,,REVIEW,0.8
LN003445,23,0.0,0.0,0.0,0.0,Current,0,,0.0,,REVIEW,0.8
LN003445,24,0.0,0.0,0.0,0.0,Current,0,,0.0,,REVIEW,0.8
LN003446,1,0.0,0.0,0.0,0.0,Current,0,,0.0,,REVIEW,0.8
LN003446,2,0.0,0.0,0.0,0.0,Current,0,,0.0,,REVIEW,0.8
LN003446,3,0.0,0.0,0.0,0.0,Current,0,,0.0,,REVIEW,0.8
LN003446,4,0.0,0.0,0.0,0.0,Current,0,,0.0,,REVIEW,0.8
LN003446,5,0.0,0.0,0.0,0.0,Current,0,,0.0,,REVIEW,0.8
LN003446,6,0.0,0.0,0.0,0.0,Current,0,,0.0,,REVIEW,0.8
LN003446,7,0.0,0.0,0.0,0.0,Current,0,,0.0,,REVIEW,0.8
LN003446,8,0.0,0.0,0.0,0.0,Current,0,,0.0,,REVIEW,0.8
LN003446,9,0.0,0.0,0.0,0.0,Current,0,,0.0,,REVIEW,0.8
LN003446,10,0.0,0.0,0.0,0.0,Current,0,,0.0,,REVIEW,0.8
LN003446,11,0.0,0.0,0.0,0.0,Current,0,,0.0,,REVIEW,0.8
LN003446,12,0.0,0.0,0.0,0.0,Current,0,,0.0,,REVIEW,0.8
LN003446,13,0.0,0.0,0.0,0.0,Current,0,,0.0,,REVIEW,0.8
LN003446,14,0.0,0.0,0.0,0.0,Current,0,,0.0,,REVIEW,0.8
LN003446,15,0.0,0.0,0.0,0.0,Current,0,,0.0,,REVIEW,0.8
LN003446,16,0.0,0.0,0.0,0.0,Current,0,,0.0,,REVIEW,0.8
LN003446,17,0.0,0.0,0.0,0.0,Current,0,,0.0,,REVIEW,0.8
LN003446,18,0.0,0.0,0.0,0.0,Current,0,,0.0,,REVIEW,0.8
LN003446,19,0.0,0.0,0.0,0.0,Current,0,,0.0,,REVIEW,0.8
LN003446,20,0.0,0.0,0.0,0.0,Current,0,,0.0,,REVIEW,0.8
LN003447,1,0.0,0.0,0.0,0.0,Current,0,,0.0,,REVIEW,0.8
LN003447,2,0.0,0.0,0.0,0.0,Current,0,,0.0,,REVIEW,0.8
LN003447,3,0.0,0.0,0.0,0.0,Current,0,,0.0,,REVIEW,0.8
LN003447,4,0.0,0.0,0.0,0.0,Current,0,,0.0,,REVIEW,0.8
LN003447,5,0.0,0.0,0.0,0.0,Current,0,,0.0,,REVIEW,0.8
LN003447,6,0.0,0.0,0.0,0.0,Current,0,,0.0,,REVIEW,0.8
LN003447,7,0.0,0.0,0.0,0.0,Current,0,,0.0,,REVIEW,0.8
LN003447,8,0.0,0.0,0.0,0.0,Current,0,,0.0,,REVIEW,0.8
LN003447,9,0.0,0.0,0.0,0.0,Current,0,,0.0,,REVIEW,0.8
LN003447,10,0.0,0.0,0.0,0.0,Current,0,,0.0,,REVIEW,0.8
LN003447,11,0.0,0.0,0.0,0.0,Current,0,,0.0,,REVIEW,0.8
LN003447,12,0.0,0.0,0.0,0.0,Current,0,,0.0,,REVIEW,0.8
LN003447,13,0.0,0.0,0.0,0.0,Current,0,,0.0,,REVIEW,0.8
LN003447,14,0.0,0.0,0.0,0.0,Current,0,,0.0,,REVIEW,0.8
LN003447,15,0.0,0.0,0.0,0.0,Current,0,,0.0,,REVIEW,0.8
LN003448,1,0.0,0.0,0.0,0.0,Current,0,,0.0,,REVIEW,0.8
LN003448,2,0.0,0.0,0.0,0.0,Current,0,,0.0,,REVIEW,0.8
LN003448,3,0.0,0.0,0.0,0.0,Current,0,,0.0,,REVIEW,0.8
LN003448,4,0.0,0.0,0.0,0.0,Current,0,,0.0,,REVIEW,0.8
LN003448,5,0.0,0.0,0.0,0.0,Current,0,,0.0,,REVIEW,0.8
LN003448,6,0.0,0.0,0.0,0.0,Current,0,,0.0,,REVIEW,0.8
LN003448,7,0.0,0.0,0.0,0.0,Current,0,,0.0,,REVIEW,0.8
LN003448,8,0.0,0.0,0.0,0.0,Current,0,,0.0,,REVIEW,0.8
LN003448,9,0.0,0.0,0.0,0.0,Current,0,,0.0,,REVIEW,0.8
LN003448,10,0.0,0.0,0.0,0.0,Current,0,,0.0,,REVIEW,0.8
LN003448,11,0.0,0.0,0.0,0.0,Current,0,,0.0,,REVIEW,0.8
LN003448,12,0.0,0.0,0.0,0.0,Current,0,,0.0,,REVIEW,0.8
LN003448,13,0.0,0.0,0.0,0.0,Current,0,,0.0,,REVIEW,0.8
LN003448,14,0.0,0.0,0.0,0.0,Current,0,,0.0,,REVIEW,0.8
LN003448,15,0.0,0.0,0.0,0.0,Current,0,,0.0,,REVIEW,0.8
LN003448,16,0.0,0.0,0.0,0.0,Current,0,,0.0,,REVIEW,0.8
LN003448,17,0.0,0.0,0.0,0.0,Current,0,,0.0,,REVIEW,0.8
LN003448,18,0.0,0.0,0.0,0.0,Current,0,,0.0,,REVIEW,0.8
LN003448,19,0.0,0.0,0.0,0.0,Current,0,,0.0,,REVIEW,0.8
LN003448,20,0.0,0.0,0.0,0.0,Current,0,,0.0,,REVIEW,0.8
LN003448,21,0.0,0.0,0.0,0.0,Current,0,,0.0,,REVIEW,0.8
LN003448,22,0.0,0.0,0.0,0.0,Current,0,,0.0,,REVIEW,0.8
LN003448,23,0.0,0.0,0.0,0.0,Current,0,,0.0,,REVIEW,0.8
LN003448,24,0.0,0.0,0.0,0.0,Current,0,,0.0,,REVIEW,0.8
LN003449,1,0.0,0.0,0.0,0.0,Current,0,,0.0,,REVIEW,0.8
LN003449,2,0.0,0.0,0.0,0.0,Current,0,,0.0,,REVIEW,0.8
LN003449,3,0.0,0.0,0.0,0.0,Current,0,,0.0,,REVIEW,0.8
LN003449,4,0.0,0.0,0.0,0.0,Current,0,,0.0,,REVIEW,0.8
LN003449,5,0.0,0.0,0.0,0.0,Current,0,,0.0,,REVIEW,0.8
LN003449,6,0.0,0.0,0.0,0.0,Current,0,,0.0,,REVIEW,0.8
LN003449,7,0.0,0.0,0.0,0.0,Current,0,,0.0,,REVIEW,0.8
LN003449,8,0.0,0.0,0.0,0.0,Current,0,,0.0,,REVIEW,0.8
LN003449,9,0.0,0.0,0.0,0.0,Current,0,,0.0,,REVIEW,0.8
LN003449,10,0.0,0.0,0.0,0.0,Current,0,,0.0,,REVIEW,0.8
LN003449,11,0.0,0.0,0.0,0.0,Current,0,,0.0,,REVIEW,0.8
LN003449,12,0.0,0.0,0.0,0.0,Current,0,,0.0,,REVIEW,0.8
LN003449,13,0.0,0.0,0.0,0.0,Current,0,,0.0,,REVIEW,0.8
LN003449,14,0.0,0.0,0.0,0.0,Current,0,,0.0,,REVIEW,0.8
LN003449,15,0.0,0.0,0.0,0.0,Current,0,,0.0,,REVIEW,0.8
LN003449,16,0.0,0.0,0.0,0.0,Current,0,,0.0,,REVIEW,0.8
LN003449,17,0.0,0.0,0.0,0.0,Current,0,,0.0,,REVIEW,0.8
LN003449,18,0.0,0.0,0.0,0.0,Current,0,,0.0,,REVIEW,0.8
LN003449,19,0.0,0.0,0.0,0.0,Current,0,,0.0,,REVIEW,0.8
LN003449,20,0.0,0.0,0.0,0.0,Current,0,,0.0,,REVIEW,0.8
LN003449,21,0.0,0.0,0.0,0.0,Current,0,,0.0,,REVIEW,0.8
LN003449,22,0.0,0.0,0.0,0.0,Current,0,,0.0,,REVIEW,0.8
LN003449,23,0.0,0.0,0.0,0.0,Current,0,,0.0,,REVIEW,0.8
LN003449,24,0.0,0.0,0.0,0.0,Current,0,,0.0,,REVIEW,0.8
LN003450,1,0.0,0.0,0.0,0.0,Current,0,,0.0,,REVIEW,0.8
LN003450,2,0.0,0.0,0.0,0.0,Current,0,,0.0,,REVIEW,0.8
LN003450,3,0.0,0.0,0.0,0.0,Current,0,,0.0,,REVIEW,0.8
LN003450,4,0.0,0.0,0.0,0.0,Current,0,,0.0,,REVIEW,0.8
LN003450,5,0.0,0.0,0.0,0.0,Current,0,,0.0,,REVIEW,0.8
LN003450,6,0.0,0.0,0.0,0.0,Current,0,,0.0,,REVIEW,0.8
LN003450,7,0.0,0.0,0.0,0.0,Current,0,,0.0,,REVIEW,0.8
LN003450,8,0.0,0.0,0.0,0.0,Current,0,,0.0,,REVIEW,0.8
LN003450,9,0.0,0.0,0.0,0.0,Current,0,,0.0,,REVIEW,0.8
LN003450,10,0.0,0.0,0.0,0.0,Current,0,,0.0,,REVIEW,0.8
LN003450,11,0.0,0.0,0.0,0.0,Current,0,,0.0,,REVIEW,0.8
LN003451,1,0.0,0.0,0.0,0.0,Current,0,,0.0,,REVIEW,0.8
LN003451,2,0.0,0.0,0.0,0.0,Current,0,,0.0,,REVIEW,0.8
LN003451,3,0.0,0.0,0.0,0.0,Current,0,,0.0,,REVIEW,0.8
LN003451,4,0.0,0.0,0.0,0.0,Current,0,,0.0,,REVIEW,0.8
LN003451,5,0.0,0.0,0.0,0.0,Current,0,,0.0,,REVIEW,0.8
LN003451,6,0.0,0.0,0.0,0.0,Current,0,,0.0,,REVIEW,0.8
LN003451,7,0.0,0.0,0.0,0.0,Current,0,,0.0,,REVIEW,0.8
LN003451,8,0.0,0.0,0.0,0.0,Current,0,,0.0,,REVIEW,0.8
LN003451,9,0.0,0.0,0.0,0.0,Current,0,,0.0,,REVIEW,0.8
LN003451,10,0.0,0.0,0.0,0.0,Current,0,,0.0,,REVIEW,0.8
LN003451,11,0.0,0.0,0.0,0.0,Current,0,,0.0,,REVIEW,0.8
LN003451,12,0.0,0.0,0.0,0.0,Current,0,,0.0,,REVIEW,0.8
LN003451,13,0.0,0.0,0.0,0.0,Current,0,,0.0,,REVIEW,0.8
LN003451,14,0.0,0.0,0.0,0.0,Current,0,,0.0,,REVIEW,0.8
LN003451,15,0.0,0.0,0.0,0.0,Current,0,,0.0,,REVIEW,0.8
LN003451,16,0.0,0.0,0.0,0.0,Current,0,,0.0,,REVIEW,0.8
LN003451,17,0.0,0.0,0.0,0.0,Current,0,,0.0,,REVIEW,0.8
LN003451,18,0.0,0.0,0.0,0.0,Current,0,,0.0,,REVIEW,0.8
LN003451,19,0.0,0.0,0.0,0.0,Current,0,,0.0,,REVIEW,0.8
LN003451,20,0.0,0.0,0.0,0.0,Current,0,,0.0,,REVIEW,0.8
LN003451,21,0.0,0.0,0.0,0.0,Current,0,,0.0,,REVIEW,0.8
LN003451,22,0.0,0.0,0.0,0.0,Current,0,,0.0,,REVIEW,0.8
LN003451,23,0.0,0.0,0.0,0.0,Current,0,,0.0,,REVIEW,0.8
LN003451,24,0.0,0.0,0.0,0.0,Current,0,,0.0,,REVIEW,0.8
LN003452,1,0.0,0.0,0.0,0.0,Current,0,,0.0,,REVIEW,0.8
LN003452,2,0.0,0.0,0.0,0.0,Current,0,,0.0,,REVIEW,0.8
LN003452,3,0.0,0.0,0.0,0.0,Current,0,,0.0,,REVIEW,0.8
LN003452,4,0.0,0.0,0.0,0.0,Current,0,,0.0,,REVIEW,0.8
LN003452,5,0.0,0.0,0.0,0.0,Current,0,,0.0,,REVIEW,0.8
LN003452,6,0.0,0.0,0.0,0.0,Current,0,,0.0,,REVIEW,0.8
LN003452,7,0.0,0.0,0.0,0.0,Current,0,,0.0,,REVIEW,0.8
LN003452,8,0.0,0.0,0.0,0.0,Current,0,,0.0,,REVIEW,0.8
LN003452,9,0.0,0.0,0.0,0.0,Current,0,,0.0,,REVIEW,0.8
LN003452,10,0.0,0.0,0.0,0.0,Current,0,,0.0,,REVIEW,0.8
LN003452,11,0.0,0.0,0.0,0.0,Current,0,,0.0,,REVIEW,0.8
LN003452,12,0.0,0.0,0.0,0.0,Current,0,,0.0,,REVIEW,0.8
LN003452,13,0.0,0.0,0.0,0.0,Current,0,,0.0,,REVIEW,0.8
LN003452,14,0.0,0.0,0.0,0.0,Current,0,,0.0,,REVIEW,0.8
LN003452,15,0.0,0.0,0.0,0.0,Current,0,,0.0,,REVIEW,0.8
LN003452,16,0.0,0.0,0.0,0.0,Current,0,,0.0,,REVIEW,0.8
LN003452,17,0.0,0.0,0.0,0.0,Current,0,,0.0,,REVIEW,0.8
LN003452,18,0.0,0.0,0.0,0.0,Current,0,,0.0,,REVIEW,0.8
LN003452,19,0.0,0.0,0.0,0.0,Current,0,,0.0,,REVIEW,0.8
LN003452,20,0.0,0.0,0.0,0.0,Current,0,,0.0,,REVIEW,0.8
LN003452,21,0.0,0.0,0.0,0.0,Current,0,,0.0,,REVIEW,0.8
LN003452,22,0.0,0.0,0.0,0.0,Current,0,,0.0,,REVIEW,0.8
LN003452,23,0.0,0.0,0.0,0.0,Current,0,,0.0,,REVIEW,0.8
LN003452,24,0.0,0.0,0.0,0.0,Current,0,,0.0,,REVIEW,0.8
LN003453,1,0.0,0.0,0.0,0.0,Current,0,,0.0,,REVIEW,0.8
LN003453,2,0.0,0.0,0.0,0.0,Current,0,,0.0,,REVIEW,0.8
LN003453,3,0.0,0.0,0.0,0.0,Current,0,,0.0,,REVIEW,0.8
LN003453,4,0.0,0.0,0.0,0.0,Current,0,,0.0,,REVIEW,0.8
LN003453,5,0.0,0.0,0.0,0.0,Current,0,,0.0,,REVIEW,0.8
LN003453,6,0.0,0.0,0.0,0.0,Current,0,,0.0,,REVIEW,0.8
LN003453,7,0.0,0.0,0.0,0.0,Current,0,,0.0,,REVIEW,0.8
LN003453,8,0.0,0.0,0.0,0.0,Current,0,,0.0,,REVIEW,0.8
LN003453,9,0.0,0.0,0.0,0.0,Current,0,,0.0,,REVIEW,0.8
LN003454,1,0.0,0.0,0.0,0.0,Current,0,,0.0,,REVIEW,0.8
LN003454,2,0.0,0.0,0.0,0.0,Current,0,,0.0,,REVIEW,0.8
LN003454,3,0.0,0.0,0.0,0.0,Current,0,,0.0,,REVIEW,0.8
LN003454,4,0.0,0.0,0.0,0.0,Current,0,,0.0,,REVIEW,0.8
LN003454,5,0.0,0.0,0.0,0.0,Current,0,,0.0,,REVIEW,0.8
LN003454,6,0.0,0.0,0.0,0.0,Current,0,,0.0,,REVIEW,0.8
LN003454,7,0.0,0.0,0.0,0.0,Current,0,,0.0,,REVIEW,0.8
LN003454,8,0.0,0.0,0.0,0.0,Current,0,,0.0,,REVIEW,0.8
LN003454,9,0.0,0.0,0.0,0.0,Current,0,,0.0,,REVIEW,0.8
LN003454,10,0.0,0.0,0.0,0.0,Current,0,,0.0,,REVIEW,0.8
LN003454,11,0.0,0.0,0.0,0.0,Current,0,,0.0,,REVIEW,0.8
LN003454,12,0.0,0.0,0.0,0.0,Current,0,,0.0,,REVIEW,0.8
LN003454,13,0.0,0.0,0.0,0.0,Current,0,,0.0,,REVIEW,0.8
LN003454,14,0.0,0.0,0.0,0.0,Current,0,,0.0,,REVIEW,0.8
LN003454,15,0.0,0.0,0.0,0.0,Current,0,,0.0,,REVIEW,0.8
LN003454,16,0.0,0.0,0.0,0.0,Current,0,,0.0,,REVIEW,0.8
LN003454,17,0.0,0.0,0.0,0.0,Current,0,,0.0,,REVIEW,0.8
LN003454,18,0.0,0.0,0.0,0.0,Current,0,,0.0,,REVIEW,0.8
LN003454,19,0.0,0.0,0.0,0.0,Current,0,,0.0,,REVIEW,0.8
LN003454,20,0.0,0.0,0.0,0.0,Current,0,,0.0,,REVIEW,0.8
LN003454,21,0.0,0.0,0.0,0.0,Current,0,,0.0,,REVIEW,0.8
LN003454,22,0.0,0.0,0.0,0.0,Current,0,,0.0,,REVIEW,0.8
LN003454,23,0.0,0.0,0.0,0.0,Current,0,,0.0,,REVIEW,0.8
LN003454,24,0.0,0.0,0.0,0.0,Current,0,,0.0,,REVIEW,0.8
LN003455,1,0.0,0.0,0.0,0.0,Current,0,,0.0,,REVIEW,0.8
LN003455,2,0.0,0.0,0.0,0.0,Current,0,,0.0,,REVIEW,0.8
LN003455,3,0.0,0.0,0.0,0.0,Current,0,,0.0,,REVIEW,0.8
LN003455,4,0.0,0.0,0.0,0.0,Current,0,,0.0,,REVIEW,0.8
LN003455,5,0.0,0.0,0.0,0.0,Current,0,,0.0,,REVIEW,0.8
LN003455,6,0.0,0.0,0.0,0.0,Current,0,,0.0,,REVIEW,0.8
LN003455,7,0.0,0.0,0.0,0.0,Current,0,,0.0,,REVIEW,0.8
LN003455,8,0.0,0.0,0.0,0.0,Current,0,,0.0,,REVIEW,0.8
LN003455,9,0.0,0.0,0.0,0.0,Current,0,,0.0,,REVIEW,0.8
LN003455,10,0.0,0.0,0.0,0.0,Current,0,,0.0,,REVIEW,0.8
LN003455,11,0.0,0.0,0.0,0.0,Current,0,,0.0,,REVIEW,0.8
LN003455,12,0.0,0.0,0.0,0.0,Current,0,,0.0,,REVIEW,0.8
LN003455,13,0.0,0.0,0.0,0.0,Current,0,,0.0,,REVIEW,0.8
LN003455,14,0.0,0.0,0.0,0.0,Current,0,,0.0,,REVIEW,0.8
LN003455,15,0.0,0.0,0.0,0.0,Current,0,,0.0,,REVIEW,0.8
LN003455,16,0.0,0.0,0.0,0.0,Current,0,,0.0,,REVIEW,0.8
LN003455,17,0.0,0.0,0.0,0.0,Current,0,,0.0,,REVIEW,0.8
LN003455,18,0.0,0.0,0.0,0.0,Current,0,,0.0,,REVIEW,0.8
LN003455,19,0.0,0.0,0.0,0.0,Current,0,,0.0,,REVIEW,0.8
LN003455,20,0.0,0.0,0.0,0.0,Current,0,,0.0,,REVIEW,0.8
LN003455,21,0.0,0.0,0.0,0.0,Current,0,,0.0,,REVIEW,0.8
LN003455,22,0.0,0.0,0.0,0.0,Current,0,,0.0,,REVIEW,0.8
LN003455,23,0.0,0.0,0.0,0.0,Current,0,,0.0,,REVIEW,0.8
LN003455,24,0.0,0.0,0.0,0.0,Current,0,,0.0,,REVIEW,0.8
LN003456,1,0.0,0.0,0.0,0.0,Current,0,,0.0,,REVIEW,0.8
LN003456,2,0.0,0.0,0.0,0.0,Current,0,,0.0,,REVIEW,0.8
LN003456,3,0.0,0.0,0.0,0.0,Current,0,,0.0,,REVIEW,0.8
LN003456,4,0.0,0.0,0.0,0.0,Current,0,,0.0,,REVIEW,0.8
LN003456,5,0.0,0.0,0.0,0.0,Current,0,,0.0,,REVIEW,0.8
LN003456,6,0.0,0.0,0.0,0.0,Current,0,,0.0,,REVIEW,0.8
LN003456,7,0.0,0.0,0.0,0.0,Current,0,,0.0,,REVIEW,0.8
LN003456,8,0.0,0.0,0.0,0.0,Current,0,,0.0,,REVIEW,0.8
LN003456,9,0.0,0.0,0.0,0.0,Current,0,,0.0,,REVIEW,0.8
LN003456,10,0.0,0.0,0.0,0.0,Current,0,,0.0,,REVIEW,0.8
LN003456,11,0.0,0.0,0.0,0.0,Current,0,,0.0,,REVIEW,0.8
LN003457,1,0.0,0.0,0.0,0.0,Current,0,,0.0,,REVIEW,0.8
LN003457,2,0.0,0.0,0.0,0.0,Current,0,,0.0,,REVIEW,0.8
LN003457,3,0.0,0.0,0.0,0.0,Current,0,,0.0,,REVIEW,0.8
LN003457,4,0.0,0.0,0.0,0.0,Current,0,,0.0,,REVIEW,0.8
LN003457,5,0.0,0.0,0.0,0.0,Current,0,,0.0,,REVIEW,0.8
LN003457,6,0.0,0.0,0.0,0.0,Current,0,,0.0,,REVIEW,0.8
LN003457,7,0.0,0.0,0.0,0.0,Current,0,,0.0,,REVIEW,0.8
LN003457,8,0.0,0.0,0.0,0.0,Current,0,,0.0,,REVIEW,0.8
LN003457,9,0.0,0.0,0.0,0.0,Current,0,,0.0,,REVIEW,0.8
LN003457,10,0.0,0.0,0.0,0.0,Current,0,,0.0,,REVIEW,0.8
LN003457,11,0.0,0.0,0.0,0.0,Current,0,,0.0,,REVIEW,0.8
LN003457,12,0.0,0.0,0.0,0.0,Current,0,,0.0,,REVIEW,0.8
LN003457,13,0.0,0.0,0.0,0.0,Current,0,,0.0,,REVIEW,0.8
LN003457,14,0.0,0.0,0.0,0.0,Current,0,,0.0,,REVIEW,0.8
LN003457,15,0.0,0.0,0.0,0.0,Current,0,,0.0,,REVIEW,0.8
LN003457,16,0.0,0.0,0.0,0.0,Current,0,,0.0,,REVIEW,0.8
LN003457,17,0.0,0.0,0.0,0.0,Current,0,,0.0,,REVIEW,0.8
LN003457,18,0.0,0.0,0.0,0.0,Current,0,,0.0,,REVIEW,0.8
LN003457,19,0.0,0.0,0.0,0.0,Current,0,,0.0,,REVIEW,0.8
LN003457,20,0.0,0.0,0.0,0.0,Current,0,,0.0,,REVIEW,0.8
LN003457,21,0.0,0.0,0.0,0.0,Current,0,,0.0,,REVIEW,0.8
LN003457,22,0.0,0.0,0.0,0.0,Current,0,,0.0,,REVIEW,0.8
LN003457,23,0.0,0.0,0.0,0.0,Current,0,,0.0,,REVIEW,0.8
LN003458,1,0.0,0.0,0.0,0.0,Current,0,,0.0,,REVIEW,0.8
LN003458,2,0.0,0.0,0.0,0.0,Current,0,,0.0,,REVIEW,0.8
LN003458,3,0.0,0.0,0.0,0.0,Current,0,,0.0,,REVIEW,0.8
LN003458,4,0.0,0.0,0.0,0.0,Current,0,,0.0,,REVIEW,0.8
LN003458,5,0.0,0.0,0.0,0.0,Current,0,,0.0,,REVIEW,0.8
LN003458,6,0.0,0.0,0.0,0.0,Current,0,,0.0,,REVIEW,0.8
LN003458,7,0.0,0.0,0.0,0.0,Current,0,,0.0,,REVIEW,0.8
LN003458,8,0.0,0.0,0.0,0.0,Current,0,,0.0,,REVIEW,0.8
LN003458,9,0.0,0.0,0.0,0.0,Current,0,,0.0,,REVIEW,0.8
LN003458,10,0.0,0.0,0.0,0.0,Current,0,,0.0,,REVIEW,0.8
LN003458,11,0.0,0.0,0.0,0.0,Current,0,,0.0,,REVIEW,0.8
LN003458,12,0.0,0.0,0.0,0.0,Current,0,,0.0,,REVIEW,0.8
LN003458,13,0.0,0.0,0.0,0.0,Current,0,,0.0,,REVIEW,0.8
LN003458,14,0.0,0.0,0.0,0.0,Current,0,,0.0,,REVIEW,0.8
LN003458,15,0.0,0.0,0.0,0.0,Current,0,,0.0,,REVIEW,0.8
LN003458,16,0.0,0.0,0.0,0.0,Current,0,,0.0,,REVIEW,0.8
LN003458,17,0.0,0.0,0.0,0.0,Current,0,,0.0,,REVIEW,0.8
LN003458,18,0.0,0.0,0.0,0.0,Current,0,,0.0,,REVIEW,0.8
LN003458,19,0.0,0.0,0.0,0.0,Current,0,,0.0,,REVIEW,0.8
LN003458,20,0.0,0.0,0.0,0.0,Current,0,,0.0,,REVIEW,0.8
LN003458,21,0.0,0.0,0.0,0.0,Current,0,,0.0,,REVIEW,0.8
LN003458,22,0.0,0.0,0.0,0.0,Current,0,,0.0,,REVIEW,0.8
LN003458,23,0.0,0.0,0.0,0.0,Current,0,,0.0,,REVIEW,0.8
LN003458,24,0.0,0.0,0.0,0.0,Current,0,,0.0,,REVIEW,0.8
LN003459,1,0.0,0.0,0.0,0.0,Current,0,,0.0,,REVIEW,0.8
LN003459,2,0.0,0.0,0.0,0.0,Current,0,,0.0,,REVIEW,0.8
LN003459,3,0.0,0.0,0.0,0.0,Current,0,,0.0,,REVIEW,0.8
LN003459,4,0.0,0.0,0.0,0.0,Current,0,,0.0,,REVIEW,0.8
LN003459,5,0.0,0.0,0.0,0.0,Current,0,,0.0,,REVIEW,0.8
LN003459,6,0.0,0.0,0.0,0.0,Current,0,,0.0,,REVIEW,0.8
LN003459,7,0.0,0.0,0.0,0.0,Current,0,,0.0,,REVIEW,0.8
LN003459,8,0.0,0.0,0.0,0.0,Current,0,,0.0,,REVIEW,0.8
LN003459,9,0.0,0.0,0.0,0.0,Current,0,,0.0,,REVIEW,0.8
LN003459,10,0.0,0.0,0.0,0.0,Current,0,,0.0,,REVIEW,0.8
LN003459,11,0.0,0.0,0.0,0.0,Current,0,,0.0,,REVIEW,0.8
LN003459,12,0.0,0.0,0.0,0.0,Current,0,,0.0,,REVIEW,0.8
LN003459,13,0.0,0.0,0.0,0.0,Current,0,,0.0,,REVIEW,0.8
LN003459,14,0.0,0.0,0.0,0.0,Current,0,,0.0,,REVIEW,0.8
LN003459,15,0.0,0.0,0.0,0.0,Current,0,,0.0,,REVIEW,0.8
LN003459,16,0.0,0.0,0.0,0.0,Current,0,,0.0,,REVIEW,0.8
LN003459,17,0.0,0.0,0.0,0.0,Current,0,,0.0,,REVIEW,0.8
LN003459,18,0.0,0.0,0.0,0.0,Current,0,,0.0,,REVIEW,0.8
LN003459,19,0.0,0.0,0.0,0.0,Current,0,,0.0,,REVIEW,0.8
LN003459,20,0.0,0.0,0.0,0.0,Current,0,,0.0,,REVIEW,0.8
LN003459,21,0.0,0.0,0.0,0.0,Current,0,,0.0,,REVIEW,0.8
LN003459,22,0.0,0.0,0.0,0.0,Current,0,,0.0,,REVIEW,0.8
LN003459,23,0.0,0.0,0.0,0.0,Current,0,,0.0,,REVIEW,0.8
LN003459,24,0.0,0.0,0.0,0.0,Current,0,,0.0,,REVIEW,0.8
LN003460,1,0.0,0.0,0.0,0.0,Current,0,,0.0,,REVIEW,0.8
LN003460,2,0.0,0.0,0.0,0.0,Current,0,,0.0,,REVIEW,0.8
LN003460,3,0.0,0.0,0.0,0.0,Current,0,,0.0,,REVIEW,0.8
LN003460,4,0.0,0.0,0.0,0.0,Current,0,,0.0,,REVIEW,0.8
LN003460,5,0.0,0.0,0.0,0.0,Current,0,,0.0,,REVIEW,0.8
LN003460,6,0.0,0.0,0.0,0.0,Current,0,,0.0,,REVIEW,0.8
LN003460,7,0.0,0.0,0.0,0.0,Current,0,,0.0,,REVIEW,0.8
LN003460,8,0.0,0.0,0.0,0.0,Current,0,,0.0,,REVIEW,0.8
LN003460,9,0.0,0.0,0.0,0.0,Current,0,,0.0,,REVIEW,0.8
LN003460,10,0.0,0.0,0.0,0.0,Current,0,,0.0,,REVIEW,0.8
LN003460,11,0.0,0.0,0.0,0.0,Current,0,,0.0,,REVIEW,0.8
LN003460,12,0.0,0.0,0.0,0.0,Current,0,,0.0,,REVIEW,0.8
LN003460,13,0.0,0.0,0.0,0.0,Current,0,,0.0,,REVIEW,0.8
LN003461,1,0.0,0.0,0.0,0.0,Current,0,,0.0,,REVIEW,0.8
LN003461,2,0.0,0.0,0.0,0.0,Current,0,,0.0,,REVIEW,0.8
LN003461,3,0.0,0.0,0.0,0.0,Current,0,,0.0,,REVIEW,0.8
LN003461,4,0.0,0.0,0.0,0.0,Current,0,,0.0,,REVIEW,0.8
LN003461,5,0.0,0.0,0.0,0.0,Current,0,,0.0,,REVIEW,0.8
LN003461,6,0.0,0.0,0.0,0.0,Current,0,,0.0,,REVIEW,0.8
LN003461,7,0.0,0.0,0.0,0.0,Current,0,,0.0,,REVIEW,0.8
LN003461,8,0.0,0.0,0.0,0.0,Current,0,,0.0,,REVIEW,0.8
LN003461,9,0.0,0.0,0.0,0.0,Current,0,,0.0,,REVIEW,0.8
LN003461,10,0.0,0.0,0.0,0.0,Current,0,,0.0,,REVIEW,0.8
LN003461,11,0.0,0.0,0.0,0.0,Current,0,,0.0,,REVIEW,0.8
LN003461,12,0.0,0.0,0.0,0.0,Current,0,,0.0,,REVIEW,0.8
LN003461,13,0.0,0.0,0.0,0.0,Current,0,,0.0,,REVIEW,0.8
LN003461,14,0.0,0.0,0.0,0.0,Current,0,,0.0,,REVIEW,0.8
LN003461,15,0.0,0.0,0.0,0.0,Current,0,,0.0,,REVIEW,0.8
LN003461,16,0.0,0.0,0.0,0.0,Current,0,,0.0,,REVIEW,0.8
LN003461,17,0.0,0.0,0.0,0.0,Current,0,,0.0,,REVIEW,0.8
LN003461,18,0.0,0.0,0.0,0.0,Current,0,,0.0,,REVIEW,0.8
LN003461,19,0.0,0.0,0.0,0.0,Current,0,,0.0,,REVIEW,0.8
LN003461,20,0.0,0.0,0.0,0.0,Current,0,,0.0,,REVIEW,0.8
LN003461,21,0.0,0.0,0.0,0.0,Current,0,,0.0,,REVIEW,0.8
LN003461,22,0.0,0.0,0.0,0.0,Current,0,,0.0,,REVIEW,0.8
LN003461,23,0.0,0.0,0.0,0.0,Current,0,,0.0,,REVIEW,0.8
LN003461,24,0.0,0.0,0.0,0.0,Current,0,,0.0,,REVIEW,0.8
LN003462,1,0.0,0.0,0.0,0.0,Current,0,,0.0,,REVIEW,0.8
LN003462,2,0.0,0.0,0.0,0.0,Current,0,,0.0,,REVIEW,0.8
LN003462,3,0.0,0.0,0.0,0.0,Current,0,,0.0,,REVIEW,0.8
LN003462,4,0.0,0.0,0.0,0.0,Current,0,,0.0,,REVIEW,0.8
LN003462,5,0.0,0.0,0.0,0.0,Current,0,,0.0,,REVIEW,0.8
LN003462,6,0.0,0.0,0.0,0.0,Current,0,,0.0,,REVIEW,0.8
LN003462,7,0.0,0.0,0.0,0.0,Current,0,,0.0,,REVIEW,0.8
LN003462,8,0.0,0.0,0.0,0.0,Current,0,,0.0,,REVIEW,0.8
LN003462,9,0.0,0.0,0.0,0.0,Current,0,,0.0,,REVIEW,0.8
LN003462,10,0.0,0.0,0.0,0.0,Current,0,,0.0,,REVIEW,0.8
LN003462,11,0.0,0.0,0.0,0.0,Current,0,,0.0,,REVIEW,0.8
LN003462,12,0.0,0.0,0.0,0.0,Current,0,,0.0,,REVIEW,0.8
LN003462,13,0.0,0.0,0.0,0.0,Current,0,,0.0,,REVIEW,0.8
LN003462,14,0.0,0.0,0.0,0.0,Current,0,,0.0,,REVIEW,0.8
LN003462,15,0.0,0.0,0.0,0.0,Current,0,,0.0,,REVIEW,0.8
LN003462,16,0.0,0.0,0.0,0.0,Current,0,,0.0,,REVIEW,0.8
LN003462,17,0.0,0.0,0.0,0.0,Current,0,,0.0,,REVIEW,0.8
LN003462,18,0.0,0.0,0.0,0.0,Current,0,,0.0,,REVIEW,0.8
LN003462,19,0.0,0.0,0.0,0.0,Current,0,,0.0,,REVIEW,0.8
LN003462,20,0.0,0.0,0.0,0.0,Current,0,,0.0,,REVIEW,0.8
LN003462,21,0.0,0.0,0.0,0.0,Current,0,,0.0,,REVIEW,0.8
LN003462,22,0.0,0.0,0.0,0.0,Current,0,,0.0,,REVIEW,0.8
LN003462,23,0.0,0.0,0.0,0.0,Current,0,,0.0,,REVIEW,0.8
LN003462,24,0.0,0.0,0.0,0.0,Current,0,,0.0,,REVIEW,0.8
LN003463,1,0.0,0.0,0.0,0.0,Current,0,,0.0,,REVIEW,0.8
LN003463,2,0.0,0.0,0.0,0.0,Current,0,,0.0,,REVIEW,0.8
LN003463,3,0.0,0.0,0.0,0.0,Current,0,,0.0,,REVIEW,0.8
LN003463,4,0.0,0.0,0.0,0.0,Current,0,,0.0,,REVIEW,0.8
LN003463,5,0.0,0.0,0.0,0.0,Current,0,,0.0,,REVIEW,0.8
LN003463,6,0.0,0.0,0.0,0.0,Current,0,,0.0,,REVIEW,0.8
LN003463,7,0.0,0.0,0.0,0.0,Current,0,,0.0,,REVIEW,0.8
LN003463,8,0.0,0.0,0.0,0.0,Current,0,,0.0,,REVIEW,0.8
LN003463,9,0.0,0.0,0.0,0.0,Current,0,,0.0,,REVIEW,0.8
LN003463,10,0.0,0.0,0.0,0.0,Current,0,,0.0,,REVIEW,0.8
LN003463,11,0.0,0.0,0.0,0.0,Current,0,,0.0,,REVIEW,0.8
LN003463,12,0.0,0.0,0.0,0.0,Current,0,,0.0,,REVIEW,0.8
LN003463,13,0.0,0.0,0.0,0.0,Current,0,,0.0,,REVIEW,0.8
LN003463,14,0.0,0.0,0.0,0.0,Current,0,,0.0,,REVIEW,0.8
LN003463,15,0.0,0.0,0.0,0.0,Current,0,,0.0,,REVIEW,0.8
LN003463,16,0.0,0.0,0.0,0.0,Current,0,,0.0,,REVIEW,0.8
LN003463,17,0.0,0.0,0.0,0.0,Current,0,,0.0,,REVIEW,0.8
LN003463,18,0.0,0.0,0.0,0.0,Current,0,,0.0,,REVIEW,0.8
LN003463,19,0.0,0.0,0.0,0.0,Current,0,,0.0,,REVIEW,0.8
LN003463,20,0.0,0.0,0.0,0.0,Current,0,,0.0,,REVIEW,0.8
LN003463,21,0.0,0.0,0.0,0.0,Current,0,,0.0,,REVIEW,0.8
LN003463,22,0.0,0.0,0.0,0.0,Current,0,,0.0,,REVIEW,0.8
LN003463,23,0.0,0.0,0.0,0.0,Current,0,,0.0,,REVIEW,0.8
LN003463,24,0.0,0.0,0.0,0.0,Current,0,,0.0,,REVIEW,0.8
LN003464,1,0.0,0.0,0.0,0.0,Current,0,,0.0,,REVIEW,0.8
LN003464,2,0.0,0.0,0.0,0.0,Current,0,,0.0,,REVIEW,0.8
LN003464,3,0.0,0.0,0.0,0.0,Current,0,,0.0,,REVIEW,0.8
LN003464,4,0.0,0.0,0.0,0.0,Current,0,,0.0,,REVIEW,0.8
LN003464,5,0.0,0.0,0.0,0.0,Current,0,,0.0,,REVIEW,0.8
LN003464,6,0.0,0.0,0.0,0.0,Current,0,,0.0,,REVIEW,0.8
LN003464,7,0.0,0.0,0.0,0.0,Current,0,,0.0,,REVIEW,0.8
LN003464,8,0.0,0.0,0.0,0.0,Current,0,,0.0,,REVIEW,0.8
LN003464,9,0.0,0.0,0.0,0.0,Current,0,,0.0,,REVIEW,0.8
LN003464,10,0.0,0.0,0.0,0.0,Current,0,,0.0,,REVIEW,0.8
LN003464,11,0.0,0.0,0.0,0.0,Current,0,,0.0,,REVIEW,0.8
LN003464,12,0.0,0.0,0.0,0.0,Current,0,,0.0,,REVIEW,0.8
LN003464,13,0.0,0.0,0.0,0.0,Current,0,,0.0,,REVIEW,0.8
LN003464,14,0.0,0.0,0.0,0.0,Current,0,,0.0,,REVIEW,0.8
LN003464,15,0.0,0.0,0.0,0.0,Current,0,,0.0,,REVIEW,0.8
LN003464,16,0.0,0.0,0.0,0.0,Current,0,,0.0,,REVIEW,0.8
LN003464,17,0.0,0.0,0.0,0.0,Current,0,,0.0,,REVIEW,0.8
LN003464,18,0.0,0.0,0.0,0.0,Current,0,,0.0,,REVIEW,0.8
LN003464,19,0.0,0.0,0.0,0.0,Current,0,,0.0,,REVIEW,0.8
LN003464,20,0.0,0.0,0.0,0.0,Current,0,,0.0,,REVIEW,0.8
LN003464,21,0.0,0.0,0.0,0.0,Current,0,,0.0,,REVIEW,0.8
LN003464,22,0.0,0.0,0.0,0.0,Current,0,,0.0,,REVIEW,0.8
LN003464,23,0.0,0.0,0.0,0.0,Current,0,,0.0,,REVIEW,0.8
LN003464,24,0.0,0.0,0.0,0.0,Current,0,,0.0,,REVIEW,0.8
LN003465,1,0.0,0.0,0.0,0.0,Current,0,,0.0,,REVIEW,0.8
LN003465,2,0.0,0.0,0.0,0.0,Current,0,,0.0,,REVIEW,0.8
LN003465,3,0.0,0.0,0.0,0.0,Current,0,,0.0,,REVIEW,0.8
LN003465,4,0.0,0.0,0.0,0.0,Current,0,,0.0,,REVIEW,0.8
LN003465,5,0.0,0.0,0.0,0.0,Current,0,,0.0,,REVIEW,0.8
LN003465,6,0.0,0.0,0.0,0.0,Current,0,,0.0,,REVIEW,0.8
LN003465,7,0.0,0.0,0.0,0.0,Current,0,,0.0,,REVIEW,0.8
LN003465,8,0.0,0.0,0.0,0.0,Current,0,,0.0,,REVIEW,0.8
LN003465,9,0.0,0.0,0.0,0.0,Current,0,,0.0,,REVIEW,0.8
LN003465,10,0.0,0.0,0.0,0.0,Current,0,,0.0,,REVIEW,0.8
LN003465,11,0.0,0.0,0.0,0.0,Current,0,,0.0,,REVIEW,0.8
LN003465,12,0.0,0.0,0.0,0.0,Current,0,,0.0,,REVIEW,0.8
LN003465,13,0.0,0.0,0.0,0.0,Current,0,,0.0,,REVIEW,0.8
LN003465,14,0.0,0.0,0.0,0.0,Current,0,,0.0,,REVIEW,0.8
LN003465,15,0.0,0.0,0.0,0.0,Current,0,,0.0,,REVIEW,0.8
LN003465,16,0.0,0.0,0.0,0.0,Current,0,,0.0,,REVIEW,0.8
LN003465,17,0.0,0.0,0.0,0.0,Current,0,,0.0,,REVIEW,0.8
LN003465,18,0.0,0.0,0.0,0.0,Current,0,,0.0,,REVIEW,0.8
LN003465,19,0.0,0.0,0.0,0.0,Current,0,,0.0,,REVIEW,0.8
LN003465,20,0.0,0.0,0.0,0.0,Current,0,,0.0,,REVIEW,0.8
LN003465,21,0.0,0.0,0.0,0.0,Current,0,,0.0,,REVIEW,0.8
LN003465,22,0.0,0.0,0.0,0.0,Current,0,,0.0,,REVIEW,0.8
LN003465,23,0.0,0.0,0.0,0.0,Current,0,,0.0,,REVIEW,0.8
LN003465,24,0.0,0.0,0.0,0.0,Current,0,,0.0,,REVIEW,0.8
LN003466,1,0.0,0.0,0.0,0.0,Current,0,,0.0,,REVIEW,0.8
LN003466,2,0.0,0.0,0.0,0.0,Current,0,,0.0,,REVIEW,0.8
LN003466,3,0.0,0.0,0.0,0.0,Current,0,,0.0,,REVIEW,0.8
LN003466,4,0.0,0.0,0.0,0.0,Current,0,,0.0,,REVIEW,0.8
LN003466,5,0.0,0.0,0.0,0.0,Current,0,,0.0,,REVIEW,0.8
LN003466,6,0.0,0.0,0.0,0.0,Current,0,,0.0,,REVIEW,0.8
LN003466,7,0.0,0.0,0.0,0.0,Current,0,,0.0,,REVIEW,0.8
LN003466,8,0.0,0.0,0.0,0.0,Current,0,,0.0,,REVIEW,0.8
LN003466,9,0.0,0.0,0.0,0.0,Current,0,,0.0,,REVIEW,0.8
LN003466,10,0.0,0.0,0.0,0.0,Current,0,,0.0,,REVIEW,0.8
LN003466,11,0.0,0.0,0.0,0.0,Current,0,,0.0,,REVIEW,0.8
LN003466,12,0.0,0.0,0.0,0.0,Current,0,,0.0,,REVIEW,0.8
LN003466,13,0.0,0.0,0.0,0.0,Current,0,,0.0,,REVIEW,0.8
LN003466,14,0.0,0.0,0.0,0.0,Current,0,,0.0,,REVIEW,0.8
LN003466,15,0.0,0.0,0.0,0.0,Current,0,,0.0,,REVIEW,0.8
LN003466,16,0.0,0.0,0.0,0.0,Current,0,,0.0,,REVIEW,0.8
LN003466,17,0.0,0.0,0.0,0.0,Current,0,,0.0,,REVIEW,0.8
LN003466,18,0.0,0.0,0.0,0.0,Current,0,,0.0,,REVIEW,0.8
LN003466,19,0.0,0.0,0.0,0.0,Current,0,,0.0,,REVIEW,0.8
LN003466,20,0.0,0.0,0.0,0.0,Current,0,,0.0,,REVIEW,0.8
LN003466,21,0.0,0.0,0.0,0.0,Current,0,,0.0,,REVIEW,0.8
LN003466,22,0.0,0.0,0.0,0.0,Current,0,,0.0,,REVIEW,0.8
LN003466,23,0.0,0.0,0.0,0.0,Current,0,,0.0,,REVIEW,0.8
LN003466,24,0.0,0.0,0.0,0.0,Current,0,,0.0,,REVIEW,0.8
LN003467,1,0.0,0.0,0.0,0.0,Current,0,,0.0,,REVIEW,0.8
LN003467,2,0.0,0.0,0.0,0.0,Current,0,,0.0,,REVIEW,0.8
LN003467,3,0.0,0.0,0.0,0.0,Current,0,,0.0,,REVIEW,0.8
LN003467,4,0.0,0.0,0.0,0.0,Current,0,,0.0,,REVIEW,0.8
LN003467,5,0.0,0.0,0.0,0.0,Current,0,,0.0,,REVIEW,0.8
LN003467,6,0.0,0.0,0.0,0.0,Current,0,,0.0,,REVIEW,0.8
LN003467,7,0.0,0.0,0.0,0.0,Current,0,,0.0,,REVIEW,0.8
LN003467,8,0.0,0.0,0.0,0.0,Current,0,,0.0,,REVIEW,0.8
LN003467,9,0.0,0.0,0.0,0.0,Current,0,,0.0,,REVIEW,0.8
LN003467,10,0.0,0.0,0.0,0.0,Current,0,,0.0,,REVIEW,0.8
LN003467,11,0.0,0.0,0.0,0.0,Current,0,,0.0,,REVIEW,0.8
LN003467,12,0.0,0.0,0.0,0.0,Current,0,,0.0,,REVIEW,0.8
LN003467,13,0.0,0.0,0.0,0.0,Current,0,,0.0,,REVIEW,0.8
LN003467,14,0.0,0.0,0.0,0.0,Current,0,,0.0,,REVIEW,0.8
LN003467,15,0.0,0.0,0.0,0.0,Current,0,,0.0,,REVIEW,0.8
LN003467,16,0.0,0.0,0.0,0.0,Current,0,,0.0,,REVIEW,0.8
LN003467,17,0.0,0.0,0.0,0.0,Current,0,,0.0,,REVIEW,0.8
LN003467,18,0.0,0.0,0.0,0.0,Current,0,,0.0,,REVIEW,0.8
LN003467,19,0.0,0.0,0.0,0.0,Current,0,,0.0,,REVIEW,0.8
LN003467,20,0.0,0.0,0.0,0.0,Current,0,,0.0,,REVIEW,0.8
LN003467,21,0.0,0.0,0.0,0.0,Current,0,,0.0,,REVIEW,0.8
LN003467,22,0.0,0.0,0.0,0.0,Current,0,,0.0,,REVIEW,0.8
LN003467,23,0.0,0.0,0.0,0.0,Current,0,,0.0,,REVIEW,0.8
LN003468,1,0.0,0.0,0.0,0.0,Current,0,,0.0,,REVIEW,0.8
LN003468,2,0.0,0.0,0.0,0.0,Current,0,,0.0,,REVIEW,0.8
LN003468,3,0.0,0.0,0.0,0.0,Current,0,,0.0,,REVIEW,0.8
LN003468,4,0.0,0.0,0.0,0.0,Current,0,,0.0,,REVIEW,0.8
LN003468,5,0.0,0.0,0.0,0.0,Current,0,,0.0,,REVIEW,0.8
LN003468,6,0.0,0.0,0.0,0.0,Current,0,,0.0,,REVIEW,0.8
LN003468,7,0.0,0.0,0.0,0.0,Current,0,,0.0,,REVIEW,0.8
LN003468,8,0.0,0.0,0.0,0.0,Current,0,,0.0,,REVIEW,0.8
LN003468,9,0.0,0.0,0.0,0.0,Current,0,,0.0,,REVIEW,0.8
LN003468,10,0.0,0.0,0.0,0.0,Current,0,,0.0,,REVIEW,0.8
LN003468,11,0.0,0.0,0.0,0.0,Current,0,,0.0,,REVIEW,0.8
LN003468,12,0.0,0.0,0.0,0.0,Current,0,,0.0,,REVIEW,0.8
LN003468,13,0.0,0.0,0.0,0.0,Current,0,,0.0,,REVIEW,0.8
LN003468,14,0.0,0.0,0.0,0.0,Current,0,,0.0,,REVIEW,0.8
LN003468,15,0.0,0.0,0.0,0.0,Current,0,,0.0,,REVIEW,0.8
LN003468,16,0.0,0.0,0.0,0.0,Current,0,,0.0,,REVIEW,0.8
LN003468,17,0.0,0.0,0.0,0.0,Current,0,,0.0,,REVIEW,0.8
LN003468,18,0.0,0.0,0.0,0.0,Current,0,,0.0,,REVIEW,0.8
LN003468,19,0.0,0.0,0.0,0.0,Current,0,,0.0,,REVIEW,0.8
LN003468,20,0.0,0.0,0.0,0.0,Current,0,,0.0,,REVIEW,0.8
LN003468,21,0.0,0.0,0.0,0.0,Current,0,,0.0,,REVIEW,0.8
LN003468,22,0.0,0.0,0.0,0.0,Current,0,,0.0,,REVIEW,0.8
LN003468,23,0.0,0.0,0.0,0.0,Current,0,,0.0,,REVIEW,0.8
LN003468,24,0.0,0.0,0.0,0.0,Current,0,,0.0,,REVIEW,0.8
LN003469,1,0.0,0.0,0.0,0.0,Current,0,,0.0,,REVIEW,0.8
LN003469,2,0.0,0.0,0.0,0.0,Current,0,,0.0,,REVIEW,0.8
LN003469,3,0.0,0.0,0.0,0.0,Current,0,,0.0,,REVIEW,0.8
LN003469,4,0.0,0.0,0.0,0.0,Current,0,,0.0,,REVIEW,0.8
LN003469,5,0.0,0.0,0.0,0.0,Current,0,,0.0,,REVIEW,0.8
LN003469,6,0.0,0.0,0.0,0.0,Current,0,,0.0,,REVIEW,0.8
LN003469,7,0.0,0.0,0.0,0.0,Current,0,,0.0,,REVIEW,0.8
LN003469,8,0.0,0.0,0.0,0.0,Current,0,,0.0,,REVIEW,0.8
LN003469,9,0.0,0.0,0.0,0.0,Current,0,,0.0,,REVIEW,0.8
LN003469,10,0.0,0.0,0.0,0.0,Current,0,,0.0,,REVIEW,0.8
LN003469,11,0.0,0.0,0.0,0.0,Current,0,,0.0,,REVIEW,0.8
LN003469,12,0.0,0.0,0.0,0.0,Current,0,,0.0,,REVIEW,0.8
LN003469,13,0.0,0.0,0.0,0.0,Current,0,,0.0,,REVIEW,0.8
LN003469,14,0.0,0.0,0.0,0.0,Current,0,,0.0,,REVIEW,0.8
LN003469,15,0.0,0.0,0.0,0.0,Current,0,,0.0,,REVIEW,0.8
LN003469,16,0.0,0.0,0.0,0.0,Current,0,,0.0,,REVIEW,0.8
LN003469,17,0.0,0.0,0.0,0.0,Current,0,,0.0,,REVIEW,0.8
LN003469,18,0.0,0.0,0.0,0.0,Current,0,,0.0,,REVIEW,0.8
LN003469,19,0.0,0.0,0.0,0.0,Current,0,,0.0,,REVIEW,0.8
LN003469,20,0.0,0.0,0.0,0.0,Current,0,,0.0,,REVIEW,0.8
LN003469,21,0.0,0.0,0.0,0.0,Current,0,,0.0,,REVIEW,0.8
LN003469,22,0.0,0.0,0.0,0.0,Current,0,,0.0,,REVIEW,0.8
LN003469,23,0.0,0.0,0.0,0.0,Current,0,,0.0,,REVIEW,0.8
LN003469,24,0.0,0.0,0.0,0.0,Current,0,,0.0,,REVIEW,0.8
LN003470,1,0.0,0.0,0.0,0.0,Current,0,,0.0,,REVIEW,0.8
LN003470,2,0.0,0.0,0.0,0.0,Current,0,,0.0,,REVIEW,0.8
LN003470,3,0.0,0.0,0.0,0.0,Current,0,,0.0,,REVIEW,0.8
LN003470,4,0.0,0.0,0.0,0.0,Current,0,,0.0,,REVIEW,0.8
LN003470,5,0.0,0.0,0.0,0.0,Current,0,,0.0,,REVIEW,0.8
LN003470,6,0.0,0.0,0.0,0.0,Current,0,,0.0,,REVIEW,0.8
LN003470,7,0.0,0.0,0.0,0.0,Current,0,,0.0,,REVIEW,0.8
LN003470,8,0.0,0.0,0.0,0.0,Current,0,,0.0,,REVIEW,0.8
LN003470,9,0.0,0.0,0.0,0.0,Current,0,,0.0,,REVIEW,0.8
LN003470,10,0.0,0.0,0.0,0.0,Current,0,,0.0,,REVIEW,0.8
LN003470,11,0.0,0.0,0.0,0.0,Current,0,,0.0,,REVIEW,0.8
LN003470,12,0.0,0.0,0.0,0.0,Current,0,,0.0,,REVIEW,0.8
LN003470,13,0.0,0.0,0.0,0.0,Current,0,,0.0,,REVIEW,0.8
LN003470,14,0.0,0.0,0.0,0.0,Current,0,,0.0,,REVIEW,0.8
LN003470,15,0.0,0.0,0.0,0.0,Current,0,,0.0,,REVIEW,0.8
LN003470,16,0.0,0.0,0.0,0.0,Current,0,,0.0,,REVIEW,0.8
LN003471,1,0.0,0.0,0.0,0.0,Current,0,,0.0,,REVIEW,0.8
LN003471,2,0.0,0.0,0.0,0.0,Current,0,,0.0,,REVIEW,0.8
LN003471,3,0.0,0.0,0.0,0.0,Current,0,,0.0,,REVIEW,0.8
LN003471,4,0.0,0.0,0.0,0.0,Current,0,,0.0,,REVIEW,0.8
LN003471,5,0.0,0.0,0.0,0.0,Current,0,,0.0,,REVIEW,0.8
LN003471,6,0.0,0.0,0.0,0.0,Current,0,,0.0,,REVIEW,0.8
LN003471,7,0.0,0.0,0.0,0.0,Current,0,,0.0,,REVIEW,0.8
LN003471,8,0.0,0.0,0.0,0.0,Current,0,,0.0,,REVIEW,0.8
LN003471,9,0.0,0.0,0.0,0.0,Current,0,,0.0,,REVIEW,0.8
LN003471,10,0.0,0.0,0.0,0.0,Current,0,,0.0,,REVIEW,0.8
LN003471,11,0.0,0.0,0.0,0.0,Current,0,,0.0,,REVIEW,0.8
LN003471,12,0.0,0.0,0.0,0.0,Current,0,,0.0,,REVIEW,0.8
LN003471,13,0.0,0.0,0.0,0.0,Current,0,,0.0,,REVIEW,0.8
LN003471,14,0.0,0.0,0.0,0.0,Current,0,,0.0,,REVIEW,0.8
LN003471,15,0.0,0.0,0.0,0.0,Current,0,,0.0,,REVIEW,0.8
LN003471,16,0.0,0.0,0.0,0.0,Current,0,,0.0,,REVIEW,0.8
LN003471,17,0.0,0.0,0.0,0.0,Current,0,,0.0,,REVIEW,0.8
LN003471,18,0.0,0.0,0.0,0.0,Current,0,,0.0,,REVIEW,0.8
LN003471,19,0.0,0.0,0.0,0.0,Current,0,,0.0,,REVIEW,0.8
LN003471,20,0.0,0.0,0.0,0.0,Current,0,,0.0,,REVIEW,0.8
LN003471,21,0.0,0.0,0.0,0.0,Current,0,,0.0,,REVIEW,0.8
LN003471,22,0.0,0.0,0.0,0.0,Current,0,,0.0,,REVIEW,0.8
LN003471,23,0.0,0.0,0.0,0.0,Current,0,,0.0,,REVIEW,0.8
LN003471,24,0.0,0.0,0.0,0.0,Current,0,,0.0,,REVIEW,0.8
LN003472,1,0.0,0.0,0.0,0.0,Current,0,,0.0,,REVIEW,0.8
LN003472,2,0.0,0.0,0.0,0.0,Current,0,,0.0,,REVIEW,0.8
LN003472,3,0.0,0.0,0.0,0.0,Current,0,,0.0,,REVIEW,0.8
LN003472,4,0.0,0.0,0.0,0.0,Current,0,,0.0,,REVIEW,0.8
LN003472,5,0.0,0.0,0.0,0.0,Current,0,,0.0,,REVIEW,0.8
LN003472,6,0.0,0.0,0.0,0.0,Current,0,,0.0,,REVIEW,0.8
LN003472,7,0.0,0.0,0.0,0.0,Current,0,,0.0,,REVIEW,0.8
LN003472,8,0.0,0.0,0.0,0.0,Current,0,,0.0,,REVIEW,0.8
LN003472,9,0.0,0.0,0.0,0.0,Current,0,,0.0,,REVIEW,0.8
LN003472,10,0.0,0.0,0.0,0.0,Current,0,,0.0,,REVIEW,0.8
LN003472,11,0.0,0.0,0.0,0.0,Current,0,,0.0,,REVIEW,0.8
LN003472,12,0.0,0.0,0.0,0.0,Current,0,,0.0,,REVIEW,0.8
LN003472,13,0.0,0.0,0.0,0.0,Current,0,,0.0,,REVIEW,0.8
LN003472,14,0.0,0.0,0.0,0.0,Current,0,,0.0,,REVIEW,0.8
LN003472,15,0.0,0.0,0.0,0.0,Current,0,,0.0,,REVIEW,0.8
LN003472,16,0.0,0.0,0.0,0.0,Current,0,,0.0,,REVIEW,0.8
LN003472,17,0.0,0.0,0.0,0.0,Current,0,,0.0,,REVIEW,0.8
LN003472,18,0.0,0.0,0.0,0.0,Current,0,,0.0,,REVIEW,0.8
LN003472,19,0.0,0.0,0.0,0.0,Current,0,,0.0,,REVIEW,0.8
LN003472,20,0.0,0.0,0.0,0.0,Current,0,,0.0,,REVIEW,0.8
LN003472,21,0.0,0.0,0.0,0.0,Current,0,,0.0,,REVIEW,0.8
LN003472,22,0.0,0.0,0.0,0.0,Current,0,,0.0,,REVIEW,0.8
LN003472,23,0.0,0.0,0.0,0.0,Current,0,,0.0,,REVIEW,0.8
LN003472,24,0.0,0.0,0.0,0.0,Current,0,,0.0,,REVIEW,0.8
LN003473,1,0.0,0.0,0.0,0.0,Current,0,,0.0,,REVIEW,0.8
LN003473,2,0.0,0.0,0.0,0.0,Current,0,,0.0,,REVIEW,0.8
LN003473,3,0.0,0.0,0.0,0.0,Current,0,,0.0,,REVIEW,0.8
LN003473,4,0.0,0.0,0.0,0.0,Current,0,,0.0,,REVIEW,0.8
LN003473,5,0.0,0.0,0.0,0.0,Current,0,,0.0,,REVIEW,0.8
LN003473,6,0.0,0.0,0.0,0.0,Current,0,,0.0,,REVIEW,0.8
LN003473,7,0.0,0.0,0.0,0.0,Current,0,,0.0,,REVIEW,0.8
LN003473,8,0.0,0.0,0.0,0.0,Current,0,,0.0,,REVIEW,0.8
LN003473,9,0.0,0.0,0.0,0.0,Current,0,,0.0,,REVIEW,0.8
LN003473,10,0.0,0.0,0.0,0.0,Current,0,,0.0,,REVIEW,0.8
LN003473,11,0.0,0.0,0.0,0.0,Current,0,,0.0,,REVIEW,0.8
LN003473,12,0.0,0.0,0.0,0.0,Current,0,,0.0,,REVIEW,0.8
LN003473,13,0.0,0.0,0.0,0.0,Current,0,,0.0,,REVIEW,0.8
LN003473,14,0.0,0.0,0.0,0.0,Current,0,,0.0,,REVIEW,0.8
LN003473,15,0.0,0.0,0.0,0.0,Current,0,,0.0,,REVIEW,0.8
LN003473,16,0.0,0.0,0.0,0.0,Current,0,,0.0,,REVIEW,0.8
LN003473,17,0.0,0.0,0.0,0.0,Current,0,,0.0,,REVIEW,0.8
LN003473,18,0.0,0.0,0.0,0.0,Current,0,,0.0,,REVIEW,0.8
LN003473,19,0.0,0.0,0.0,0.0,Current,0,,0.0,,REVIEW,0.8
LN003473,20,0.0,0.0,0.0,0.0,Current,0,,0.0,,REVIEW,0.8
LN003473,21,0.0,0.0,0.0,0.0,Current,0,,0.0,,REVIEW,0.8
LN003473,22,0.0,0.0,0.0,0.0,Current,0,,0.0,,REVIEW,0.8
LN003473,23,0.0,0.0,0.0,0.0,Current,0,,0.0,,REVIEW,0.8
LN003473,24,0.0,0.0,0.0,0.0,Current,0,,0.0,,REVIEW,0.8
LN003474,1,0.0,0.0,0.0,0.0,Current,0,,0.0,,REVIEW,0.8
LN003474,2,0.0,0.0,0.0,0.0,Current,0,,0.0,,REVIEW,0.8
LN003474,3,0.0,0.0,0.0,0.0,Current,0,,0.0,,REVIEW,0.8
LN003474,4,0.0,0.0,0.0,0.0,Current,0,,0.0,,REVIEW,0.8
LN003474,5,0.0,0.0,0.0,0.0,Current,0,,0.0,,REVIEW,0.8
LN003474,6,0.0,0.0,0.0,0.0,Current,0,,0.0,,REVIEW,0.8
LN003474,7,0.0,0.0,0.0,0.0,Current,0,,0.0,,REVIEW,0.8
LN003474,8,0.0,0.0,0.0,0.0,Current,0,,0.0,,REVIEW,0.8
LN003474,9,0.0,0.0,0.0,0.0,Current,0,,0.0,,REVIEW,0.8
LN003474,10,0.0,0.0,0.0,0.0,Current,0,,0.0,,REVIEW,0.8
LN003474,11,0.0,0.0,0.0,0.0,Current,0,,0.0,,REVIEW,0.8
LN003474,12,0.0,0.0,0.0,0.0,Current,0,,0.0,,REVIEW,0.8
LN003474,13,0.0,0.0,0.0,0.0,Current,0,,0.0,,REVIEW,0.8
LN003474,14,0.0,0.0,0.0,0.0,Current,0,,0.0,,REVIEW,0.8
LN003474,15,0.0,0.0,0.0,0.0,Current,0,,0.0,,REVIEW,0.8
LN003474,16,0.0,0.0,0.0,0.0,Current,0,,0.0,,REVIEW,0.8
LN003474,17,0.0,0.0,0.0,0.0,Current,0,,0.0,,REVIEW,0.8
LN003474,18,0.0,0.0,0.0,0.0,Current,0,,0.0,,REVIEW,0.8
LN003474,19,0.0,0.0,0.0,0.0,Current,0,,0.0,,REVIEW,0.8
LN003474,20,0.0,0.0,0.0,0.0,Current,0,,0.0,,REVIEW,0.8
LN003474,21,0.0,0.0,0.0,0.0,Current,0,,0.0,,REVIEW,0.8
LN003474,22,0.0,0.0,0.0,0.0,Current,0,,0.0,,REVIEW,0.8
LN003474,23,0.0,0.0,0.0,0.0,Current,0,,0.0,,REVIEW,0.8
LN003474,24,0.0,0.0,0.0,0.0,Current,0,,0.0,,REVIEW,0.8
LN003475,1,0.0,0.0,0.0,0.0,Current,0,,0.0,,REVIEW,0.8
LN003475,2,0.0,0.0,0.0,0.0,Current,0,,0.0,,REVIEW,0.8
LN003475,3,0.0,0.0,0.0,0.0,Current,0,,0.0,,REVIEW,0.8
LN003476,1,0.0,0.0,0.0,0.0,Current,0,,0.0,,REVIEW,0.8
LN003476,2,0.0,0.0,0.0,0.0,Current,0,,0.0,,REVIEW,0.8
LN003476,3,0.0,0.0,0.0,0.0,Current,0,,0.0,,REVIEW,0.8
LN003476,4,0.0,0.0,0.0,0.0,Current,0,,0.0,,REVIEW,0.8
LN003476,5,0.0,0.0,0.0,0.0,Current,0,,0.0,,REVIEW,0.8
LN003476,6,0.0,0.0,0.0,0.0,Current,0,,0.0,,REVIEW,0.8
LN003476,7,0.0,0.0,0.0,0.0,Current,0,,0.0,,REVIEW,0.8
LN003476,8,0.0,0.0,0.0,0.0,Current,0,,0.0,,REVIEW,0.8
LN003476,9,0.0,0.0,0.0,0.0,Current,0,,0.0,,REVIEW,0.8
LN003476,10,0.0,0.0,0.0,0.0,Current,0,,0.0,,REVIEW,0.8
LN003476,11,0.0,0.0,0.0,0.0,Current,0,,0.0,,REVIEW,0.8
LN003476,12,0.0,0.0,0.0,0.0,Current,0,,0.0,,REVIEW,0.8
LN003476,13,0.0,0.0,0.0,0.0,Current,0,,0.0,,REVIEW,0.8
LN003476,14,0.0,0.0,0.0,0.0,Current,0,,0.0,,REVIEW,0.8
LN003476,15,0.0,0.0,0.0,0.0,Current,0,,0.0,,REVIEW,0.8
LN003476,16,0.0,0.0,0.0,0.0,Current,0,,0.0,,REVIEW,0.8
LN003476,17,0.0,0.0,0.0,0.0,Current,0,,0.0,,REVIEW,0.8
LN003476,18,0.0,0.0,0.0,0.0,Current,0,,0.0,,REVIEW,0.8
LN003476,19,0.0,0.0,0.0,0.0,Current,0,,0.0,,REVIEW,0.8
LN003476,20,0.0,0.0,0.0,0.0,Current,0,,0.0,,REVIEW,0.8
LN003476,21,0.0,0.0,0.0,0.0,Current,0,,0.0,,REVIEW,0.8
LN003476,22,0.0,0.0,0.0,0.0,Current,0,,0.0,,REVIEW,0.8
LN003476,23,0.0,0.0,0.0,0.0,Current,0,,0.0,,REVIEW,0.8
LN003476,24,0.0,0.0,0.0,0.0,Current,0,,0.0,,REVIEW,0.8
LN003477,1,0.0,0.0,0.0,0.0,Current,0,,0.0,,REVIEW,0.8
LN003477,2,0.0,0.0,0.0,0.0,Current,0,,0.0,,REVIEW,0.8
LN003477,3,0.0,0.0,0.0,0.0,Current,0,,0.0,,REVIEW,0.8
LN003477,4,0.0,0.0,0.0,0.0,Current,0,,0.0,,REVIEW,0.8
LN003477,5,0.0,0.0,0.0,0.0,Current,0,,0.0,,REVIEW,0.8
LN003477,6,0.0,0.0,0.0,0.0,Current,0,,0.0,,REVIEW,0.8
LN003477,7,0.0,0.0,0.0,0.0,Current,0,,0.0,,REVIEW,0.8
LN003477,8,0.0,0.0,0.0,0.0,Current,0,,0.0,,REVIEW,0.8
LN003477,9,0.0,0.0,0.0,0.0,Current,0,,0.0,,REVIEW,0.8
LN003477,10,0.0,0.0,0.0,0.0,Current,0,,0.0,,REVIEW,0.8
LN003477,11,0.0,0.0,0.0,0.0,Current,0,,0.0,,REVIEW,0.8
LN003477,12,0.0,0.0,0.0,0.0,Current,0,,0.0,,REVIEW,0.8
LN003477,13,0.0,0.0,0.0,0.0,Current,0,,0.0,,REVIEW,0.8
LN003477,14,0.0,0.0,0.0,0.0,Current,0,,0.0,,REVIEW,0.8
LN003477,15,0.0,0.0,0.0,0.0,Current,0,,0.0,,REVIEW,0.8
LN003477,16,0.0,0.0,0.0,0.0,Current,0,,0.0,,REVIEW,0.8
LN003477,17,0.0,0.0,0.0,0.0,Current,0,,0.0,,REVIEW,0.8
LN003477,18,0.0,0.0,0.0,0.0,Current,0,,0.0,,REVIEW,0.8
LN003477,19,0.0,0.0,0.0,0.0,Current,0,,0.0,,REVIEW,0.8
LN003477,20,0.0,0.0,0.0,0.0,Current,0,,0.0,,REVIEW,0.8
LN003477,21,0.0,0.0,0.0,0.0,Current,0,,0.0,,REVIEW,0.8
LN003477,22,0.0,0.0,0.0,0.0,Current,0,,0.0,,REVIEW,0.8
LN003477,23,0.0,0.0,0.0,0.0,Current,0,,0.0,,REVIEW,0.8
LN003477,24,0.0,0.0,0.0,0.0,Current,0,,0.0,,REVIEW,0.8
LN003478,1,0.0,0.0,0.0,0.0,Current,0,,0.0,,REVIEW,0.8
LN003478,2,0.0,0.0,0.0,0.0,Current,0,,0.0,,REVIEW,0.8
LN003478,3,0.0,0.0,0.0,0.0,Current,0,,0.0,,REVIEW,0.8
LN003478,4,0.0,0.0,0.0,0.0,Current,0,,0.0,,REVIEW,0.8
LN003478,5,0.0,0.0,0.0,0.0,Current,0,,0.0,,REVIEW,0.8
LN003478,6,0.0,0.0,0.0,0.0,Current,0,,0.0,,REVIEW,0.8
LN003478,7,0.0,0.0,0.0,0.0,Current,0,,0.0,,REVIEW,0.8
LN003478,8,0.0,0.0,0.0,0.0,Current,0,,0.0,,REVIEW,0.8
LN003478,9,0.0,0.0,0.0,0.0,Current,0,,0.0,,REVIEW,0.8
LN003478,10,0.0,0.0,0.0,0.0,Current,0,,0.0,,REVIEW,0.8
LN003478,11,0.0,0.0,0.0,0.0,Current,0,,0.0,,REVIEW,0.8
LN003478,12,0.0,0.0,0.0,0.0,Current,0,,0.0,,REVIEW,0.8
LN003478,13,0.0,0.0,0.0,0.0,Current,0,,0.0,,REVIEW,0.8
LN003478,14,0.0,0.0,0.0,0.0,Current,0,,0.0,,REVIEW,0.8
LN003478,15,0.0,0.0,0.0,0.0,Current,0,,0.0,,REVIEW,0.8
LN003478,16,0.0,0.0,0.0,0.0,Current,0,,0.0,,REVIEW,0.8
LN003478,17,0.0,0.0,0.0,0.0,Current,0,,0.0,,REVIEW,0.8
LN003478,18,0.0,0.0,0.0,0.0,Current,0,,0.0,,REVIEW,0.8
LN003478,19,0.0,0.0,0.0,0.0,Current,0,,0.0,,REVIEW,0.8
LN003478,20,0.0,0.0,0.0,0.0,Current,0,,0.0,,REVIEW,0.8
LN003478,21,0.0,0.0,0.0,0.0,Current,0,,0.0,,REVIEW,0.8
LN003478,22,0.0,0.0,0.0,0.0,Current,0,,0.0,,REVIEW,0.8
LN003478,23,0.0,0.0,0.0,0.0,Current,0,,0.0,,REVIEW,0.8
LN003478,24,0.0,0.0,0.0,0.0,Current,0,,0.0,,REVIEW,0.8
LN003479,1,0.0,0.0,0.0,0.0,Current,0,,0.0,,REVIEW,0.8
LN003479,2,0.0,0.0,0.0,0.0,Current,0,,0.0,,REVIEW,0.8
LN003479,3,0.0,0.0,0.0,0.0,Current,0,,0.0,,REVIEW,0.8
LN003479,4,0.0,0.0,0.0,0.0,Current,0,,0.0,,REVIEW,0.8
LN003479,5,0.0,0.0,0.0,0.0,Current,0,,0.0,,REVIEW,0.8
LN003479,6,0.0,0.0,0.0,0.0,Current,0,,0.0,,REVIEW,0.8
LN003479,7,0.0,0.0,0.0,0.0,Current,0,,0.0,,REVIEW,0.8
LN003479,8,0.0,0.0,0.0,0.0,Current,0,,0.0,,REVIEW,0.8
LN003479,9,0.0,0.0,0.0,0.0,Current,0,,0.0,,REVIEW,0.8
LN003479,10,0.0,0.0,0.0,0.0,Current,0,,0.0,,REVIEW,0.8
LN003479,11,0.0,0.0,0.0,0.0,Current,0,,0.0,,REVIEW,0.8
LN003479,12,0.0,0.0,0.0,0.0,Current,0,,0.0,,REVIEW,0.8
LN003479,13,0.0,0.0,0.0,0.0,Current,0,,0.0,,REVIEW,0.8
LN003479,14,0.0,0.0,0.0,0.0,Current,0,,0.0,,REVIEW,0.8
LN003479,15,0.0,0.0,0.0,0.0,Current,0,,0.0,,REVIEW,0.8
LN003479,16,0.0,0.0,0.0,0.0,Current,0,,0.0,,REVIEW,0.8
LN003479,17,0.0,0.0,0.0,0.0,Current,0,,0.0,,REVIEW,0.8
LN003479,18,0.0,0.0,0.0,0.0,Current,0,,0.0,,REVIEW,0.8
LN003479,19,0.0,0.0,0.0,0.0,Current,0,,0.0,,REVIEW,0.8
LN003479,20,0.0,0.0,0.0,0.0,Current,0,,0.0,,REVIEW,0.8
LN003479,21,0.0,0.0,0.0,0.0,Current,0,,0.0,,REVIEW,0.8
LN003479,22,0.0,0.0,0.0,0.0,Current,0,,0.0,,REVIEW,0.8
LN003479,23,0.0,0.0,0.0,0.0,Current,0,,0.0,,REVIEW,0.8
LN003479,24,0.0,0.0,0.0,0.0,Current,0,,0.0,,REVIEW,0.8
LN003480,1,0.0,0.0,0.0,0.0,Current,0,,0.0,,REVIEW,0.8
LN003480,2,0.0,0.0,0.0,0.0,Current,0,,0.0,,REVIEW,0.8
LN003480,3,0.0,0.0,0.0,0.0,Current,0,,0.0,,REVIEW,0.8
LN003480,4,0.0,0.0,0.0,0.0,Current,0,,0.0,,REVIEW,0.8
LN003480,5,0.0,0.0,0.0,0.0,Current,0,,0.0,,REVIEW,0.8
LN003480,6,0.0,0.0,0.0,0.0,Current,0,,0.0,,REVIEW,0.8
LN003480,7,0.0,0.0,0.0,0.0,Current,0,,0.0,,REVIEW,0.8
LN003480,8,0.0,0.0,0.0,0.0,Current,0,,0.0,,REVIEW,0.8
LN003480,9,0.0,0.0,0.0,0.0,Current,0,,0.0,,REVIEW,0.8
LN003480,10,0.0,0.0,0.0,0.0,Current,0,,0.0,,REVIEW,0.8
LN003480,11,0.0,0.0,0.0,0.0,Current,0,,0.0,,REVIEW,0.8
LN003480,12,0.0,0.0,0.0,0.0,Current,0,,0.0,,REVIEW,0.8
LN003480,13,0.0,0.0,0.0,0.0,Current,0,,0.0,,REVIEW,0.8
LN003480,14,0.0,0.0,0.0,0.0,Current,0,,0.0,,REVIEW,0.8
LN003480,15,0.0,0.0,0.0,0.0,Current,0,,0.0,,REVIEW,0.8
LN003480,16,0.0,0.0,0.0,0.0,Current,0,,0.0,,REVIEW,0.8
LN003480,17,0.0,0.0,0.0,0.0,Current,0,,0.0,,REVIEW,0.8
LN003480,18,0.0,0.0,0.0,0.0,Current,0,,0.0,,REVIEW,0.8
LN003480,19,0.0,0.0,0.0,0.0,Current,0,,0.0,,REVIEW,0.8
LN003480,20,0.0,0.0,0.0,0.0,Current,0,,0.0,,REVIEW,0.8
LN003480,21,0.0,0.0,0.0,0.0,Current,0,,0.0,,REVIEW,0.8
LN003480,22,0.0,0.0,0.0,0.0,Current,0,,0.0,,REVIEW,0.8
LN003480,23,0.0,0.0,0.0,0.0,Current,0,,0.0,,REVIEW,0.8
LN003480,24,0.0,0.0,0.0,0.0,Current,0,,0.0,,REVIEW,0.8
LN003481,1,0.0,0.0,0.0,0.0,Current,0,,0.0,,REVIEW,0.8
LN003481,2,0.0,0.0,0.0,0.0,Current,0,,0.0,,REVIEW,0.8
LN003481,3,0.0,0.0,0.0,0.0,Current,0,,0.0,,REVIEW,0.8
LN003481,4,0.0,0.0,0.0,0.0,Current,0,,0.0,,REVIEW,0.8
LN003481,5,0.0,0.0,0.0,0.0,Current,0,,0.0,,REVIEW,0.8
LN003481,6,0.0,0.0,0.0,0.0,Current,0,,0.0,,REVIEW,0.8
LN003481,7,0.0,0.0,0.0,0.0,Current,0,,0.0,,REVIEW,0.8
LN003481,8,0.0,0.0,0.0,0.0,Current,0,,0.0,,REVIEW,0.8
LN003481,9,0.0,0.0,0.0,0.0,Current,0,,0.0,,REVIEW,0.8
LN003481,10,0.0,0.0,0.0,0.0,Current,0,,0.0,,REVIEW,0.8
LN003481,11,0.0,0.0,0.0,0.0,Current,0,,0.0,,REVIEW,0.8
LN003481,12,0.0,0.0,0.0,0.0,Current,0,,0.0,,REVIEW,0.8
LN003481,13,0.0,0.0,0.0,0.0,Current,0,,0.0,,REVIEW,0.8
LN003481,14,0.0,0.0,0.0,0.0,Current,0,,0.0,,REVIEW,0.8
LN003481,15,0.0,0.0,0.0,0.0,Current,0,,0.0,,REVIEW,0.8
LN003481,16,0.0,0.0,0.0,0.0,Current,0,,0.0,,REVIEW,0.8
LN003481,17,0.0,0.0,0.0,0.0,Current,0,,0.0,,REVIEW,0.8
LN003481,18,0.0,0.0,0.0,0.0,Current,0,,0.0,,REVIEW,0.8
LN003481,19,0.0,0.0,0.0,0.0,Current,0,,0.0,,REVIEW,0.8
LN003481,20,0.0,0.0,0.0,0.0,Current,0,,0.0,,REVIEW,0.8
LN003481,21,0.0,0.0,0.0,0.0,Current,0,,0.0,,REVIEW,0.8
LN003481,22,0.0,0.0,0.0,0.0,Current,0,,0.0,,REVIEW,0.8
LN003481,23,0.0,0.0,0.0,0.0,Current,0,,0.0,,REVIEW,0.8
LN003481,24,0.0,0.0,0.0,0.0,Current,0,,0.0,,REVIEW,0.8
LN003482,1,0.0,0.0,0.0,0.0,Current,0,,0.0,,REVIEW,0.8
LN003482,2,0.0,0.0,0.0,0.0,Current,0,,0.0,,REVIEW,0.8
LN003482,3,0.0,0.0,0.0,0.0,Current,0,,0.0,,REVIEW,0.8
LN003482,4,0.0,0.0,0.0,0.0,Current,0,,0.0,,REVIEW,0.8
LN003482,5,0.0,0.0,0.0,0.0,Current,0,,0.0,,REVIEW,0.8
LN003482,6,0.0,0.0,0.0,0.0,Current,0,,0.0,,REVIEW,0.8
LN003482,7,0.0,0.0,0.0,0.0,Current,0,,0.0,,REVIEW,0.8
LN003482,8,0.0,0.0,0.0,0.0,Current,0,,0.0,,REVIEW,0.8
LN003482,9,0.0,0.0,0.0,0.0,Current,0,,0.0,,REVIEW,0.8
LN003482,10,0.0,0.0,0.0,0.0,Current,0,,0.0,,REVIEW,0.8
LN003482,11,0.0,0.0,0.0,0.0,Current,0,,0.0,,REVIEW,0.8
LN003482,12,0.0,0.0,0.0,0.0,Current,0,,0.0,,REVIEW,0.8
LN003482,13,0.0,0.0,0.0,0.0,Current,0,,0.0,,REVIEW,0.8
LN003482,14,0.0,0.0,0.0,0.0,Current,0,,0.0,,REVIEW,0.8
LN003482,15,0.0,0.0,0.0,0.0,Current,0,,0.0,,REVIEW,0.8
LN003482,16,0.0,0.0,0.0,0.0,Current,0,,0.0,,REVIEW,0.8
LN003482,17,0.0,0.0,0.0,0.0,Current,0,,0.0,,REVIEW,0.8
LN003482,18,0.0,0.0,0.0,0.0,Current,0,,0.0,,REVIEW,0.8
LN003482,19,0.0,0.0,0.0,0.0,Current,0,,0.0,,REVIEW,0.8
LN003482,20,0.0,0.0,0.0,0.0,Current,0,,0.0,,REVIEW,0.8
LN003482,21,0.0,0.0,0.0,0.0,Current,0,,0.0,,REVIEW,0.8
LN003482,22,0.0,0.0,0.0,0.0,Current,0,,0.0,,REVIEW,0.8
LN003482,23,0.0,0.0,0.0,0.0,Current,0,,0.0,,REVIEW,0.8
LN003482,24,0.0,0.0,0.0,0.0,Current,0,,0.0,,REVIEW,0.8
LN003483,1,0.0,0.0,0.0,0.0,Current,0,,0.0,,REVIEW,0.8
LN003483,2,0.0,0.0,0.0,0.0,Current,0,,0.0,,REVIEW,0.8
LN003483,3,0.0,0.0,0.0,0.0,Current,0,,0.0,,REVIEW,0.8
LN003483,4,0.0,0.0,0.0,0.0,Current,0,,0.0,,REVIEW,0.8
LN003483,5,0.0,0.0,0.0,0.0,Current,0,,0.0,,REVIEW,0.8
LN003483,6,0.0,0.0,0.0,0.0,Current,0,,0.0,,REVIEW,0.8
LN003483,7,0.0,0.0,0.0,0.0,Current,0,,0.0,,REVIEW,0.8
LN003483,8,0.0,0.0,0.0,0.0,Current,0,,0.0,,REVIEW,0.8
LN003483,9,0.0,0.0,0.0,0.0,Current,0,,0.0,,REVIEW,0.8
LN003484,1,0.0,0.0,0.0,0.0,Current,0,,0.0,,REVIEW,0.8
LN003484,2,0.0,0.0,0.0,0.0,Current,0,,0.0,,REVIEW,0.8
LN003484,3,0.0,0.0,0.0,0.0,Current,0,,0.0,,REVIEW,0.8
LN003484,4,0.0,0.0,0.0,0.0,Current,0,,0.0,,REVIEW,0.8
LN003484,5,0.0,0.0,0.0,0.0,Current,0,,0.0,,REVIEW,0.8
LN003484,6,0.0,0.0,0.0,0.0,Current,0,,0.0,,REVIEW,0.8
LN003484,7,0.0,0.0,0.0,0.0,Current,0,,0.0,,REVIEW,0.8
LN003484,8,0.0,0.0,0.0,0.0,Current,0,,0.0,,REVIEW,0.8
LN003484,9,0.0,0.0,0.0,0.0,Current,0,,0.0,,REVIEW,0.8
LN003485,1,0.0,0.0,0.0,0.0,Current,0,,0.0,,REVIEW,0.8
LN003485,2,0.0,0.0,0.0,0.0,Current,0,,0.0,,REVIEW,0.8
LN003485,3,0.0,0.0,0.0,0.0,Current,0,,0.0,,REVIEW,0.8
LN003485,4,0.0,0.0,0.0,0.0,Current,0,,0.0,,REVIEW,0.8
LN003485,5,0.0,0.0,0.0,0.0,Current,0,,0.0,,REVIEW,0.8
LN003485,6,0.0,0.0,0.0,0.0,Current,0,,0.0,,REVIEW,0.8
LN003485,7,0.0,0.0,0.0,0.0,Current,0,,0.0,,REVIEW,0.8
LN003485,8,0.0,0.0,0.0,0.0,Current,0,,0.0,,REVIEW,0.8
LN003485,9,0.0,0.0,0.0,0.0,Current,0,,0.0,,REVIEW,0.8
LN003485,10,0.0,0.0,0.0,0.0,Current,0,,0.0,,REVIEW,0.8
LN003485,11,0.0,0.0,0.0,0.0,Current,0,,0.0,,REVIEW,0.8
LN003485,12,0.0,0.0,0.0,0.0,Current,0,,0.0,,REVIEW,0.8
LN003485,13,0.0,0.0,0.0,0.0,Current,0,,0.0,,REVIEW,0.8
LN003485,14,0.0,0.0,0.0,0.0,Current,0,,0.0,,REVIEW,0.8
LN003485,15,0.0,0.0,0.0,0.0,Current,0,,0.0,,REVIEW,0.8
LN003485,16,0.0,0.0,0.0,0.0,Current,0,,0.0,,REVIEW,0.8
LN003485,17,0.0,0.0,0.0,0.0,Current,0,,0.0,,REVIEW,0.8
LN003485,18,0.0,0.0,0.0,0.0,Current,0,,0.0,,REVIEW,0.8
LN003485,19,0.0,0.0,0.0,0.0,Current,0,,0.0,,REVIEW,0.8
LN003485,20,0.0,0.0,0.0,0.0,Current,0,,0.0,,REVIEW,0.8
LN003485,21,0.0,0.0,0.0,0.0,Current,0,,0.0,,REVIEW,0.8
LN003485,22,0.0,0.0,0.0,0.0,Current,0,,0.0,,REVIEW,0.8
LN003485,23,0.0,0.0,0.0,0.0,Current,0,,0.0,,REVIEW,0.8
LN003485,24,0.0,0.0,0.0,0.0,Current,0,,0.0,,REVIEW,0.8
LN003486,1,0.0,0.0,0.0,0.0,Current,0,,0.0,,REVIEW,0.8
LN003486,2,0.0,0.0,0.0,0.0,Current,0,,0.0,,REVIEW,0.8
LN003486,3,0.0,0.0,0.0,0.0,Current,0,,0.0,,REVIEW,0.8
LN003486,4,0.0,0.0,0.0,0.0,Current,0,,0.0,,REVIEW,0.8
LN003486,5,0.0,0.0,0.0,0.0,Current,0,,0.0,,REVIEW,0.8
LN003486,6,0.0,0.0,0.0,0.0,Current,0,,0.0,,REVIEW,0.8
LN003486,7,0.0,0.0,0.0,0.0,Current,0,,0.0,,REVIEW,0.8
LN003486,8,0.0,0.0,0.0,0.0,Current,0,,0.0,,REVIEW,0.8
LN003486,9,0.0,0.0,0.0,0.0,Current,0,,0.0,,REVIEW,0.8
LN003486,10,0.0,0.0,0.0,0.0,Current,0,,0.0,,REVIEW,0.8
LN003486,11,0.0,0.0,0.0,0.0,Current,0,,0.0,,REVIEW,0.8
LN003486,12,0.0,0.0,0.0,0.0,Current,0,,0.0,,REVIEW,0.8
LN003486,13,0.0,0.0,0.0,0.0,Current,0,,0.0,,REVIEW,0.8
LN003486,14,0.0,0.0,0.0,0.0,Current,0,,0.0,,REVIEW,0.8
LN003486,15,0.0,0.0,0.0,0.0,Current,0,,0.0,,REVIEW,0.8
LN003486,16,0.0,0.0,0.0,0.0,Current,0,,0.0,,REVIEW,0.8
LN003487,1,0.0,0.0,0.0,0.0,Current,0,,0.0,,REVIEW,0.8
LN003487,2,0.0,0.0,0.0,0.0,Current,0,,0.0,,REVIEW,0.8
LN003487,3,0.0,0.0,0.0,0.0,Current,0,,0.0,,REVIEW,0.8
LN003487,4,0.0,0.0,0.0,0.0,Current,0,,0.0,,REVIEW,0.8
LN003487,5,0.0,0.0,0.0,0.0,Current,0,,0.0,,REVIEW,0.8
LN003487,6,0.0,0.0,0.0,0.0,Current,0,,0.0,,REVIEW,0.8
LN003487,7,0.0,0.0,0.0,0.0,Current,0,,0.0,,REVIEW,0.8
LN003487,8,0.0,0.0,0.0,0.0,Current,0,,0.0,,REVIEW,0.8
LN003487,9,0.0,0.0,0.0,0.0,Current,0,,0.0,,REVIEW,0.8
LN003487,10,0.0,0.0,0.0,0.0,Current,0,,0.0,,REVIEW,0.8
LN003487,11,0.0,0.0,0.0,0.0,Current,0,,0.0,,REVIEW,0.8
LN003487,12,0.0,0.0,0.0,0.0,Current,0,,0.0,,REVIEW,0.8
LN003487,13,0.0,0.0,0.0,0.0,Current,0,,0.0,,REVIEW,0.8
LN003487,14,0.0,0.0,0.0,0.0,Current,0,,0.0,,REVIEW,0.8
LN003487,15,0.0,0.0,0.0,0.0,Current,0,,0.0,,REVIEW,0.8
LN003487,16,0.0,0.0,0.0,0.0,Current,0,,0.0,,REVIEW,0.8
LN003487,17,0.0,0.0,0.0,0.0,Current,0,,0.0,,REVIEW,0.8
LN003487,18,0.0,0.0,0.0,0.0,Current,0,,0.0,,REVIEW,0.8
LN003487,19,0.0,0.0,0.0,0.0,Current,0,,0.0,,REVIEW,0.8
LN003487,20,0.0,0.0,0.0,0.0,Current,0,,0.0,,REVIEW,0.8
LN003487,21,0.0,0.0,0.0,0.0,Current,0,,0.0,,REVIEW,0.8
LN003487,22,0.0,0.0,0.0,0.0,Current,0,,0.0,,REVIEW,0.8
LN003488,1,0.0,0.0,0.0,0.0,Current,0,,0.0,,REVIEW,0.8
LN003488,2,0.0,0.0,0.0,0.0,Current,0,,0.0,,REVIEW,0.8
LN003488,3,0.0,0.0,0.0,0.0,Current,0,,0.0,,REVIEW,0.8
LN003488,4,0.0,0.0,0.0,0.0,Current,0,,0.0,,REVIEW,0.8
LN003488,5,0.0,0.0,0.0,0.0,Current,0,,0.0,,REVIEW,0.8
LN003488,6,0.0,0.0,0.0,0.0,Current,0,,0.0,,REVIEW,0.8
LN003488,7,0.0,0.0,0.0,0.0,Current,0,,0.0,,REVIEW,0.8
LN003488,8,0.0,0.0,0.0,0.0,Current,0,,0.0,,REVIEW,0.8
LN003488,9,0.0,0.0,0.0,0.0,Current,0,,0.0,,REVIEW,0.8
LN003488,10,0.0,0.0,0.0,0.0,Current,0,,0.0,,REVIEW,0.8
LN003488,11,0.0,0.0,0.0,0.0,Current,0,,0.0,,REVIEW,0.8
LN003488,12,0.0,0.0,0.0,0.0,Current,0,,0.0,,REVIEW,0.8
LN003488,13,0.0,0.0,0.0,0.0,Current,0,,0.0,,REVIEW,0.8
LN003488,14,0.0,0.0,0.0,0.0,Current,0,,0.0,,REVIEW,0.8
LN003488,15,0.0,0.0,0.0,0.0,Current,0,,0.0,,REVIEW,0.8
LN003488,16,0.0,0.0,0.0,0.0,Current,0,,0.0,,REVIEW,0.8
LN003489,1,0.0,0.0,0.0,0.0,Current,0,,0.0,,REVIEW,0.8
LN003489,2,0.0,0.0,0.0,0.0,Current,0,,0.0,,REVIEW,0.8
LN003489,3,0.0,0.0,0.0,0.0,Current,0,,0.0,,REVIEW,0.8
LN003489,4,0.0,0.0,0.0,0.0,Current,0,,0.0,,REVIEW,0.8
LN003489,5,0.0,0.0,0.0,0.0,Current,0,,0.0,,REVIEW,0.8
LN003489,6,0.0,0.0,0.0,0.0,Current,0,,0.0,,REVIEW,0.8
LN003489,7,0.0,0.0,0.0,0.0,Current,0,,0.0,,REVIEW,0.8
LN003489,8,0.0,0.0,0.0,0.0,Current,0,,0.0,,REVIEW,0.8
LN003489,9,0.0,0.0,0.0,0.0,Current,0,,0.0,,REVIEW,0.8
LN003489,10,0.0,0.0,0.0,0.0,Current,0,,0.0,,REVIEW,0.8
LN003489,11,0.0,0.0,0.0,0.0,Current,0,,0.0,,REVIEW,0.8
LN003489,12,0.0,0.0,0.0,0.0,Current,0,,0.0,,REVIEW,0.8
LN003489,13,0.0,0.0,0.0,0.0,Current,0,,0.0,,REVIEW,0.8
LN003489,14,0.0,0.0,0.0,0.0,Current,0,,0.0,,REVIEW,0.8
LN003489,15,0.0,0.0,0.0,0.0,Current,0,,0.0,,REVIEW,0.8
LN003489,16,0.0,0.0,0.0,0.0,Current,0,,0.0,,REVIEW,0.8
LN003489,17,0.0,0.0,0.0,0.0,Current,0,,0.0,,REVIEW,0.8
LN003489,18,0.0,0.0,0.0,0.0,Current,0,,0.0,,REVIEW,0.8
LN003489,19,0.0,0.0,0.0,0.0,Current,0,,0.0,,REVIEW,0.8
LN003489,20,0.0,0.0,0.0,0.0,Current,0,,0.0,,REVIEW,0.8
LN003489,21,0.0,0.0,0.0,0.0,Current,0,,0.0,,REVIEW,0.8
LN003489,22,0.0,0.0,0.0,0.0,Current,0,,0.0,,REVIEW,0.8
LN003489,23,0.0,0.0,0.0,0.0,Current,0,,0.0,,REVIEW,0.8
LN003489,24,0.0,0.0,0.0,0.0,Current,0,,0.0,,REVIEW,0.8
LN003490,1,0.0,0.0,0.0,0.0,Current,0,,0.0,,REVIEW,0.8
LN003490,2,0.0,0.0,0.0,0.0,Current,0,,0.0,,REVIEW,0.8
LN003490,3,0.0,0.0,0.0,0.0,Current,0,,0.0,,REVIEW,0.8
LN003490,4,0.0,0.0,0.0,0.0,Current,0,,0.0,,REVIEW,0.8
LN003490,5,0.0,0.0,0.0,0.0,Current,0,,0.0,,REVIEW,0.8
LN003490,6,0.0,0.0,0.0,0.0,Current,0,,0.0,,REVIEW,0.8
LN003490,7,0.0,0.0,0.0,0.0,Current,0,,0.0,,REVIEW,0.8
LN003490,8,0.0,0.0,0.0,0.0,Current,0,,0.0,,REVIEW,0.8
LN003490,9,0.0,0.0,0.0,0.0,Current,0,,0.0,,REVIEW,0.8
LN003490,10,0.0,0.0,0.0,0.0,Current,0,,0.0,,REVIEW,0.8
LN003490,11,0.0,0.0,0.0,0.0,Current,0,,0.0,,REVIEW,0.8
LN003490,12,0.0,0.0,0.0,0.0,Current,0,,0.0,,REVIEW,0.8
LN003491,1,0.0,0.0,0.0,0.0,Current,0,,0.0,,REVIEW,0.8
LN003491,2,0.0,0.0,0.0,0.0,Current,0,,0.0,,REVIEW,0.8
LN003491,3,0.0,0.0,0.0,0.0,Current,0,,0.0,,REVIEW,0.8
LN003491,4,0.0,0.0,0.0,0.0,Current,0,,0.0,,REVIEW,0.8
LN003491,5,0.0,0.0,0.0,0.0,Current,0,,0.0,,REVIEW,0.8
LN003491,6,0.0,0.0,0.0,0.0,Current,0,,0.0,,REVIEW,0.8
LN003491,7,0.0,0.0,0.0,0.0,Current,0,,0.0,,REVIEW,0.8
LN003491,8,0.0,0.0,0.0,0.0,Current,0,,0.0,,REVIEW,0.8
LN003491,9,0.0,0.0,0.0,0.0,Current,0,,0.0,,REVIEW,0.8
LN003491,10,0.0,0.0,0.0,0.0,Current,0,,0.0,,REVIEW,0.8
LN003491,11,0.0,0.0,0.0,0.0,Current,0,,0.0,,REVIEW,0.8
LN003491,12,0.0,0.0,0.0,0.0,Current,0,,0.0,,REVIEW,0.8
LN003491,13,0.0,0.0,0.0,0.0,Current,0,,0.0,,REVIEW,0.8
LN003491,14,0.0,0.0,0.0,0.0,Current,0,,0.0,,REVIEW,0.8
LN003491,15,0.0,0.0,0.0,0.0,Current,0,,0.0,,REVIEW,0.8
LN003491,16,0.0,0.0,0.0,0.0,Current,0,,0.0,,REVIEW,0.8
LN003491,17,0.0,0.0,0.0,0.0,Current,0,,0.0,,REVIEW,0.8
LN003492,1,0.0,0.0,0.0,0.0,Current,0,,0.0,,REVIEW,0.8
LN003492,2,0.0,0.0,0.0,0.0,Current,0,,0.0,,REVIEW,0.8
LN003492,3,0.0,0.0,0.0,0.0,Current,0,,0.0,,REVIEW,0.8
LN003492,4,0.0,0.0,0.0,0.0,Current,0,,0.0,,REVIEW,0.8
LN003492,5,0.0,0.0,0.0,0.0,Current,0,,0.0,,REVIEW,0.8
LN003492,6,0.0,0.0,0.0,0.0,Current,0,,0.0,,REVIEW,0.8
LN003492,7,0.0,0.0,0.0,0.0,Current,0,,0.0,,REVIEW,0.8
LN003492,8,0.0,0.0,0.0,0.0,Current,0,,0.0,,REVIEW,0.8
LN003492,9,0.0,0.0,0.0,0.0,Current,0,,0.0,,REVIEW,0.8
LN003492,10,0.0,0.0,0.0,0.0,Current,0,,0.0,,REVIEW,0.8
LN003492,11,0.0,0.0,0.0,0.0,Current,0,,0.0,,REVIEW,0.8
LN003492,12,0.0,0.0,0.0,0.0,Current,0,,0.0,,REVIEW,0.8
LN003492,13,0.0,0.0,0.0,0.0,Current,0,,0.0,,REVIEW,0.8
LN003492,14,0.0,0.0,0.0,0.0,Current,0,,0.0,,REVIEW,0.8
LN003492,15,0.0,0.0,0.0,0.0,Current,0,,0.0,,REVIEW,0.8
LN003492,16,0.0,0.0,0.0,0.0,Current,0,,0.0,,REVIEW,0.8
LN003492,17,0.0,0.0,0.0,0.0,Current,0,,0.0,,REVIEW,0.8
LN003492,18,0.0,0.0,0.0,0.0,Current,0,,0.0,,REVIEW,0.8
LN003492,19,0.0,0.0,0.0,0.0,Current,0,,0.0,,REVIEW,0.8
LN003492,20,0.0,0.0,0.0,0.0,Current,0,,0.0,,REVIEW,0.8
LN003492,21,0.0,0.0,0.0,0.0,Current,0,,0.0,,REVIEW,0.8
LN003492,22,0.0,0.0,0.0,0.0,Current,0,,0.0,,REVIEW,0.8
LN003492,23,0.0,0.0,0.0,0.0,Current,0,,0.0,,REVIEW,0.8
LN003492,24,0.0,0.0,0.0,0.0,Current,0,,0.0,,REVIEW,0.8
LN003493,1,0.0,0.0,0.0,0.0,Current,0,,0.0,,REVIEW,0.8
LN003493,2,0.0,0.0,0.0,0.0,Current,0,,0.0,,REVIEW,0.8
LN003493,3,0.0,0.0,0.0,0.0,Current,0,,0.0,,REVIEW,0.8
LN003493,4,0.0,0.0,0.0,0.0,Current,0,,0.0,,REVIEW,0.8
LN003493,5,0.0,0.0,0.0,0.0,Current,0,,0.0,,REVIEW,0.8
LN003493,6,0.0,0.0,0.0,0.0,Current,0,,0.0,,REVIEW,0.8
LN003493,7,0.0,0.0,0.0,0.0,Current,0,,0.0,,REVIEW,0.8
LN003493,8,0.0,0.0,0.0,0.0,Current,0,,0.0,,REVIEW,0.8
LN003493,9,0.0,0.0,0.0,0.0,Current,0,,0.0,,REVIEW,0.8
LN003493,10,0.0,0.0,0.0,0.0,Current,0,,0.0,,REVIEW,0.8
LN003493,11,0.0,0.0,0.0,0.0,Current,0,,0.0,,REVIEW,0.8
LN003493,12,0.0,0.0,0.0,0.0,Current,0,,0.0,,REVIEW,0.8
LN003493,13,0.0,0.0,0.0,0.0,Current,0,,0.0,,REVIEW,0.8
LN003493,14,0.0,0.0,0.0,0.0,Current,0,,0.0,,REVIEW,0.8
LN003493,15,0.0,0.0,0.0,0.0,Current,0,,0.0,,REVIEW,0.8
LN003493,16,0.0,0.0,0.0,0.0,Current,0,,0.0,,REVIEW,0.8
LN003493,17,0.0,0.0,0.0,0.0,Current,0,,0.0,,REVIEW,0.8
LN003493,18,0.0,0.0,0.0,0.0,Current,0,,0.0,,REVIEW,0.8
LN003493,19,0.0,0.0,0.0,0.0,Current,0,,0.0,,REVIEW,0.8
LN003493,20,0.0,0.0,0.0,0.0,Current,0,,0.0,,REVIEW,0.8
LN003493,21,0.0,0.0,0.0,0.0,Current,0,,0.0,,REVIEW,0.8
LN003493,22,0.0,0.0,0.0,0.0,Current,0,,0.0,,REVIEW,0.8
LN003493,23,0.0,0.0,0.0,0.0,Current,0,,0.0,,REVIEW,0.8
LN003493,24,0.0,0.0,0.0,0.0,Current,0,,0.0,,REVIEW,0.8
LN003494,1,0.0,0.0,0.0,0.0,Current,0,,0.0,,REVIEW,0.8
LN003494,2,0.0,0.0,0.0,0.0,Current,0,,0.0,,REVIEW,0.8
LN003494,3,0.0,0.0,0.0,0.0,Current,0,,0.0,,REVIEW,0.8
LN003494,4,0.0,0.0,0.0,0.0,Current,0,,0.0,,REVIEW,0.8
LN003494,5,0.0,0.0,0.0,0.0,Current,0,,0.0,,REVIEW,0.8
LN003494,6,0.0,0.0,0.0,0.0,Current,0,,0.0,,REVIEW,0.8
LN003494,7,0.0,0.0,0.0,0.0,Current,0,,0.0,,REVIEW,0.8
LN003494,8,0.0,0.0,0.0,0.0,Current,0,,0.0,,REVIEW,0.8
LN003494,9,0.0,0.0,0.0,0.0,Current,0,,0.0,,REVIEW,0.8
LN003494,10,0.0,0.0,0.0,0.0,Current,0,,0.0,,REVIEW,0.8
LN003494,11,0.0,0.0,0.0,0.0,Current,0,,0.0,,REVIEW,0.8
LN003494,12,0.0,0.0,0.0,0.0,Current,0,,0.0,,REVIEW,0.8
LN003494,13,0.0,0.0,0.0,0.0,Current,0,,0.0,,REVIEW,0.8
LN003494,14,0.0,0.0,0.0,0.0,Current,0,,0.0,,REVIEW,0.8
LN003494,15,0.0,0.0,0.0,0.0,Current,0,,0.0,,REVIEW,0.8
LN003494,16,0.0,0.0,0.0,0.0,Current,0,,0.0,,REVIEW,0.8
LN003494,17,0.0,0.0,0.0,0.0,Current,0,,0.0,,REVIEW,0.8
LN003494,18,0.0,0.0,0.0,0.0,Current,0,,0.0,,REVIEW,0.8
LN003494,19,0.0,0.0,0.0,0.0,Current,0,,0.0,,REVIEW,0.8
LN003494,20,0.0,0.0,0.0,0.0,Current,0,,0.0,,REVIEW,0.8
LN003494,21,0.0,0.0,0.0,0.0,Current,0,,0.0,,REVIEW,0.8
LN003494,22,0.0,0.0,0.0,0.0,Current,0,,0.0,,REVIEW,0.8
LN003494,23,0.0,0.0,0.0,0.0,Current,0,,0.0,,REVIEW,0.8
LN003494,24,0.0,0.0,0.0,0.0,Current,0,,0.0,,REVIEW,0.8
LN003495,1,0.0,0.0,0.0,0.0,Current,0,,0.0,,REVIEW,0.8
LN003495,2,0.0,0.0,0.0,0.0,Current,0,,0.0,,REVIEW,0.8
LN003495,3,0.0,0.0,0.0,0.0,Current,0,,0.0,,REVIEW,0.8
LN003495,4,0.0,0.0,0.0,0.0,Current,0,,0.0,,REVIEW,0.8
LN003495,5,0.0,0.0,0.0,0.0,Current,0,,0.0,,REVIEW,0.8
LN003495,6,0.0,0.0,0.0,0.0,Current,0,,0.0,,REVIEW,0.8
LN003495,7,0.0,0.0,0.0,0.0,Current,0,,0.0,,REVIEW,0.8
LN003495,8,0.0,0.0,0.0,0.0,Current,0,,0.0,,REVIEW,0.8
LN003495,9,0.0,0.0,0.0,0.0,Current,0,,0.0,,REVIEW,0.8
LN003495,10,0.0,0.0,0.0,0.0,Current,0,,0.0,,REVIEW,0.8
LN003495,11,0.0,0.0,0.0,0.0,Current,0,,0.0,,REVIEW,0.8
LN003495,12,0.0,0.0,0.0,0.0,Current,0,,0.0,,REVIEW,0.8
LN003495,13,0.0,0.0,0.0,0.0,Current,0,,0.0,,REVIEW,0.8
LN003495,14,0.0,0.0,0.0,0.0,Current,0,,0.0,,REVIEW,0.8
LN003495,15,0.0,0.0,0.0,0.0,Current,0,,0.0,,REVIEW,0.8
LN003495,16,0.0,0.0,0.0,0.0,Current,0,,0.0,,REVIEW,0.8
LN003495,17,0.0,0.0,0.0,0.0,Current,0,,0.0,,REVIEW,0.8
LN003495,18,0.0,0.0,0.0,0.0,Current,0,,0.0,,REVIEW,0.8
LN003495,19,0.0,0.0,0.0,0.0,Current,0,,0.0,,REVIEW,0.8
LN003495,20,0.0,0.0,0.0,0.0,Current,0,,0.0,,REVIEW,0.8
LN003495,21,0.0,0.0,0.0,0.0,Current,0,,0.0,,REVIEW,0.8
LN003495,22,0.0,0.0,0.0,0.0,Current,0,,0.0,,REVIEW,0.8
LN003495,23,0.0,0.0,0.0,0.0,Current,0,,0.0,,REVIEW,0.8
LN003495,24,0.0,0.0,0.0,0.0,Current,0,,0.0,,REVIEW,0.8
LN003496,1,0.0,0.0,0.0,0.0,Current,0,,0.0,,REVIEW,0.8
LN003496,2,0.0,0.0,0.0,0.0,Current,0,,0.0,,REVIEW,0.8
LN003496,3,0.0,0.0,0.0,0.0,Current,0,,0.0,,REVIEW,0.8
LN003496,4,0.0,0.0,0.0,0.0,Current,0,,0.0,,REVIEW,0.8
LN003496,5,0.0,0.0,0.0,0.0,Current,0,,0.0,,REVIEW,0.8
LN003496,6,0.0,0.0,0.0,0.0,Current,0,,0.0,,REVIEW,0.8
LN003496,7,0.0,0.0,0.0,0.0,Current,0,,0.0,,REVIEW,0.8
LN003496,8,0.0,0.0,0.0,0.0,Current,0,,0.0,,REVIEW,0.8
LN003496,9,0.0,0.0,0.0,0.0,Current,0,,0.0,,REVIEW,0.8
LN003496,10,0.0,0.0,0.0,0.0,Current,0,,0.0,,REVIEW,0.8
LN003496,11,0.0,0.0,0.0,0.0,Current,0,,0.0,,REVIEW,0.8
LN003496,12,0.0,0.0,0.0,0.0,Current,0,,0.0,,REVIEW,0.8
LN003496,13,0.0,0.0,0.0,0.0,Current,0,,0.0,,REVIEW,0.8
LN003496,14,0.0,0.0,0.0,0.0,Current,0,,0.0,,REVIEW,0.8
LN003496,15,0.0,0.0,0.0,0.0,Current,0,,0.0,,REVIEW,0.8
LN003496,16,0.0,0.0,0.0,0.0,Current,0,,0.0,,REVIEW,0.8
LN003496,17,0.0,0.0,0.0,0.0,Current,0,,0.0,,REVIEW,0.8
LN003496,18,0.0,0.0,0.0,0.0,Current,0,,0.0,,REVIEW,0.8
LN003496,19,0.0,0.0,0.0,0.0,Current,0,,0.0,,REVIEW,0.8
LN003496,20,0.0,0.0,0.0,0.0,Current,0,,0.0,,REVIEW,0.8
LN003496,21,0.0,0.0,0.0,0.0,Current,0,,0.0,,REVIEW,0.8
LN003496,22,0.0,0.0,0.0,0.0,Current,0,,0.0,,REVIEW,0.8
LN003496,23,0.0,0.0,0.0,0.0,Current,0,,0.0,,REVIEW,0.8
LN003496,24,0.0,0.0,0.0,0.0,Current,0,,0.0,,REVIEW,0.8
LN003497,1,0.0,0.0,0.0,0.0,Current,0,,0.0,,REVIEW,0.8
LN003497,2,0.0,0.0,0.0,0.0,Current,0,,0.0,,REVIEW,0.8
LN003497,3,0.0,0.0,0.0,0.0,Current,0,,0.0,,REVIEW,0.8
LN003497,4,0.0,0.0,0.0,0.0,Current,0,,0.0,,REVIEW,0.8
LN003497,5,0.0,0.0,0.0,0.0,Current,0,,0.0,,REVIEW,0.8
LN003497,6,0.0,0.0,0.0,0.0,Current,0,,0.0,,REVIEW,0.8
LN003497,7,0.0,0.0,0.0,0.0,Current,0,,0.0,,REVIEW,0.8
LN003497,8,0.0,0.0,0.0,0.0,Current,0,,0.0,,REVIEW,0.8
LN003497,9,0.0,0.0,0.0,0.0,Current,0,,0.0,,REVIEW,0.8
LN003497,10,0.0,0.0,0.0,0.0,Current,0,,0.0,,REVIEW,0.8
LN003497,11,0.0,0.0,0.0,0.0,Current,0,,0.0,,REVIEW,0.8
LN003497,12,0.0,0.0,0.0,0.0,Current,0,,0.0,,REVIEW,0.8
LN003497,13,0.0,0.0,0.0,0.0,Current,0,,0.0,,REVIEW,0.8
LN003497,14,0.0,0.0,0.0,0.0,Current,0,,0.0,,REVIEW,0.8
LN003497,15,0.0,0.0,0.0,0.0,Current,0,,0.0,,REVIEW,0.8
LN003497,16,0.0,0.0,0.0,0.0,Current,0,,0.0,,REVIEW,0.8
LN003497,17,0.0,0.0,0.0,0.0,Current,0,,0.0,,REVIEW,0.8
LN003497,18,0.0,0.0,0.0,0.0,Current,0,,0.0,,REVIEW,0.8
LN003497,19,0.0,0.0,0.0,0.0,Current,0,,0.0,,REVIEW,0.8
LN003497,20,0.0,0.0,0.0,0.0,Current,0,,0.0,,REVIEW,0.8
LN003497,21,0.0,0.0,0.0,0.0,Current,0,,0.0,,REVIEW,0.8
LN003497,22,0.0,0.0,0.0,0.0,Current,0,,0.0,,REVIEW,0.8
LN003497,23,0.0,0.0,0.0,0.0,Current,0,,0.0,,REVIEW,0.8
LN003497,24,0.0,0.0,0.0,0.0,Current,0,,0.0,,REVIEW,0.8
LN003498,1,0.0,0.0,0.0,0.0,Current,0,,0.0,,REVIEW,0.8
LN003498,2,0.0,0.0,0.0,0.0,Current,0,,0.0,,REVIEW,0.8
LN003498,3,0.0,0.0,0.0,0.0,Current,0,,0.0,,REVIEW,0.8
LN003498,4,0.0,0.0,0.0,0.0,Current,0,,0.0,,REVIEW,0.8
LN003498,5,0.0,0.0,0.0,0.0,Current,0,,0.0,,REVIEW,0.8
LN003498,6,0.0,0.0,0.0,0.0,Current,0,,0.0,,REVIEW,0.8
LN003498,7,0.0,0.0,0.0,0.0,Current,0,,0.0,,REVIEW,0.8
LN003498,8,0.0,0.0,0.0,0.0,Current,0,,0.0,,REVIEW,0.8
LN003498,9,0.0,0.0,0.0,0.0,Current,0,,0.0,,REVIEW,0.8
LN003498,10,0.0,0.0,0.0,0.0,Current,0,,0.0,,REVIEW,0.8
LN003499,1,0.0,0.0,0.0,0.0,Current,0,,0.0,,REVIEW,0.8
LN003499,2,0.0,0.0,0.0,0.0,Current,0,,0.0,,REVIEW,0.8
LN003499,3,0.0,0.0,0.0,0.0,Current,0,,0.0,,REVIEW,0.8
LN003499,4,0.0,0.0,0.0,0.0,Current,0,,0.0,,REVIEW,0.8
LN003499,5,0.0,0.0,0.0,0.0,Current,0,,0.0,,REVIEW,0.8
LN003499,6,0.0,0.0,0.0,0.0,Current,0,,0.0,,REVIEW,0.8
LN003499,7,0.0,0.0,0.0,0.0,Current,0,,0.0,,REVIEW,0.8
LN003499,8,0.0,0.0,0.0,0.0,Current,0,,0.0,,REVIEW,0.8
LN003499,9,0.0,0.0,0.0,0.0,Current,0,,0.0,,REVIEW,0.8
LN003499,10,0.0,0.0,0.0,0.0,Current,0,,0.0,,REVIEW,0.8
LN003499,11,0.0,0.0,0.0,0.0,Current,0,,0.0,,REVIEW,0.8
LN003499,12,0.0,0.0,0.0,0.0,Current,0,,0.0,,REVIEW,0.8
LN003499,13,0.0,0.0,0.0,0.0,Current,0,,0.0,,REVIEW,0.8
LN003499,14,0.0,0.0,0.0,0.0,Current,0,,0.0,,REVIEW,0.8
LN003499,15,0.0,0.0,0.0,0.0,Current,0,,0.0,,REVIEW,0.8
LN003499,16,0.0,0.0,0.0,0.0,Current,0,,0.0,,REVIEW,0.8
LN003499,17,0.0,0.0,0.0,0.0,Current,0,,0.0,,REVIEW,0.8
LN003499,18,0.0,0.0,0.0,0.0,Current,0,,0.0,,REVIEW,0.8
LN003499,19,0.0,0.0,0.0,0.0,Current,0,,0.0,,REVIEW,0.8
LN003499,20,0.0,0.0,0.0,0.0,Current,0,,0.0,,REVIEW,0.8
LN003499,21,0.0,0.0,0.0,0.0,Current,0,,0.0,,REVIEW,0.8
LN003499,22,0.0,0.0,0.0,0.0,Current,0,,0.0,,REVIEW,0.8
LN003499,23,0.0,0.0,0.0,0.0,Current,0,,0.0,,REVIEW,0.8
LN003499,24,0.0,0.0,0.0,0.0,Current,0,,0.0,,REVIEW,0.8
LN003500,1,0.0,0.0,0.0,0.0,Current,0,,0.0,,REVIEW,0.8
LN003500,2,0.0,0.0,0.0,0.0,Current,0,,0.0,,REVIEW,0.8
LN003500,3,0.0,0.0,0.0,0.0,Current,0,,0.0,,REVIEW,0.8
LN003500,4,0.0,0.0,0.0,0.0,Current,0,,0.0,,REVIEW,0.8
LN003500,5,0.0,0.0,0.0,0.0,Current,0,,0.0,,REVIEW,0.8
LN003500,6,0.0,0.0,0.0,0.0,Current,0,,0.0,,REVIEW,0.8
LN003500,7,0.0,0.0,0.0,0.0,Current,0,,0.0,,REVIEW,0.8
LN003500,8,0.0,0.0,0.0,0.0,Current,0,,0.0,,REVIEW,0.8
LN003500,9,0.0,0.0,0.0,0.0,Current,0,,0.0,,REVIEW,0.8
LN003500,10,0.0,0.0,0.0,0.0,Current,0,,0.0,,REVIEW,0.8
LN003500,11,0.0,0.0,0.0,0.0,Current,0,,0.0,,REVIEW,0.8
LN003500,12,0.0,0.0,0.0,0.0,Current,0,,0.0,,REVIEW,0.8
LN003500,13,0.0,0.0,0.0,0.0,Current,0,,0.0,,REVIEW,0.8
LN003500,14,0.0,0.0,0.0,0.0,Current,0,,0.0,,REVIEW,0.8
LN003500,15,0.0,0.0,0.0,0.0,Current,0,,0.0,,REVIEW,0.8
LN003500,16,0.0,0.0,0.0,0.0,Current,0,,0.0,,REVIEW,0.8
LN003500,17,0.0,0.0,0.0,0.0,Current,0,,0.0,,REVIEW,0.8
LN003500,18,0.0,0.0,0.0,0.0,Current,0,,0.0,,REVIEW,0.8
LN003501,1,0.0,0.0,0.0,0.0,Current,0,,0.0,,REVIEW,0.8
LN003501,2,0.0,0.0,0.0,0.0,Current,0,,0.0,,REVIEW,0.8
LN003501,3,0.0,0.0,0.0,0.0,Current,0,,0.0,,REVIEW,0.8
LN003501,4,0.0,0.0,0.0,0.0,Current,0,,0.0,,REVIEW,0.8
LN003501,5,0.0,0.0,0.0,0.0,Current,0,,0.0,,REVIEW,0.8
LN003501,6,0.0,0.0,0.0,0.0,Current,0,,0.0,,REVIEW,0.8
LN003501,7,0.0,0.0,0.0,0.0,Current,0,,0.0,,REVIEW,0.8
LN003501,8,0.0,0.0,0.0,0.0,Current,0,,0.0,,REVIEW,0.8
LN003501,9,0.0,0.0,0.0,0.0,Current,0,,0.0,,REVIEW,0.8
LN003501,10,0.0,0.0,0.0,0.0,Current,0,,0.0,,REVIEW,0.8
LN003501,11,0.0,0.0,0.0,0.0,Current,0,,0.0,,REVIEW,0.8
LN003501,12,0.0,0.0,0.0,0.0,Current,0,,0.0,,REVIEW,0.8
LN003501,13,0.0,0.0,0.0,0.0,Current,0,,0.0,,REVIEW,0.8
LN003501,14,0.0,0.0,0.0,0.0,Current,0,,0.0,,REVIEW,0.8
LN003501,15,0.0,0.0,0.0,0.0,Current,0,,0.0,,REVIEW,0.8
LN003501,16,0.0,0.0,0.0,0.0,Current,0,,0.0,,REVIEW,0.8
LN003501,17,0.0,0.0,0.0,0.0,Current,0,,0.0,,REVIEW,0.8
LN003501,18,0.0,0.0,0.0,0.0,Current,0,,0.0,,REVIEW,0.8
LN003501,19,0.0,0.0,0.0,0.0,Current,0,,0.0,,REVIEW,0.8
LN003501,20,0.0,0.0,0.0,0.0,Current,0,,0.0,,REVIEW,0.8
LN003501,21,0.0,0.0,0.0,0.0,Current,0,,0.0,,REVIEW,0.8
LN003501,22,0.0,0.0,0.0,0.0,Current,0,,0.0,,REVIEW,0.8
LN003501,23,0.0,0.0,0.0,0.0,Current,0,,0.0,,REVIEW,0.8
LN003501,24,0.0,0.0,0.0,0.0,Current,0,,0.0,,REVIEW,0.8
LN003502,1,0.0,0.0,0.0,0.0,Current,0,,0.0,,REVIEW,0.8
LN003502,2,0.0,0.0,0.0,0.0,Current,0,,0.0,,REVIEW,0.8
LN003502,3,0.0,0.0,0.0,0.0,Current,0,,0.0,,REVIEW,0.8
LN003502,4,0.0,0.0,0.0,0.0,Current,0,,0.0,,REVIEW,0.8
LN003502,5,0.0,0.0,0.0,0.0,Current,0,,0.0,,REVIEW,0.8
LN003502,6,0.0,0.0,0.0,0.0,Current,0,,0.0,,REVIEW,0.8
LN003502,7,0.0,0.0,0.0,0.0,Current,0,,0.0,,REVIEW,0.8
LN003502,8,0.0,0.0,0.0,0.0,Current,0,,0.0,,REVIEW,0.8
LN003502,9,0.0,0.0,0.0,0.0,Current,0,,0.0,,REVIEW,0.8
LN003502,10,0.0,0.0,0.0,0.0,Current,0,,0.0,,REVIEW,0.8
LN003502,11,0.0,0.0,0.0,0.0,Current,0,,0.0,,REVIEW,0.8
LN003502,12,0.0,0.0,0.0,0.0,Current,0,,0.0,,REVIEW,0.8
LN003502,13,0.0,0.0,0.0,0.0,Current,0,,0.0,,REVIEW,0.8
LN003502,14,0.0,0.0,0.0,0.0,Current,0,,0.0,,REVIEW,0.8
LN003502,15,0.0,0.0,0.0,0.0,Current,0,,0.0,,REVIEW,0.8
LN003502,16,0.0,0.0,0.0,0.0,Current,0,,0.0,,REVIEW,0.8
LN003502,17,0.0,0.0,0.0,0.0,Current,0,,0.0,,REVIEW,0.8
LN003502,18,0.0,0.0,0.0,0.0,Current,0,,0.0,,REVIEW,0.8
LN003502,19,0.0,0.0,0.0,0.0,Current,0,,0.0,,REVIEW,0.8
LN003502,20,0.0,0.0,0.0,0.0,Current,0,,0.0,,REVIEW,0.8
LN003502,21,0.0,0.0,0.0,0.0,Current,0,,0.0,,REVIEW,0.8
LN003502,22,0.0,0.0,0.0,0.0,Current,0,,0.0,,REVIEW,0.8
LN003502,23,0.0,0.0,0.0,0.0,Current,0,,0.0,,REVIEW,0.8
LN003503,1,0.0,0.0,0.0,0.0,Current,0,,0.0,,REVIEW,0.8
LN003503,2,0.0,0.0,0.0,0.0,Current,0,,0.0,,REVIEW,0.8
LN003503,3,0.0,0.0,0.0,0.0,Current,0,,0.0,,REVIEW,0.8
LN003503,4,0.0,0.0,0.0,0.0,Current,0,,0.0,,REVIEW,0.8
LN003503,5,0.0,0.0,0.0,0.0,Current,0,,0.0,,REVIEW,0.8
LN003503,6,0.0,0.0,0.0,0.0,Current,0,,0.0,,REVIEW,0.8
LN003503,7,0.0,0.0,0.0,0.0,Current,0,,0.0,,REVIEW,0.8
LN003503,8,0.0,0.0,0.0,0.0,Current,0,,0.0,,REVIEW,0.8
LN003503,9,0.0,0.0,0.0,0.0,Current,0,,0.0,,REVIEW,0.8
LN003503,10,0.0,0.0,0.0,0.0,Current,0,,0.0,,REVIEW,0.8
LN003503,11,0.0,0.0,0.0,0.0,Current,0,,0.0,,REVIEW,0.8
LN003503,12,0.0,0.0,0.0,0.0,Current,0,,0.0,,REVIEW,0.8
LN003503,13,0.0,0.0,0.0,0.0,Current,0,,0.0,,REVIEW,0.8
LN003503,14,0.0,0.0,0.0,0.0,Current,0,,0.0,,REVIEW,0.8
LN003503,15,0.0,0.0,0.0,0.0,Current,0,,0.0,,REVIEW,0.8
LN003503,16,0.0,0.0,0.0,0.0,Current,0,,0.0,,REVIEW,0.8
LN003503,17,0.0,0.0,0.0,0.0,Current,0,,0.0,,REVIEW,0.8
LN003503,18,0.0,0.0,0.0,0.0,Current,0,,0.0,,REVIEW,0.8
LN003503,19,0.0,0.0,0.0,0.0,Current,0,,0.0,,REVIEW,0.8
LN003503,20,0.0,0.0,0.0,0.0,Current,0,,0.0,,REVIEW,0.8
LN003503,21,0.0,0.0,0.0,0.0,Current,0,,0.0,,REVIEW,0.8
LN003503,22,0.0,0.0,0.0,0.0,Current,0,,0.0,,REVIEW,0.8
LN003503,23,0.0,0.0,0.0,0.0,Current,0,,0.0,,REVIEW,0.8
LN003503,24,0.0,0.0,0.0,0.0,Current,0,,0.0,,REVIEW,0.8
LN003504,1,0.0,0.0,0.0,0.0,Current,0,,0.0,,REVIEW,0.8
LN003504,2,0.0,0.0,0.0,0.0,Current,0,,0.0,,REVIEW,0.8
LN003504,3,0.0,0.0,0.0,0.0,Current,0,,0.0,,REVIEW,0.8
LN003504,4,0.0,0.0,0.0,0.0,Current,0,,0.0,,REVIEW,0.8
LN003504,5,0.0,0.0,0.0,0.0,Current,0,,0.0,,REVIEW,0.8
LN003504,6,0.0,0.0,0.0,0.0,Current,0,,0.0,,REVIEW,0.8
LN003504,7,0.0,0.0,0.0,0.0,Current,0,,0.0,,REVIEW,0.8
LN003504,8,0.0,0.0,0.0,0.0,Current,0,,0.0,,REVIEW,0.8
LN003504,9,0.0,0.0,0.0,0.0,Current,0,,0.0,,REVIEW,0.8
LN003504,10,0.0,0.0,0.0,0.0,Current,0,,0.0,,REVIEW,0.8
LN003504,11,0.0,0.0,0.0,0.0,Current,0,,0.0,,REVIEW,0.8
LN003504,12,0.0,0.0,0.0,0.0,Current,0,,0.0,,REVIEW,0.8
LN003504,13,0.0,0.0,0.0,0.0,Current,0,,0.0,,REVIEW,0.8
LN003504,14,0.0,0.0,0.0,0.0,Current,0,,0.0,,REVIEW,0.8
LN003504,15,0.0,0.0,0.0,0.0,Current,0,,0.0,,REVIEW,0.8
LN003504,16,0.0,0.0,0.0,0.0,Current,0,,0.0,,REVIEW,0.8
LN003504,17,0.0,0.0,0.0,0.0,Current,0,,0.0,,REVIEW,0.8
LN003504,18,0.0,0.0,0.0,0.0,Current,0,,0.0,,REVIEW,0.8
LN003504,19,0.0,0.0,0.0,0.0,Current,0,,0.0,,REVIEW,0.8
LN003504,20,0.0,0.0,0.0,0.0,Current,0,,0.0,,REVIEW,0.8
LN003504,21,0.0,0.0,0.0,0.0,Current,0,,0.0,,REVIEW,0.8
LN003504,22,0.0,0.0,0.0,0.0,Current,0,,0.0,,REVIEW,0.8
LN003504,23,0.0,0.0,0.0,0.0,Current,0,,0.0,,REVIEW,0.8
LN003504,24,0.0,0.0,0.0,0.0,Current,0,,0.0,,REVIEW,0.8
LN003505,1,0.0,0.0,0.0,0.0,Current,0,,0.0,,REVIEW,0.8
LN003506,1,0.0,0.0,0.0,0.0,Current,0,,0.0,,REVIEW,0.8
LN003506,2,0.0,0.0,0.0,0.0,Current,0,,0.0,,REVIEW,0.8
LN003506,3,0.0,0.0,0.0,0.0,Current,0,,0.0,,REVIEW,0.8
LN003506,4,0.0,0.0,0.0,0.0,Current,0,,0.0,,REVIEW,0.8
LN003506,5,0.0,0.0,0.0,0.0,Current,0,,0.0,,REVIEW,0.8
LN003506,6,0.0,0.0,0.0,0.0,Current,0,,0.0,,REVIEW,0.8
LN003506,7,0.0,0.0,0.0,0.0,Current,0,,0.0,,REVIEW,0.8
LN003506,8,0.0,0.0,0.0,0.0,Current,0,,0.0,,REVIEW,0.8
LN003506,9,0.0,0.0,0.0,0.0,Current,0,,0.0,,REVIEW,0.8
LN003506,10,0.0,0.0,0.0,0.0,Current,0,,0.0,,REVIEW,0.8
LN003506,11,0.0,0.0,0.0,0.0,Current,0,,0.0,,REVIEW,0.8
LN003507,1,0.0,0.0,0.0,0.0,Current,0,,0.0,,REVIEW,0.8
LN003507,2,0.0,0.0,0.0,0.0,Current,0,,0.0,,REVIEW,0.8
LN003507,3,0.0,0.0,0.0,0.0,Current,0,,0.0,,REVIEW,0.8
LN003507,4,0.0,0.0,0.0,0.0,Current,0,,0.0,,REVIEW,0.8
LN003507,5,0.0,0.0,0.0,0.0,Current,0,,0.0,,REVIEW,0.8
LN003507,6,0.0,0.0,0.0,0.0,Current,0,,0.0,,REVIEW,0.8
LN003507,7,0.0,0.0,0.0,0.0,Current,0,,0.0,,REVIEW,0.8
LN003507,8,0.0,0.0,0.0,0.0,Current,0,,0.0,,REVIEW,0.8
LN003507,9,0.0,0.0,0.0,0.0,Current,0,,0.0,,REVIEW,0.8
LN003508,1,0.0,0.0,0.0,0.0,Current,0,,0.0,,REVIEW,0.8
LN003508,2,0.0,0.0,0.0,0.0,Current,0,,0.0,,REVIEW,0.8
LN003508,3,0.0,0.0,0.0,0.0,Current,0,,0.0,,REVIEW,0.8
LN003508,4,0.0,0.0,0.0,0.0,Current,0,,0.0,,REVIEW,0.8
LN003508,5,0.0,0.0,0.0,0.0,Current,0,,0.0,,REVIEW,0.8
LN003508,6,0.0,0.0,0.0,0.0,Current,0,,0.0,,REVIEW,0.8
LN003508,7,0.0,0.0,0.0,0.0,Current,0,,0.0,,REVIEW,0.8
LN003508,8,0.0,0.0,0.0,0.0,Current,0,,0.0,,REVIEW,0.8
LN003508,9,0.0,0.0,0.0,0.0,Current,0,,0.0,,REVIEW,0.8
LN003508,10,0.0,0.0,0.0,0.0,Current,0,,0.0,,REVIEW,0.8
LN003508,11,0.0,0.0,0.0,0.0,Current,0,,0.0,,REVIEW,0.8
LN003508,12,0.0,0.0,0.0,0.0,Current,0,,0.0,,REVIEW,0.8
LN003508,13,0.0,0.0,0.0,0.0,Current,0,,0.0,,REVIEW,0.8
LN003508,14,0.0,0.0,0.0,0.0,Current,0,,0.0,,REVIEW,0.8
LN003508,15,0.0,0.0,0.0,0.0,Current,0,,0.0,,REVIEW,0.8
LN003508,16,0.0,0.0,0.0,0.0,Current,0,,0.0,,REVIEW,0.8
LN003508,17,0.0,0.0,0.0,0.0,Current,0,,0.0,,REVIEW,0.8
LN003508,18,0.0,0.0,0.0,0.0,Current,0,,0.0,,REVIEW,0.8
LN003508,19,0.0,0.0,0.0,0.0,Current,0,,0.0,,REVIEW,0.8
LN003508,20,0.0,0.0,0.0,0.0,Current,0,,0.0,,REVIEW,0.8
LN003508,21,0.0,0.0,0.0,0.0,Current,0,,0.0,,REVIEW,0.8
LN003508,22,0.0,0.0,0.0,0.0,Current,0,,0.0,,REVIEW,0.8
LN003508,23,0.0,0.0,0.0,0.0,Current,0,,0.0,,REVIEW,0.8
LN003508,24,0.0,0.0,0.0,0.0,Current,0,,0.0,,REVIEW,0.8
LN003509,1,0.0,0.0,0.0,0.0,Current,0,,0.0,,REVIEW,0.8
LN003509,2,0.0,0.0,0.0,0.0,Current,0,,0.0,,REVIEW,0.8
LN003509,3,0.0,0.0,0.0,0.0,Current,0,,0.0,,REVIEW,0.8
LN003509,4,0.0,0.0,0.0,0.0,Current,0,,0.0,,REVIEW,0.8
LN003509,5,0.0,0.0,0.0,0.0,Current,0,,0.0,,REVIEW,0.8
LN003509,6,0.0,0.0,0.0,0.0,Current,0,,0.0,,REVIEW,0.8
LN003509,7,0.0,0.0,0.0,0.0,Current,0,,0.0,,REVIEW,0.8
LN003509,8,0.0,0.0,0.0,0.0,Current,0,,0.0,,REVIEW,0.8
LN003509,9,0.0,0.0,0.0,0.0,Current,0,,0.0,,REVIEW,0.8
LN003509,10,0.0,0.0,0.0,0.0,Current,0,,0.0,,REVIEW,0.8
LN003509,11,0.0,0.0,0.0,0.0,Current,0,,0.0,,REVIEW,0.8
LN003509,12,0.0,0.0,0.0,0.0,Current,0,,0.0,,REVIEW,0.8
LN003509,13,0.0,0.0,0.0,0.0,Current,0,,0.0,,REVIEW,0.8
LN003509,14,0.0,0.0,0.0,0.0,Current,0,,0.0,,REVIEW,0.8
LN003509,15,0.0,0.0,0.0,0.0,Current,0,,0.0,,REVIEW,0.8
LN003509,16,0.0,0.0,0.0,0.0,Current,0,,0.0,,REVIEW,0.8
LN003509,17,0.0,0.0,0.0,0.0,Current,0,,0.0,,REVIEW,0.8
LN003509,18,0.0,0.0,0.0,0.0,Current,0,,0.0,,REVIEW,0.8
LN003509,19,0.0,0.0,0.0,0.0,Current,0,,0.0,,REVIEW,0.8
LN003509,20,0.0,0.0,0.0,0.0,Current,0,,0.0,,REVIEW,0.8
LN003509,21,0.0,0.0,0.0,0.0,Current,0,,0.0,,REVIEW,0.8
LN003509,22,0.0,0.0,0.0,0.0,Current,0,,0.0,,REVIEW,0.8
LN003509,23,0.0,0.0,0.0,0.0,Current,0,,0.0,,REVIEW,0.8
LN003509,24,0.0,0.0,0.0,0.0,Current,0,,0.0,,REVIEW,0.8
LN003510,1,0.0,0.0,0.0,0.0,Current,0,,0.0,,REVIEW,0.8
LN003510,2,0.0,0.0,0.0,0.0,Current,0,,0.0,,REVIEW,0.8
LN003510,3,0.0,0.0,0.0,0.0,Current,0,,0.0,,REVIEW,0.8
LN003510,4,0.0,0.0,0.0,0.0,Current,0,,0.0,,REVIEW,0.8
LN003510,5,0.0,0.0,0.0,0.0,Current,0,,0.0,,REVIEW,0.8
LN003510,6,0.0,0.0,0.0,0.0,Current,0,,0.0,,REVIEW,0.8
LN003510,7,0.0,0.0,0.0,0.0,Current,0,,0.0,,REVIEW,0.8
LN003510,8,0.0,0.0,0.0,0.0,Current,0,,0.0,,REVIEW,0.8
LN003510,9,0.0,0.0,0.0,0.0,Current,0,,0.0,,REVIEW,0.8
LN003510,10,0.0,0.0,0.0,0.0,Current,0,,0.0,,REVIEW,0.8
LN003510,11,0.0,0.0,0.0,0.0,Current,0,,0.0,,REVIEW,0.8
LN003510,12,0.0,0.0,0.0,0.0,Current,0,,0.0,,REVIEW,0.8
LN003510,13,0.0,0.0,0.0,0.0,Current,0,,0.0,,REVIEW,0.8
LN003510,14,0.0,0.0,0.0,0.0,Current,0,,0.0,,REVIEW,0.8
LN003510,15,0.0,0.0,0.0,0.0,Current,0,,0.0,,REVIEW,0.8
LN003510,16,0.0,0.0,0.0,0.0,Current,0,,0.0,,REVIEW,0.8
LN003510,17,0.0,0.0,0.0,0.0,Current,0,,0.0,,REVIEW,0.8
LN003510,18,0.0,0.0,0.0,0.0,Current,0,,0.0,,REVIEW,0.8
LN003510,19,0.0,0.0,0.0,0.0,Current,0,,0.0,,REVIEW,0.8
LN003510,20,0.0,0.0,0.0,0.0,Current,0,,0.0,,REVIEW,0.8
LN003510,21,0.0,0.0,0.0,0.0,Current,0,,0.0,,REVIEW,0.8
LN003510,22,0.0,0.0,0.0,0.0,Current,0,,0.0,,REVIEW,0.8
LN003510,23,0.0,0.0,0.0,0.0,Current,0,,0.0,,REVIEW,0.8
LN003511,1,0.0,0.0,0.0,0.0,Current,0,,0.0,,REVIEW,0.8
LN003511,2,0.0,0.0,0.0,0.0,Current,0,,0.0,,REVIEW,0.8
LN003511,3,0.0,0.0,0.0,0.0,Current,0,,0.0,,REVIEW,0.8
LN003511,4,0.0,0.0,0.0,0.0,Current,0,,0.0,,REVIEW,0.8
LN003511,5,0.0,0.0,0.0,0.0,Current,0,,0.0,,REVIEW,0.8
LN003511,6,0.0,0.0,0.0,0.0,Current,0,,0.0,,REVIEW,0.8
LN003511,7,0.0,0.0,0.0,0.0,Current,0,,0.0,,REVIEW,0.8
LN003511,8,0.0,0.0,0.0,0.0,Current,0,,0.0,,REVIEW,0.8
LN003511,9,0.0,0.0,0.0,0.0,Current,0,,0.0,,REVIEW,0.8
LN003511,10,0.0,0.0,0.0,0.0,Current,0,,0.0,,REVIEW,0.8
LN003511,11,0.0,0.0,0.0,0.0,Current,0,,0.0,,REVIEW,0.8
LN003511,12,0.0,0.0,0.0,0.0,Current,0,,0.0,,REVIEW,0.8
LN003511,13,0.0,0.0,0.0,0.0,Current,0,,0.0,,REVIEW,0.8
LN003511,14,0.0,0.0,0.0,0.0,Current,0,,0.0,,REVIEW,0.8
LN003511,15,0.0,0.0,0.0,0.0,Current,0,,0.0,,REVIEW,0.8
LN003511,16,0.0,0.0,0.0,0.0,Current,0,,0.0,,REVIEW,0.8
LN003511,17,0.0,0.0,0.0,0.0,Current,0,,0.0,,REVIEW,0.8
LN003511,18,0.0,0.0,0.0,0.0,Current,0,,0.0,,REVIEW,0.8
LN003511,19,0.0,0.0,0.0,0.0,Current,0,,0.0,,REVIEW,0.8
LN003511,20,0.0,0.0,0.0,0.0,Current,0,,0.0,,REVIEW,0.8
LN003511,21,0.0,0.0,0.0,0.0,Current,0,,0.0,,REVIEW,0.8
LN003511,22,0.0,0.0,0.0,0.0,Current,0,,0.0,,REVIEW,0.8
LN003511,23,0.0,0.0,0.0,0.0,Current,0,,0.0,,REVIEW,0.8
LN003511,24,0.0,0.0,0.0,0.0,Current,0,,0.0,,REVIEW,0.8
LN003512,1,0.0,0.0,0.0,0.0,Current,0,,0.0,,REVIEW,0.8
LN003512,2,0.0,0.0,0.0,0.0,Current,0,,0.0,,REVIEW,0.8
LN003512,3,0.0,0.0,0.0,0.0,Current,0,,0.0,,REVIEW,0.8
LN003512,4,0.0,0.0,0.0,0.0,Current,0,,0.0,,REVIEW,0.8
LN003512,5,0.0,0.0,0.0,0.0,Current,0,,0.0,,REVIEW,0.8
LN003512,6,0.0,0.0,0.0,0.0,Current,0,,0.0,,REVIEW,0.8
LN003512,7,0.0,0.0,0.0,0.0,Current,0,,0.0,,REVIEW,0.8
LN003512,8,0.0,0.0,0.0,0.0,Current,0,,0.0,,REVIEW,0.8
LN003512,9,0.0,0.0,0.0,0.0,Current,0,,0.0,,REVIEW,0.8
LN003512,10,0.0,0.0,0.0,0.0,Current,0,,0.0,,REVIEW,0.8
LN003513,1,0.0,0.0,0.0,0.0,Current,0,,0.0,,REVIEW,0.8
LN003513,2,0.0,0.0,0.0,0.0,Current,0,,0.0,,REVIEW,0.8
LN003513,3,0.0,0.0,0.0,0.0,Current,0,,0.0,,REVIEW,0.8
LN003513,4,0.0,0.0,0.0,0.0,Current,0,,0.0,,REVIEW,0.8
LN003513,5,0.0,0.0,0.0,0.0,Current,0,,0.0,,REVIEW,0.8
LN003513,6,0.0,0.0,0.0,0.0,Current,0,,0.0,,REVIEW,0.8
LN003513,7,0.0,0.0,0.0,0.0,Current,0,,0.0,,REVIEW,0.8
LN003513,8,0.0,0.0,0.0,0.0,Current,0,,0.0,,REVIEW,0.8
LN003513,9,0.0,0.0,0.0,0.0,Current,0,,0.0,,REVIEW,0.8
LN003513,10,0.0,0.0,0.0,0.0,Current,0,,0.0,,REVIEW,0.8
LN003513,11,0.0,0.0,0.0,0.0,Current,0,,0.0,,REVIEW,0.8
LN003513,12,0.0,0.0,0.0,0.0,Current,0,,0.0,,REVIEW,0.8
LN003513,13,0.0,0.0,0.0,0.0,Current,0,,0.0,,REVIEW,0.8
LN003513,14,0.0,0.0,0.0,0.0,Current,0,,0.0,,REVIEW,0.8
LN003513,15,0.0,0.0,0.0,0.0,Current,0,,0.0,,REVIEW,0.8
LN003513,16,0.0,0.0,0.0,0.0,Current,0,,0.0,,REVIEW,0.8
LN003513,17,0.0,0.0,0.0,0.0,Current,0,,0.0,,REVIEW,0.8
LN003513,18,0.0,0.0,0.0,0.0,Current,0,,0.0,,REVIEW,0.8
LN003513,19,0.0,0.0,0.0,0.0,Current,0,,0.0,,REVIEW,0.8
LN003513,20,0.0,0.0,0.0,0.0,Current,0,,0.0,,REVIEW,0.8
LN003513,21,0.0,0.0,0.0,0.0,Current,0,,0.0,,REVIEW,0.8
LN003513,22,0.0,0.0,0.0,0.0,Current,0,,0.0,,REVIEW,0.8
LN003513,23,0.0,0.0,0.0,0.0,Current,0,,0.0,,REVIEW,0.8
LN003513,24,0.0,0.0,0.0,0.0,Current,0,,0.0,,REVIEW,0.8
LN003514,1,0.0,0.0,0.0,0.0,Current,0,,0.0,,REVIEW,0.8
LN003514,2,0.0,0.0,0.0,0.0,Current,0,,0.0,,REVIEW,0.8
LN003514,3,0.0,0.0,0.0,0.0,Current,0,,0.0,,REVIEW,0.8
LN003514,4,0.0,0.0,0.0,0.0,Current,0,,0.0,,REVIEW,0.8
LN003514,5,0.0,0.0,0.0,0.0,Current,0,,0.0,,REVIEW,0.8
LN003514,6,0.0,0.0,0.0,0.0,Current,0,,0.0,,REVIEW,0.8
LN003514,7,0.0,0.0,0.0,0.0,Current,0,,0.0,,REVIEW,0.8
LN003514,8,0.0,0.0,0.0,0.0,Current,0,,0.0,,REVIEW,0.8
LN003514,9,0.0,0.0,0.0,0.0,Current,0,,0.0,,REVIEW,0.8
LN003514,10,0.0,0.0,0.0,0.0,Current,0,,0.0,,REVIEW,0.8
LN003514,11,0.0,0.0,0.0,0.0,Current,0,,0.0,,REVIEW,0.8
LN003514,12,0.0,0.0,0.0,0.0,Current,0,,0.0,,REVIEW,0.8
LN003514,13,0.0,0.0,0.0,0.0,Current,0,,0.0,,REVIEW,0.8
LN003514,14,0.0,0.0,0.0,0.0,Current,0,,0.0,,REVIEW,0.8
LN003514,15,0.0,0.0,0.0,0.0,Current,0,,0.0,,REVIEW,0.8
LN003514,16,0.0,0.0,0.0,0.0,Current,0,,0.0,,REVIEW,0.8
LN003514,17,0.0,0.0,0.0,0.0,Current,0,,0.0,,REVIEW,0.8
LN003514,18,0.0,0.0,0.0,0.0,Current,0,,0.0,,REVIEW,0.8
LN003514,19,0.0,0.0,0.0,0.0,Current,0,,0.0,,REVIEW,0.8
LN003514,20,0.0,0.0,0.0,0.0,Current,0,,0.0,,REVIEW,0.8
LN003514,21,0.0,0.0,0.0,0.0,Current,0,,0.0,,REVIEW,0.8
LN003514,22,0.0,0.0,0.0,0.0,Current,0,,0.0,,REVIEW,0.8
LN003514,23,0.0,0.0,0.0,0.0,Current,0,,0.0,,REVIEW,0.8
LN003514,24,0.0,0.0,0.0,0.0,Current,0,,0.0,,REVIEW,0.8
LN003515,1,0.0,0.0,0.0,0.0,Current,0,,0.0,,REVIEW,0.8
LN003515,2,0.0,0.0,0.0,0.0,Current,0,,0.0,,REVIEW,0.8
LN003515,3,0.0,0.0,0.0,0.0,Current,0,,0.0,,REVIEW,0.8
LN003515,4,0.0,0.0,0.0,0.0,Current,0,,0.0,,REVIEW,0.8
LN003515,5,0.0,0.0,0.0,0.0,Current,0,,0.0,,REVIEW,0.8
LN003516,1,0.0,0.0,0.0,0.0,Current,0,,0.0,,REVIEW,0.8
LN003516,2,0.0,0.0,0.0,0.0,Current,0,,0.0,,REVIEW,0.8
LN003516,3,0.0,0.0,0.0,0.0,Current,0,,0.0,,REVIEW,0.8
LN003516,4,0.0,0.0,0.0,0.0,Current,0,,0.0,,REVIEW,0.8
LN003516,5,0.0,0.0,0.0,0.0,Current,0,,0.0,,REVIEW,0.8
LN003516,6,0.0,0.0,0.0,0.0,Current,0,,0.0,,REVIEW,0.8
LN003516,7,0.0,0.0,0.0,0.0,Current,0,,0.0,,REVIEW,0.8
LN003516,8,0.0,0.0,0.0,0.0,Current,0,,0.0,,REVIEW,0.8
LN003516,9,0.0,0.0,0.0,0.0,Current,0,,0.0,,REVIEW,0.8
LN003516,10,0.0,0.0,0.0,0.0,Current,0,,0.0,,REVIEW,0.8
LN003516,11,0.0,0.0,0.0,0.0,Current,0,,0.0,,REVIEW,0.8
LN003516,12,0.0,0.0,0.0,0.0,Current,0,,0.0,,REVIEW,0.8
LN003516,13,0.0,0.0,0.0,0.0,Current,0,,0.0,,REVIEW,0.8
LN003516,14,0.0,0.0,0.0,0.0,Current,0,,0.0,,REVIEW,0.8
LN003516,15,0.0,0.0,0.0,0.0,Current,0,,0.0,,REVIEW,0.8
LN003516,16,0.0,0.0,0.0,0.0,Current,0,,0.0,,REVIEW,0.8
LN003516,17,0.0,0.0,0.0,0.0,Current,0,,0.0,,REVIEW,0.8
LN003516,18,0.0,0.0,0.0,0.0,Current,0,,0.0,,REVIEW,0.8
LN003516,19,0.0,0.0,0.0,0.0,Current,0,,0.0,,REVIEW,0.8
LN003516,20,0.0,0.0,0.0,0.0,Current,0,,0.0,,REVIEW,0.8
LN003516,21,0.0,0.0,0.0,0.0,Current,0,,0.0,,REVIEW,0.8
LN003516,22,0.0,0.0,0.0,0.0,Current,0,,0.0,,REVIEW,0.8
LN003516,23,0.0,0.0,0.0,0.0,Current,0,,0.0,,REVIEW,0.8
LN003516,24,0.0,0.0,0.0,0.0,Current,0,,0.0,,REVIEW,0.8
LN003517,1,0.0,0.0,0.0,0.0,Current,0,,0.0,,REVIEW,0.8
LN003517,2,0.0,0.0,0.0,0.0,Current,0,,0.0,,REVIEW,0.8
LN003517,3,0.0,0.0,0.0,0.0,Current,0,,0.0,,REVIEW,0.8
LN003517,4,0.0,0.0,0.0,0.0,Current,0,,0.0,,REVIEW,0.8
LN003517,5,0.0,0.0,0.0,0.0,Current,0,,0.0,,REVIEW,0.8
LN003517,6,0.0,0.0,0.0,0.0,Current,0,,0.0,,REVIEW,0.8
LN003517,7,0.0,0.0,0.0,0.0,Current,0,,0.0,,REVIEW,0.8
LN003517,8,0.0,0.0,0.0,0.0,Current,0,,0.0,,REVIEW,0.8
LN003517,9,0.0,0.0,0.0,0.0,Current,0,,0.0,,REVIEW,0.8
LN003517,10,0.0,0.0,0.0,0.0,Current,0,,0.0,,REVIEW,0.8
LN003517,11,0.0,0.0,0.0,0.0,Current,0,,0.0,,REVIEW,0.8
LN003517,12,0.0,0.0,0.0,0.0,Current,0,,0.0,,REVIEW,0.8
LN003517,13,0.0,0.0,0.0,0.0,Current,0,,0.0,,REVIEW,0.8
LN003517,14,0.0,0.0,0.0,0.0,Current,0,,0.0,,REVIEW,0.8
LN003517,15,0.0,0.0,0.0,0.0,Current,0,,0.0,,REVIEW,0.8
LN003517,16,0.0,0.0,0.0,0.0,Current,0,,0.0,,REVIEW,0.8
LN003517,17,0.0,0.0,0.0,0.0,Current,0,,0.0,,REVIEW,0.8
LN003517,18,0.0,0.0,0.0,0.0,Current,0,,0.0,,REVIEW,0.8
LN003517,19,0.0,0.0,0.0,0.0,Current,0,,0.0,,REVIEW,0.8
LN003517,20,0.0,0.0,0.0,0.0,Current,0,,0.0,,REVIEW,0.8
LN003517,21,0.0,0.0,0.0,0.0,Current,0,,0.0,,REVIEW,0.8
LN003517,22,0.0,0.0,0.0,0.0,Current,0,,0.0,,REVIEW,0.8
LN003517,23,0.0,0.0,0.0,0.0,Current,0,,0.0,,REVIEW,0.8
LN003517,24,0.0,0.0,0.0,0.0,Current,0,,0.0,,REVIEW,0.8
LN003518,1,0.0,0.0,0.0,0.0,Current,0,,0.0,,REVIEW,0.8
LN003518,2,0.0,0.0,0.0,0.0,Current,0,,0.0,,REVIEW,0.8
LN003518,3,0.0,0.0,0.0,0.0,Current,0,,0.0,,REVIEW,0.8
LN003518,4,0.0,0.0,0.0,0.0,Current,0,,0.0,,REVIEW,0.8
LN003518,5,0.0,0.0,0.0,0.0,Current,0,,0.0,,REVIEW,0.8
LN003518,6,0.0,0.0,0.0,0.0,Current,0,,0.0,,REVIEW,0.8
LN003518,7,0.0,0.0,0.0,0.0,Current,0,,0.0,,REVIEW,0.8
LN003518,8,0.0,0.0,0.0,0.0,Current,0,,0.0,,REVIEW,0.8
LN003518,9,0.0,0.0,0.0,0.0,Current,0,,0.0,,REVIEW,0.8
LN003518,10,0.0,0.0,0.0,0.0,Current,0,,0.0,,REVIEW,0.8
LN003518,11,0.0,0.0,0.0,0.0,Current,0,,0.0,,REVIEW,0.8
LN003518,12,0.0,0.0,0.0,0.0,Current,0,,0.0,,REVIEW,0.8
LN003518,13,0.0,0.0,0.0,0.0,Current,0,,0.0,,REVIEW,0.8
LN003518,14,0.0,0.0,0.0,0.0,Current,0,,0.0,,REVIEW,0.8
LN003518,15,0.0,0.0,0.0,0.0,Current,0,,0.0,,REVIEW,0.8
LN003518,16,0.0,0.0,0.0,0.0,Current,0,,0.0,,REVIEW,0.8
LN003518,17,0.0,0.0,0.0,0.0,Current,0,,0.0,,REVIEW,0.8
LN003518,18,0.0,0.0,0.0,0.0,Current,0,,0.0,,REVIEW,0.8
LN003518,19,0.0,0.0,0.0,0.0,Current,0,,0.0,,REVIEW,0.8
LN003518,20,0.0,0.0,0.0,0.0,Current,0,,0.0,,REVIEW,0.8
LN003518,21,0.0,0.0,0.0,0.0,Current,0,,0.0,,REVIEW,0.8
LN003518,22,0.0,0.0,0.0,0.0,Current,0,,0.0,,REVIEW,0.8
LN003518,23,0.0,0.0,0.0,0.0,Current,0,,0.0,,REVIEW,0.8
LN003518,24,0.0,0.0,0.0,0.0,Current,0,,0.0,,REVIEW,0.8
LN003519,1,0.0,0.0,0.0,0.0,Current,0,,0.0,,REVIEW,0.8
LN003519,2,0.0,0.0,0.0,0.0,Current,0,,0.0,,REVIEW,0.8
LN003519,3,0.0,0.0,0.0,0.0,Current,0,,0.0,,REVIEW,0.8
LN003519,4,0.0,0.0,0.0,0.0,Current,0,,0.0,,REVIEW,0.8
LN003519,5,0.0,0.0,0.0,0.0,Current,0,,0.0,,REVIEW,0.8
LN003519,6,0.0,0.0,0.0,0.0,Current,0,,0.0,,REVIEW,0.8
LN003519,7,0.0,0.0,0.0,0.0,Current,0,,0.0,,REVIEW,0.8
LN003519,8,0.0,0.0,0.0,0.0,Current,0,,0.0,,REVIEW,0.8
LN003519,9,0.0,0.0,0.0,0.0,Current,0,,0.0,,REVIEW,0.8
LN003519,10,0.0,0.0,0.0,0.0,Current,0,,0.0,,REVIEW,0.8
LN003519,11,0.0,0.0,0.0,0.0,Current,0,,0.0,,REVIEW,0.8
LN003519,12,0.0,0.0,0.0,0.0,Current,0,,0.0,,REVIEW,0.8
LN003519,13,0.0,0.0,0.0,0.0,Current,0,,0.0,,REVIEW,0.8
LN003519,14,0.0,0.0,0.0,0.0,Current,0,,0.0,,REVIEW,0.8
LN003519,15,0.0,0.0,0.0,0.0,Current,0,,0.0,,REVIEW,0.8
LN003519,16,0.0,0.0,0.0,0.0,Current,0,,0.0,,REVIEW,0.8
LN003519,17,0.0,0.0,0.0,0.0,Current,0,,0.0,,REVIEW,0.8
LN003519,18,0.0,0.0,0.0,0.0,Current,0,,0.0,,REVIEW,0.8
LN003519,19,0.0,0.0,0.0,0.0,Current,0,,0.0,,REVIEW,0.8
LN003519,20,0.0,0.0,0.0,0.0,Current,0,,0.0,,REVIEW,0.8
LN003519,21,0.0,0.0,0.0,0.0,Current,0,,0.0,,REVIEW,0.8
LN003519,22,0.0,0.0,0.0,0.0,Current,0,,0.0,,REVIEW,0.8
LN003519,23,0.0,0.0,0.0,0.0,Current,0,,0.0,,REVIEW,0.8
LN003519,24,0.0,0.0,0.0,0.0,Current,0,,0.0,,REVIEW,0.8
LN003520,1,0.0,0.0,0.0,0.0,Current,0,,0.0,,REVIEW,0.8
LN003520,2,0.0,0.0,0.0,0.0,Current,0,,0.0,,REVIEW,0.8
LN003520,3,0.0,0.0,0.0,0.0,Current,0,,0.0,,REVIEW,0.8
LN003520,4,0.0,0.0,0.0,0.0,Current,0,,0.0,,REVIEW,0.8
LN003520,5,0.0,0.0,0.0,0.0,Current,0,,0.0,,REVIEW,0.8
LN003520,6,0.0,0.0,0.0,0.0,Current,0,,0.0,,REVIEW,0.8
LN003520,7,0.0,0.0,0.0,0.0,Current,0,,0.0,,REVIEW,0.8
LN003520,8,0.0,0.0,0.0,0.0,Current,0,,0.0,,REVIEW,0.8
LN003520,9,0.0,0.0,0.0,0.0,Current,0,,0.0,,REVIEW,0.8
LN003520,10,0.0,0.0,0.0,0.0,Current,0,,0.0,,REVIEW,0.8
LN003520,11,0.0,0.0,0.0,0.0,Current,0,,0.0,,REVIEW,0.8
LN003520,12,0.0,0.0,0.0,0.0,Current,0,,0.0,,REVIEW,0.8
LN003520,13,0.0,0.0,0.0,0.0,Current,0,,0.0,,REVIEW,0.8
LN003520,14,0.0,0.0,0.0,0.0,Current,0,,0.0,,REVIEW,0.8
LN003520,15,0.0,0.0,0.0,0.0,Current,0,,0.0,,REVIEW,0.8
LN003520,16,0.0,0.0,0.0,0.0,Current,0,,0.0,,REVIEW,0.8
LN003520,17,0.0,0.0,0.0,0.0,Current,0,,0.0,,REVIEW,0.8
LN003520,18,0.0,0.0,0.0,0.0,Current,0,,0.0,,REVIEW,0.8
LN003520,19,0.0,0.0,0.0,0.0,Current,0,,0.0,,REVIEW,0.8
LN003520,20,0.0,0.0,0.0,0.0,Current,0,,0.0,,REVIEW,0.8
LN003520,21,0.0,0.0,0.0,0.0,Current,0,,0.0,,REVIEW,0.8
LN003520,22,0.0,0.0,0.0,0.0,Current,0,,0.0,,REVIEW,0.8
LN003520,23,0.0,0.0,0.0,0.0,Current,0,,0.0,,REVIEW,0.8
LN003520,24,0.0,0.0,0.0,0.0,Current,0,,0.0,,REVIEW,0.8
LN003521,1,0.0,0.0,0.0,0.0,Current,0,,0.0,,REVIEW,0.8
LN003521,2,0.0,0.0,0.0,0.0,Current,0,,0.0,,REVIEW,0.8
LN003521,3,0.0,0.0,0.0,0.0,Current,0,,0.0,,REVIEW,0.8
LN003521,4,0.0,0.0,0.0,0.0,Current,0,,0.0,,REVIEW,0.8
LN003521,5,0.0,0.0,0.0,0.0,Current,0,,0.0,,REVIEW,0.8
LN003521,6,0.0,0.0,0.0,0.0,Current,0,,0.0,,REVIEW,0.8
LN003521,7,0.0,0.0,0.0,0.0,Current,0,,0.0,,REVIEW,0.8
LN003521,8,0.0,0.0,0.0,0.0,Current,0,,0.0,,REVIEW,0.8
LN003521,9,0.0,0.0,0.0,0.0,Current,0,,0.0,,REVIEW,0.8
LN003521,10,0.0,0.0,0.0,0.0,Current,0,,0.0,,REVIEW,0.8
LN003521,11,0.0,0.0,0.0,0.0,Current,0,,0.0,,REVIEW,0.8
LN003521,12,0.0,0.0,0.0,0.0,Current,0,,0.0,,REVIEW,0.8
LN003521,13,0.0,0.0,0.0,0.0,Current,0,,0.0,,REVIEW,0.8
LN003521,14,0.0,0.0,0.0,0.0,Current,0,,0.0,,REVIEW,0.8
LN003521,15,0.0,0.0,0.0,0.0,Current,0,,0.0,,REVIEW,0.8
LN003521,16,0.0,0.0,0.0,0.0,Current,0,,0.0,,REVIEW,0.8
LN003521,17,0.0,0.0,0.0,0.0,Current,0,,0.0,,REVIEW,0.8
LN003521,18,0.0,0.0,0.0,0.0,Current,0,,0.0,,REVIEW,0.8
LN003521,19,0.0,0.0,0.0,0.0,Current,0,,0.0,,REVIEW,0.8
LN003521,20,0.0,0.0,0.0,0.0,Current,0,,0.0,,REVIEW,0.8
LN003521,21,0.0,0.0,0.0,0.0,Current,0,,0.0,,REVIEW,0.8
LN003521,22,0.0,0.0,0.0,0.0,Current,0,,0.0,,REVIEW,0.8
LN003521,23,0.0,0.0,0.0,0.0,Current,0,,0.0,,REVIEW,0.8
LN003521,24,0.0,0.0,0.0,0.0,Current,0,,0.0,,REVIEW,0.8
LN003522,1,0.0,0.0,0.0,0.0,Current,0,,0.0,,REVIEW,0.8
LN003522,2,0.0,0.0,0.0,0.0,Current,0,,0.0,,REVIEW,0.8
LN003522,3,0.0,0.0,0.0,0.0,Current,0,,0.0,,REVIEW,0.8
LN003522,4,0.0,0.0,0.0,0.0,Current,0,,0.0,,REVIEW,0.8
LN003522,5,0.0,0.0,0.0,0.0,Current,0,,0.0,,REVIEW,0.8
LN003522,6,0.0,0.0,0.0,0.0,Current,0,,0.0,,REVIEW,0.8
LN003522,7,0.0,0.0,0.0,0.0,Current,0,,0.0,,REVIEW,0.8
LN003522,8,0.0,0.0,0.0,0.0,Current,0,,0.0,,REVIEW,0.8
LN003522,9,0.0,0.0,0.0,0.0,Current,0,,0.0,,REVIEW,0.8
LN003522,10,0.0,0.0,0.0,0.0,Current,0,,0.0,,REVIEW,0.8
LN003522,11,0.0,0.0,0.0,0.0,Current,0,,0.0,,REVIEW,0.8
LN003522,12,0.0,0.0,0.0,0.0,Current,0,,0.0,,REVIEW,0.8
LN003522,13,0.0,0.0,0.0,0.0,Current,0,,0.0,,REVIEW,0.8
LN003523,1,0.0,0.0,0.0,0.0,Current,0,,0.0,,REVIEW,0.8
LN003523,2,0.0,0.0,0.0,0.0,Current,0,,0.0,,REVIEW,0.8
LN003523,3,0.0,0.0,0.0,0.0,Current,0,,0.0,,REVIEW,0.8
LN003523,4,0.0,0.0,0.0,0.0,Current,0,,0.0,,REVIEW,0.8
LN003523,5,0.0,0.0,0.0,0.0,Current,0,,0.0,,REVIEW,0.8
LN003523,6,0.0,0.0,0.0,0.0,Current,0,,0.0,,REVIEW,0.8
LN003523,7,0.0,0.0,0.0,0.0,Current,0,,0.0,,REVIEW,0.8
LN003523,8,0.0,0.0,0.0,0.0,Current,0,,0.0,,REVIEW,0.8
LN003523,9,0.0,0.0,0.0,0.0,Current,0,,0.0,,REVIEW,0.8
LN003523,10,0.0,0.0,0.0,0.0,Current,0,,0.0,,REVIEW,0.8
LN003523,11,0.0,0.0,0.0,0.0,Current,0,,0.0,,REVIEW,0.8
LN003523,12,0.0,0.0,0.0,0.0,Current,0,,0.0,,REVIEW,0.8
LN003523,13,0.0,0.0,0.0,0.0,Current,0,,0.0,,REVIEW,0.8
LN003523,14,0.0,0.0,0.0,0.0,Current,0,,0.0,,REVIEW,0.8
LN003523,15,0.0,0.0,0.0,0.0,Current,0,,0.0,,REVIEW,0.8
LN003523,16,0.0,0.0,0.0,0.0,Current,0,,0.0,,REVIEW,0.8
LN003523,17,0.0,0.0,0.0,0.0,Current,0,,0.0,,REVIEW,0.8
LN003523,18,0.0,0.0,0.0,0.0,Current,0,,0.0,,REVIEW,0.8
LN003523,19,0.0,0.0,0.0,0.0,Current,0,,0.0,,REVIEW,0.8
LN003523,20,0.0,0.0,0.0,0.0,Current,0,,0.0,,REVIEW,0.8
LN003523,21,0.0,0.0,0.0,0.0,Current,0,,0.0,,REVIEW,0.8
LN003523,22,0.0,0.0,0.0,0.0,Current,0,,0.0,,REVIEW,0.8
LN003523,23,0.0,0.0,0.0,0.0,Current,0,,0.0,,REVIEW,0.8
LN003523,24,0.0,0.0,0.0,0.0,Current,0,,0.0,,REVIEW,0.8
LN003524,1,0.0,0.0,0.0,0.0,Current,0,,0.0,,REVIEW,0.8
LN003524,2,0.0,0.0,0.0,0.0,Current,0,,0.0,,REVIEW,0.8
LN003524,3,0.0,0.0,0.0,0.0,Current,0,,0.0,,REVIEW,0.8
LN003524,4,0.0,0.0,0.0,0.0,Current,0,,0.0,,REVIEW,0.8
LN003524,5,0.0,0.0,0.0,0.0,Current,0,,0.0,,REVIEW,0.8
LN003524,6,0.0,0.0,0.0,0.0,Current,0,,0.0,,REVIEW,0.8
LN003524,7,0.0,0.0,0.0,0.0,Current,0,,0.0,,REVIEW,0.8
LN003524,8,0.0,0.0,0.0,0.0,Current,0,,0.0,,REVIEW,0.8
LN003524,9,0.0,0.0,0.0,0.0,Current,0,,0.0,,REVIEW,0.8
LN003524,10,0.0,0.0,0.0,0.0,Current,0,,0.0,,REVIEW,0.8
LN003524,11,0.0,0.0,0.0,0.0,Current,0,,0.0,,REVIEW,0.8
LN003524,12,0.0,0.0,0.0,0.0,Current,0,,0.0,,REVIEW,0.8
LN003524,13,0.0,0.0,0.0,0.0,Current,0,,0.0,,REVIEW,0.8
LN003524,14,0.0,0.0,0.0,0.0,Current,0,,0.0,,REVIEW,0.8
LN003524,15,0.0,0.0,0.0,0.0,Current,0,,0.0,,REVIEW,0.8
LN003524,16,0.0,0.0,0.0,0.0,Current,0,,0.0,,REVIEW,0.8
LN003524,17,0.0,0.0,0.0,0.0,Current,0,,0.0,,REVIEW,0.8
LN003524,18,0.0,0.0,0.0,0.0,Current,0,,0.0,,REVIEW,0.8
LN003524,19,0.0,0.0,0.0,0.0,Current,0,,0.0,,REVIEW,0.8
LN003524,20,0.0,0.0,0.0,0.0,Current,0,,0.0,,REVIEW,0.8
LN003524,21,0.0,0.0,0.0,0.0,Current,0,,0.0,,REVIEW,0.8
LN003524,22,0.0,0.0,0.0,0.0,Current,0,,0.0,,REVIEW,0.8
LN003524,23,0.0,0.0,0.0,0.0,Current,0,,0.0,,REVIEW,0.8
LN003524,24,0.0,0.0,0.0,0.0,Current,0,,0.0,,REVIEW,0.8
LN003525,1,0.0,0.0,0.0,0.0,Current,0,,0.0,,REVIEW,0.8
LN003525,2,0.0,0.0,0.0,0.0,Current,0,,0.0,,REVIEW,0.8
LN003525,3,0.0,0.0,0.0,0.0,Current,0,,0.0,,REVIEW,0.8
LN003525,4,0.0,0.0,0.0,0.0,Current,0,,0.0,,REVIEW,0.8
LN003525,5,0.0,0.0,0.0,0.0,Current,0,,0.0,,REVIEW,0.8
LN003525,6,0.0,0.0,0.0,0.0,Current,0,,0.0,,REVIEW,0.8
LN003525,7,0.0,0.0,0.0,0.0,Current,0,,0.0,,REVIEW,0.8
LN003525,8,0.0,0.0,0.0,0.0,Current,0,,0.0,,REVIEW,0.8
LN003525,9,0.0,0.0,0.0,0.0,Current,0,,0.0,,REVIEW,0.8
LN003525,10,0.0,0.0,0.0,0.0,Current,0,,0.0,,REVIEW,0.8
LN003525,11,0.0,0.0,0.0,0.0,Current,0,,0.0,,REVIEW,0.8
LN003525,12,0.0,0.0,0.0,0.0,Current,0,,0.0,,REVIEW,0.8
LN003525,13,0.0,0.0,0.0,0.0,Current,0,,0.0,,REVIEW,0.8
LN003525,14,0.0,0.0,0.0,0.0,Current,0,,0.0,,REVIEW,0.8
LN003525,15,0.0,0.0,0.0,0.0,Current,0,,0.0,,REVIEW,0.8
LN003525,16,0.0,0.0,0.0,0.0,Current,0,,0.0,,REVIEW,0.8
LN003525,17,0.0,0.0,0.0,0.0,Current,0,,0.0,,REVIEW,0.8
LN003525,18,0.0,0.0,0.0,0.0,Current,0,,0.0,,REVIEW,0.8
LN003525,19,0.0,0.0,0.0,0.0,Current,0,,0.0,,REVIEW,0.8
LN003525,20,0.0,0.0,0.0,0.0,Current,0,,0.0,,REVIEW,0.8
LN003526,1,0.0,0.0,0.0,0.0,Current,0,,0.0,,REVIEW,0.8
LN003526,2,0.0,0.0,0.0,0.0,Current,0,,0.0,,REVIEW,0.8
LN003526,3,0.0,0.0,0.0,0.0,Current,0,,0.0,,REVIEW,0.8
LN003526,4,0.0,0.0,0.0,0.0,Current,0,,0.0,,REVIEW,0.8
LN003526,5,0.0,0.0,0.0,0.0,Current,0,,0.0,,REVIEW,0.8
LN003526,6,0.0,0.0,0.0,0.0,Current,0,,0.0,,REVIEW,0.8
LN003526,7,0.0,0.0,0.0,0.0,Current,0,,0.0,,REVIEW,0.8
LN003526,8,0.0,0.0,0.0,0.0,Current,0,,0.0,,REVIEW,0.8
LN003526,9,0.0,0.0,0.0,0.0,Current,0,,0.0,,REVIEW,0.8
LN003526,10,0.0,0.0,0.0,0.0,Current,0,,0.0,,REVIEW,0.8
LN003526,11,0.0,0.0,0.0,0.0,Current,0,,0.0,,REVIEW,0.8
LN003526,12,0.0,0.0,0.0,0.0,Current,0,,0.0,,REVIEW,0.8
LN003526,13,0.0,0.0,0.0,0.0,Current,0,,0.0,,REVIEW,0.8
LN003526,14,0.0,0.0,0.0,0.0,Current,0,,0.0,,REVIEW,0.8
LN003526,15,0.0,0.0,0.0,0.0,Current,0,,0.0,,REVIEW,0.8
LN003526,16,0.0,0.0,0.0,0.0,Current,0,,0.0,,REVIEW,0.8
LN003526,17,0.0,0.0,0.0,0.0,Current,0,,0.0,,REVIEW,0.8
LN003526,18,0.0,0.0,0.0,0.0,Current,0,,0.0,,REVIEW,0.8
LN003526,19,0.0,0.0,0.0,0.0,Current,0,,0.0,,REVIEW,0.8
LN003526,20,0.0,0.0,0.0,0.0,Current,0,,0.0,,REVIEW,0.8
LN003526,21,0.0,0.0,0.0,0.0,Current,0,,0.0,,REVIEW,0.8
LN003526,22,0.0,0.0,0.0,0.0,Current,0,,0.0,,REVIEW,0.8
LN003526,23,0.0,0.0,0.0,0.0,Current,0,,0.0,,REVIEW,0.8
LN003526,24,0.0,0.0,0.0,0.0,Current,0,,0.0,,REVIEW,0.8
LN003527,1,0.0,0.0,0.0,0.0,Current,0,,0.0,,REVIEW,0.8
LN003527,2,0.0,0.0,0.0,0.0,Current,0,,0.0,,REVIEW,0.8
LN003528,1,0.0,0.0,0.0,0.0,Current,0,,0.0,,REVIEW,0.8
LN003528,2,0.0,0.0,0.0,0.0,Current,0,,0.0,,REVIEW,0.8
LN003528,3,0.0,0.0,0.0,0.0,Current,0,,0.0,,REVIEW,0.8
LN003528,4,0.0,0.0,0.0,0.0,Current,0,,0.0,,REVIEW,0.8
LN003528,5,0.0,0.0,0.0,0.0,Current,0,,0.0,,REVIEW,0.8
LN003528,6,0.0,0.0,0.0,0.0,Current,0,,0.0,,REVIEW,0.8
LN003529,1,0.0,0.0,0.0,0.0,Current,0,,0.0,,REVIEW,0.8
LN003529,2,0.0,0.0,0.0,0.0,Current,0,,0.0,,REVIEW,0.8
LN003529,3,0.0,0.0,0.0,0.0,Current,0,,0.0,,REVIEW,0.8
LN003529,4,0.0,0.0,0.0,0.0,Current,0,,0.0,,REVIEW,0.8
LN003529,5,0.0,0.0,0.0,0.0,Current,0,,0.0,,REVIEW,0.8
LN003529,6,0.0,0.0,0.0,0.0,Current,0,,0.0,,REVIEW,0.8
LN003529,7,0.0,0.0,0.0,0.0,Current,0,,0.0,,REVIEW,0.8
LN003529,8,0.0,0.0,0.0,0.0,Current,0,,0.0,,REVIEW,0.8
LN003529,9,0.0,0.0,0.0,0.0,Current,0,,0.0,,REVIEW,0.8
LN003529,10,0.0,0.0,0.0,0.0,Current,0,,0.0,,REVIEW,0.8
LN003529,11,0.0,0.0,0.0,0.0,Current,0,,0.0,,REVIEW,0.8
LN003529,12,0.0,0.0,0.0,0.0,Current,0,,0.0,,REVIEW,0.8
LN003529,13,0.0,0.0,0.0,0.0,Current,0,,0.0,,REVIEW,0.8
LN003529,14,0.0,0.0,0.0,0.0,Current,0,,0.0,,REVIEW,0.8
LN003529,15,0.0,0.0,0.0,0.0,Current,0,,0.0,,REVIEW,0.8
LN003529,16,0.0,0.0,0.0,0.0,Current,0,,0.0,,REVIEW,0.8
LN003529,17,0.0,0.0,0.0,0.0,Current,0,,0.0,,REVIEW,0.8
LN003529,18,0.0,0.0,0.0,0.0,Current,0,,0.0,,REVIEW,0.8
LN003529,19,0.0,0.0,0.0,0.0,Current,0,,0.0,,REVIEW,0.8
LN003529,20,0.0,0.0,0.0,0.0,Current,0,,0.0,,REVIEW,0.8
LN003529,21,0.0,0.0,0.0,0.0,Current,0,,0.0,,REVIEW,0.8
LN003529,22,0.0,0.0,0.0,0.0,Current,0,,0.0,,REVIEW,0.8
LN003529,23,0.0,0.0,0.0,0.0,Current,0,,0.0,,REVIEW,0.8
LN003529,24,0.0,0.0,0.0,0.0,Current,0,,0.0,,REVIEW,0.8
LN003530,1,0.0,0.0,0.0,0.0,Current,0,,0.0,,REVIEW,0.8
LN003530,2,0.0,0.0,0.0,0.0,Current,0,,0.0,,REVIEW,0.8
LN003530,3,0.0,0.0,0.0,0.0,Current,0,,0.0,,REVIEW,0.8
LN003531,1,0.0,0.0,0.0,0.0,Current,0,,0.0,,REVIEW,0.8
LN003531,2,0.0,0.0,0.0,0.0,Current,0,,0.0,,REVIEW,0.8
LN003531,3,0.0,0.0,0.0,0.0,Current,0,,0.0,,REVIEW,0.8
LN003531,4,0.0,0.0,0.0,0.0,Current,0,,0.0,,REVIEW,0.8
LN003531,5,0.0,0.0,0.0,0.0,Current,0,,0.0,,REVIEW,0.8
LN003531,6,0.0,0.0,0.0,0.0,Current,0,,0.0,,REVIEW,0.8
LN003531,7,0.0,0.0,0.0,0.0,Current,0,,0.0,,REVIEW,0.8
LN003531,8,0.0,0.0,0.0,0.0,Current,0,,0.0,,REVIEW,0.8
LN003531,9,0.0,0.0,0.0,0.0,Current,0,,0.0,,REVIEW,0.8
LN003531,10,0.0,0.0,0.0,0.0,Current,0,,0.0,,REVIEW,0.8
LN003531,11,0.0,0.0,0.0,0.0,Current,0,,0.0,,REVIEW,0.8
LN003531,12,0.0,0.0,0.0,0.0,Current,0,,0.0,,REVIEW,0.8
LN003531,13,0.0,0.0,0.0,0.0,Current,0,,0.0,,REVIEW,0.8
LN003531,14,0.0,0.0,0.0,0.0,Current,0,,0.0,,REVIEW,0.8
LN003531,15,0.0,0.0,0.0,0.0,Current,0,,0.0,,REVIEW,0.8
LN003531,16,0.0,0.0,0.0,0.0,Current,0,,0.0,,REVIEW,0.8
LN003531,17,0.0,0.0,0.0,0.0,Current,0,,0.0,,REVIEW,0.8
LN003531,18,0.0,0.0,0.0,0.0,Current,0,,0.0,,REVIEW,0.8
LN003531,19,0.0,0.0,0.0,0.0,Current,0,,0.0,,REVIEW,0.8
LN003531,20,0.0,0.0,0.0,0.0,Current,0,,0.0,,REVIEW,0.8
LN003531,21,0.0,0.0,0.0,0.0,Current,0,,0.0,,REVIEW,0.8
LN003531,22,0.0,0.0,0.0,0.0,Current,0,,0.0,,REVIEW,0.8
LN003531,23,0.0,0.0,0.0,0.0,Current,0,,0.0,,REVIEW,0.8
LN003531,24,0.0,0.0,0.0,0.0,Current,0,,0.0,,REVIEW,0.8
LN003532,1,0.0,0.0,0.0,0.0,Current,0,,0.0,,REVIEW,0.8
LN003532,2,0.0,0.0,0.0,0.0,Current,0,,0.0,,REVIEW,0.8
LN003532,3,0.0,0.0,0.0,0.0,Current,0,,0.0,,REVIEW,0.8
LN003532,4,0.0,0.0,0.0,0.0,Current,0,,0.0,,REVIEW,0.8
LN003532,5,0.0,0.0,0.0,0.0,Current,0,,0.0,,REVIEW,0.8
LN003532,6,0.0,0.0,0.0,0.0,Current,0,,0.0,,REVIEW,0.8
LN003532,7,0.0,0.0,0.0,0.0,Current,0,,0.0,,REVIEW,0.8
LN003532,8,0.0,0.0,0.0,0.0,Current,0,,0.0,,REVIEW,0.8
LN003532,9,0.0,0.0,0.0,0.0,Current,0,,0.0,,REVIEW,0.8
LN003533,1,0.0,0.0,0.0,0.0,Current,0,,0.0,,REVIEW,0.8
LN003533,2,0.0,0.0,0.0,0.0,Current,0,,0.0,,REVIEW,0.8
LN003533,3,0.0,0.0,0.0,0.0,Current,0,,0.0,,REVIEW,0.8
LN003533,4,0.0,0.0,0.0,0.0,Current,0,,0.0,,REVIEW,0.8
LN003533,5,0.0,0.0,0.0,0.0,Current,0,,0.0,,REVIEW,0.8
LN003533,6,0.0,0.0,0.0,0.0,Current,0,,0.0,,REVIEW,0.8
LN003533,7,0.0,0.0,0.0,0.0,Current,0,,0.0,,REVIEW,0.8
LN003533,8,0.0,0.0,0.0,0.0,Current,0,,0.0,,REVIEW,0.8
LN003533,9,0.0,0.0,0.0,0.0,Current,0,,0.0,,REVIEW,0.8
LN003533,10,0.0,0.0,0.0,0.0,Current,0,,0.0,,REVIEW,0.8
LN003534,1,0.0,0.0,0.0,0.0,Current,0,,0.0,,REVIEW,0.8
LN003534,2,0.0,0.0,0.0,0.0,Current,0,,0.0,,REVIEW,0.8
LN003534,3,0.0,0.0,0.0,0.0,Current,0,,0.0,,REVIEW,0.8
LN003534,4,0.0,0.0,0.0,0.0,Current,0,,0.0,,REVIEW,0.8
LN003534,5,0.0,0.0,0.0,0.0,Current,0,,0.0,,REVIEW,0.8
LN003534,6,0.0,0.0,0.0,0.0,Current,0,,0.0,,REVIEW,0.8
LN003534,7,0.0,0.0,0.0,0.0,Current,0,,0.0,,REVIEW,0.8
LN003534,8,0.0,0.0,0.0,0.0,Current,0,,0.0,,REVIEW,0.8
LN003534,9,0.0,0.0,0.0,0.0,Current,0,,0.0,,REVIEW,0.8
LN003534,10,0.0,0.0,0.0,0.0,Current,0,,0.0,,REVIEW,0.8
LN003534,11,0.0,0.0,0.0,0.0,Current,0,,0.0,,REVIEW,0.8
LN003534,12,0.0,0.0,0.0,0.0,Current,0,,0.0,,REVIEW,0.8
LN003534,13,0.0,0.0,0.0,0.0,Current,0,,0.0,,REVIEW,0.8
LN003534,14,0.0,0.0,0.0,0.0,Current,0,,0.0,,REVIEW,0.8
LN003534,15,0.0,0.0,0.0,0.0,Current,0,,0.0,,REVIEW,0.8
LN003534,16,0.0,0.0,0.0,0.0,Current,0,,0.0,,REVIEW,0.8
LN003534,17,0.0,0.0,0.0,0.0,Current,0,,0.0,,REVIEW,0.8
LN003534,18,0.0,0.0,0.0,0.0,Current,0,,0.0,,REVIEW,0.8
LN003535,1,0.0,0.0,0.0,0.0,Current,0,,0.0,,REVIEW,0.8
LN003535,2,0.0,0.0,0.0,0.0,Current,0,,0.0,,REVIEW,0.8
LN003535,3,0.0,0.0,0.0,0.0,Current,0,,0.0,,REVIEW,0.8
LN003535,4,0.0,0.0,0.0,0.0,Current,0,,0.0,,REVIEW,0.8
LN003535,5,0.0,0.0,0.0,0.0,Current,0,,0.0,,REVIEW,0.8
LN003535,6,0.0,0.0,0.0,0.0,Current,0,,0.0,,REVIEW,0.8
LN003535,7,0.0,0.0,0.0,0.0,Current,0,,0.0,,REVIEW,0.8
LN003535,8,0.0,0.0,0.0,0.0,Current,0,,0.0,,REVIEW,0.8
LN003535,9,0.0,0.0,0.0,0.0,Current,0,,0.0,,REVIEW,0.8
LN003535,10,0.0,0.0,0.0,0.0,Current,0,,0.0,,REVIEW,0.8
LN003535,11,0.0,0.0,0.0,0.0,Current,0,,0.0,,REVIEW,0.8
LN003535,12,0.0,0.0,0.0,0.0,Current,0,,0.0,,REVIEW,0.8
LN003535,13,0.0,0.0,0.0,0.0,Current,0,,0.0,,REVIEW,0.8
LN003535,14,0.0,0.0,0.0,0.0,Current,0,,0.0,,REVIEW,0.8
LN003535,15,0.0,0.0,0.0,0.0,Current,0,,0.0,,REVIEW,0.8
LN003535,16,0.0,0.0,0.0,0.0,Current,0,,0.0,,REVIEW,0.8
LN003535,17,0.0,0.0,0.0,0.0,Current,0,,0.0,,REVIEW,0.8
LN003535,18,0.0,0.0,0.0,0.0,Current,0,,0.0,,REVIEW,0.8
LN003535,19,0.0,0.0,0.0,0.0,Current,0,,0.0,,REVIEW,0.8
LN003535,20,0.0,0.0,0.0,0.0,Current,0,,0.0,,REVIEW,0.8
LN003535,21,0.0,0.0,0.0,0.0,Current,0,,0.0,,REVIEW,0.8
LN003535,22,0.0,0.0,0.0,0.0,Current,0,,0.0,,REVIEW,0.8
LN003535,23,0.0,0.0,0.0,0.0,Current,0,,0.0,,REVIEW,0.8
LN003535,24,0.0,0.0,0.0,0.0,Current,0,,0.0,,REVIEW,0.8
LN003536,1,0.0,0.0,0.0,0.0,Current,0,,0.0,,REVIEW,0.8
LN003536,2,0.0,0.0,0.0,0.0,Current,0,,0.0,,REVIEW,0.8
LN003536,3,0.0,0.0,0.0,0.0,Current,0,,0.0,,REVIEW,0.8
LN003536,4,0.0,0.0,0.0,0.0,Current,0,,0.0,,REVIEW,0.8
LN003536,5,0.0,0.0,0.0,0.0,Current,0,,0.0,,REVIEW,0.8
LN003536,6,0.0,0.0,0.0,0.0,Current,0,,0.0,,REVIEW,0.8
LN003536,7,0.0,0.0,0.0,0.0,Current,0,,0.0,,REVIEW,0.8
LN003536,8,0.0,0.0,0.0,0.0,Current,0,,0.0,,REVIEW,0.8
LN003536,9,0.0,0.0,0.0,0.0,Current,0,,0.0,,REVIEW,0.8
LN003536,10,0.0,0.0,0.0,0.0,Current,0,,0.0,,REVIEW,0.8
LN003536,11,0.0,0.0,0.0,0.0,Current,0,,0.0,,REVIEW,0.8
LN003536,12,0.0,0.0,0.0,0.0,Current,0,,0.0,,REVIEW,0.8
LN003536,13,0.0,0.0,0.0,0.0,Current,0,,0.0,,REVIEW,0.8
LN003536,14,0.0,0.0,0.0,0.0,Current,0,,0.0,,REVIEW,0.8
LN003536,15,0.0,0.0,0.0,0.0,Current,0,,0.0,,REVIEW,0.8
LN003536,16,0.0,0.0,0.0,0.0,Current,0,,0.0,,REVIEW,0.8
LN003536,17,0.0,0.0,0.0,0.0,Current,0,,0.0,,REVIEW,0.8
LN003536,18,0.0,0.0,0.0,0.0,Current,0,,0.0,,REVIEW,0.8
LN003536,19,0.0,0.0,0.0,0.0,Current,0,,0.0,,REVIEW,0.8
LN003536,20,0.0,0.0,0.0,0.0,Current,0,,0.0,,REVIEW,0.8
LN003536,21,0.0,0.0,0.0,0.0,Current,0,,0.0,,REVIEW,0.8
LN003536,22,0.0,0.0,0.0,0.0,Current,0,,0.0,,REVIEW,0.8
LN003536,23,0.0,0.0,0.0,0.0,Current,0,,0.0,,REVIEW,0.8
LN003536,24,0.0,0.0,0.0,0.0,Current,0,,0.0,,REVIEW,0.8
LN003537,1,0.0,0.0,0.0,0.0,Current,0,,0.0,,REVIEW,0.8
LN003537,2,0.0,0.0,0.0,0.0,Current,0,,0.0,,REVIEW,0.8
LN003537,3,0.0,0.0,0.0,0.0,Current,0,,0.0,,REVIEW,0.8
LN003537,4,0.0,0.0,0.0,0.0,Current,0,,0.0,,REVIEW,0.8
LN003537,5,0.0,0.0,0.0,0.0,Current,0,,0.0,,REVIEW,0.8
LN003537,6,0.0,0.0,0.0,0.0,Current,0,,0.0,,REVIEW,0.8
LN003538,1,0.0,0.0,0.0,0.0,Current,0,,0.0,,REVIEW,0.8
LN003538,2,0.0,0.0,0.0,0.0,Current,0,,0.0,,REVIEW,0.8
LN003538,3,0.0,0.0,0.0,0.0,Current,0,,0.0,,REVIEW,0.8
LN003538,4,0.0,0.0,0.0,0.0,Current,0,,0.0,,REVIEW,0.8
LN003538,5,0.0,0.0,0.0,0.0,Current,0,,0.0,,REVIEW,0.8
LN003538,6,0.0,0.0,0.0,0.0,Current,0,,0.0,,REVIEW,0.8
LN003538,7,0.0,0.0,0.0,0.0,Current,0,,0.0,,REVIEW,0.8
LN003538,8,0.0,0.0,0.0,0.0,Current,0,,0.0,,REVIEW,0.8
LN003538,9,0.0,0.0,0.0,0.0,Current,0,,0.0,,REVIEW,0.8
LN003538,10,0.0,0.0,0.0,0.0,Current,0,,0.0,,REVIEW,0.8
LN003538,11,0.0,0.0,0.0,0.0,Current,0,,0.0,,REVIEW,0.8
LN003538,12,0.0,0.0,0.0,0.0,Current,0,,0.0,,REVIEW,0.8
LN003538,13,0.0,0.0,0.0,0.0,Current,0,,0.0,,REVIEW,0.8
LN003538,14,0.0,0.0,0.0,0.0,Current,0,,0.0,,REVIEW,0.8
LN003538,15,0.0,0.0,0.0,0.0,Current,0,,0.0,,REVIEW,0.8
LN003538,16,0.0,0.0,0.0,0.0,Current,0,,0.0,,REVIEW,0.8
LN003538,17,0.0,0.0,0.0,0.0,Current,0,,0.0,,REVIEW,0.8
LN003538,18,0.0,0.0,0.0,0.0,Current,0,,0.0,,REVIEW,0.8
LN003538,19,0.0,0.0,0.0,0.0,Current,0,,0.0,,REVIEW,0.8
LN003538,20,0.0,0.0,0.0,0.0,Current,0,,0.0,,REVIEW,0.8
LN003538,21,0.0,0.0,0.0,0.0,Current,0,,0.0,,REVIEW,0.8
LN003538,22,0.0,0.0,0.0,0.0,Current,0,,0.0,,REVIEW,0.8
LN003538,23,0.0,0.0,0.0,0.0,Current,0,,0.0,,REVIEW,0.8
LN003538,24,0.0,0.0,0.0,0.0,Current,0,,0.0,,REVIEW,0.8
LN003539,1,0.0,0.0,0.0,0.0,Current,0,,0.0,,REVIEW,0.8
LN003539,2,0.0,0.0,0.0,0.0,Current,0,,0.0,,REVIEW,0.8
LN003539,3,0.0,0.0,0.0,0.0,Current,0,,0.0,,REVIEW,0.8
LN003539,4,0.0,0.0,0.0,0.0,Current,0,,0.0,,REVIEW,0.8
LN003539,5,0.0,0.0,0.0,0.0,Current,0,,0.0,,REVIEW,0.8
LN003539,6,0.0,0.0,0.0,0.0,Current,0,,0.0,,REVIEW,0.8
LN003539,7,0.0,0.0,0.0,0.0,Current,0,,0.0,,REVIEW,0.8
LN003539,8,0.0,0.0,0.0,0.0,Current,0,,0.0,,REVIEW,0.8
LN003539,9,0.0,0.0,0.0,0.0,Current,0,,0.0,,REVIEW,0.8
LN003539,10,0.0,0.0,0.0,0.0,Current,0,,0.0,,REVIEW,0.8
LN003539,11,0.0,0.0,0.0,0.0,Current,0,,0.0,,REVIEW,0.8
LN003539,12,0.0,0.0,0.0,0.0,Current,0,,0.0,,REVIEW,0.8
LN003539,13,0.0,0.0,0.0,0.0,Current,0,,0.0,,REVIEW,0.8
LN003539,14,0.0,0.0,0.0,0.0,Current,0,,0.0,,REVIEW,0.8
LN003539,15,0.0,0.0,0.0,0.0,Current,0,,0.0,,REVIEW,0.8
LN003539,16,0.0,0.0,0.0,0.0,Current,0,,0.0,,REVIEW,0.8
LN003539,17,0.0,0.0,0.0,0.0,Current,0,,0.0,,REVIEW,0.8
LN003539,18,0.0,0.0,0.0,0.0,Current,0,,0.0,,REVIEW,0.8
LN003539,19,0.0,0.0,0.0,0.0,Current,0,,0.0,,REVIEW,0.8
LN003539,20,0.0,0.0,0.0,0.0,Current,0,,0.0,,REVIEW,0.8
LN003539,21,0.0,0.0,0.0,0.0,Current,0,,0.0,,REVIEW,0.8
LN003539,22,0.0,0.0,0.0,0.0,Current,0,,0.0,,REVIEW,0.8
LN003539,23,0.0,0.0,0.0,0.0,Current,0,,0.0,,REVIEW,0.8
LN003539,24,0.0,0.0,0.0,0.0,Current,0,,0.0,,REVIEW,0.8
LN003540,1,0.0,0.0,0.0,0.0,Current,0,,0.0,,REVIEW,0.8
LN003540,2,0.0,0.0,0.0,0.0,Current,0,,0.0,,REVIEW,0.8
LN003540,3,0.0,0.0,0.0,0.0,Current,0,,0.0,,REVIEW,0.8
LN003540,4,0.0,0.0,0.0,0.0,Current,0,,0.0,,REVIEW,0.8
LN003540,5,0.0,0.0,0.0,0.0,Current,0,,0.0,,REVIEW,0.8
LN003540,6,0.0,0.0,0.0,0.0,Current,0,,0.0,,REVIEW,0.8
LN003540,7,0.0,0.0,0.0,0.0,Current,0,,0.0,,REVIEW,0.8
LN003540,8,0.0,0.0,0.0,0.0,Current,0,,0.0,,REVIEW,0.8
LN003540,9,0.0,0.0,0.0,0.0,Current,0,,0.0,,REVIEW,0.8
LN003540,10,0.0,0.0,0.0,0.0,Current,0,,0.0,,REVIEW,0.8
LN003540,11,0.0,0.0,0.0,0.0,Current,0,,0.0,,REVIEW,0.8
LN003540,12,0.0,0.0,0.0,0.0,Current,0,,0.0,,REVIEW,0.8
LN003540,13,0.0,0.0,0.0,0.0,Current,0,,0.0,,REVIEW,0.8
LN003540,14,0.0,0.0,0.0,0.0,Current,0,,0.0,,REVIEW,0.8
LN003540,15,0.0,0.0,0.0,0.0,Current,0,,0.0,,REVIEW,0.8
LN003540,16,0.0,0.0,0.0,0.0,Current,0,,0.0,,REVIEW,0.8
LN003540,17,0.0,0.0,0.0,0.0,Current,0,,0.0,,REVIEW,0.8
LN003540,18,0.0,0.0,0.0,0.0,Current,0,,0.0,,REVIEW,0.8
LN003540,19,0.0,0.0,0.0,0.0,Current,0,,0.0,,REVIEW,0.8
LN003540,20,0.0,0.0,0.0,0.0,Current,0,,0.0,,REVIEW,0.8
LN003540,21,0.0,0.0,0.0,0.0,Current,0,,0.0,,REVIEW,0.8
LN003540,22,0.0,0.0,0.0,0.0,Current,0,,0.0,,REVIEW,0.8
LN003540,23,0.0,0.0,0.0,0.0,Current,0,,0.0,,REVIEW,0.8
LN003540,24,0.0,0.0,0.0,0.0,Current,0,,0.0,,REVIEW,0.8
LN003541,1,0.0,0.0,0.0,0.0,Current,0,,0.0,,REVIEW,0.8
LN003541,2,0.0,0.0,0.0,0.0,Current,0,,0.0,,REVIEW,0.8
LN003541,3,0.0,0.0,0.0,0.0,Current,0,,0.0,,REVIEW,0.8
LN003541,4,0.0,0.0,0.0,0.0,Current,0,,0.0,,REVIEW,0.8
LN003541,5,0.0,0.0,0.0,0.0,Current,0,,0.0,,REVIEW,0.8
LN003541,6,0.0,0.0,0.0,0.0,Current,0,,0.0,,REVIEW,0.8
LN003541,7,0.0,0.0,0.0,0.0,Current,0,,0.0,,REVIEW,0.8
LN003542,1,0.0,0.0,0.0,0.0,Current,0,,0.0,,REVIEW,0.8
LN003542,2,0.0,0.0,0.0,0.0,Current,0,,0.0,,REVIEW,0.8
LN003542,3,0.0,0.0,0.0,0.0,Current,0,,0.0,,REVIEW,0.8
LN003542,4,0.0,0.0,0.0,0.0,Current,0,,0.0,,REVIEW,0.8
LN003542,5,0.0,0.0,0.0,0.0,Current,0,,0.0,,REVIEW,0.8
LN003542,6,0.0,0.0,0.0,0.0,Current,0,,0.0,,REVIEW,0.8
LN003542,7,0.0,0.0,0.0,0.0,Current,0,,0.0,,REVIEW,0.8
LN003543,1,0.0,0.0,0.0,0.0,Current,0,,0.0,,REVIEW,0.8
LN003543,2,0.0,0.0,0.0,0.0,Current,0,,0.0,,REVIEW,0.8
LN003543,3,0.0,0.0,0.0,0.0,Current,0,,0.0,,REVIEW,0.8
LN003543,4,0.0,0.0,0.0,0.0,Current,0,,0.0,,REVIEW,0.8
LN003543,5,0.0,0.0,0.0,0.0,Current,0,,0.0,,REVIEW,0.8
LN003543,6,0.0,0.0,0.0,0.0,Current,0,,0.0,,REVIEW,0.8
LN003543,7,0.0,0.0,0.0,0.0,Current,0,,0.0,,REVIEW,0.8
LN003543,8,0.0,0.0,0.0,0.0,Current,0,,0.0,,REVIEW,0.8
LN003543,9,0.0,0.0,0.0,0.0,Current,0,,0.0,,REVIEW,0.8
LN003543,10,0.0,0.0,0.0,0.0,Current,0,,0.0,,REVIEW,0.8
LN003543,11,0.0,0.0,0.0,0.0,Current,0,,0.0,,REVIEW,0.8
LN003543,12,0.0,0.0,0.0,0.0,Current,0,,0.0,,REVIEW,0.8
LN003544,1,0.0,0.0,0.0,0.0,Current,0,,0.0,,REVIEW,0.8
LN003544,2,0.0,0.0,0.0,0.0,Current,0,,0.0,,REVIEW,0.8
LN003544,3,0.0,0.0,0.0,0.0,Current,0,,0.0,,REVIEW,0.8
LN003544,4,0.0,0.0,0.0,0.0,Current,0,,0.0,,REVIEW,0.8
LN003544,5,0.0,0.0,0.0,0.0,Current,0,,0.0,,REVIEW,0.8
LN003544,6,0.0,0.0,0.0,0.0,Current,0,,0.0,,REVIEW,0.8
LN003544,7,0.0,0.0,0.0,0.0,Current,0,,0.0,,REVIEW,0.8
LN003544,8,0.0,0.0,0.0,0.0,Current,0,,0.0,,REVIEW,0.8
LN003544,9,0.0,0.0,0.0,0.0,Current,0,,0.0,,REVIEW,0.8
LN003544,10,0.0,0.0,0.0,0.0,Current,0,,0.0,,REVIEW,0.8
LN003544,11,0.0,0.0,0.0,0.0,Current,0,,0.0,,REVIEW,0.8
LN003544,12,0.0,0.0,0.0,0.0,Current,0,,0.0,,REVIEW,0.8
LN003544,13,0.0,0.0,0.0,0.0,Current,0,,0.0,,REVIEW,0.8
LN003544,14,0.0,0.0,0.0,0.0,Current,0,,0.0,,REVIEW,0.8
LN003544,15,0.0,0.0,0.0,0.0,Current,0,,0.0,,REVIEW,0.8
LN003544,16,0.0,0.0,0.0,0.0,Current,0,,0.0,,REVIEW,0.8
LN003544,17,0.0,0.0,0.0,0.0,Current,0,,0.0,,REVIEW,0.8
LN003544,18,0.0,0.0,0.0,0.0,Current,0,,0.0,,REVIEW,0.8
LN003544,19,0.0,0.0,0.0,0.0,Current,0,,0.0,,REVIEW,0.8
LN003544,20,0.0,0.0,0.0,0.0,Current,0,,0.0,,REVIEW,0.8
LN003544,21,0.0,0.0,0.0,0.0,Current,0,,0.0,,REVIEW,0.8
LN003544,22,0.0,0.0,0.0,0.0,Current,0,,0.0,,REVIEW,0.8
LN003544,23,0.0,0.0,0.0,0.0,Current,0,,0.0,,REVIEW,0.8
LN003544,24,0.0,0.0,0.0,0.0,Current,0,,0.0,,REVIEW,0.8
LN003545,1,0.0,0.0,0.0,0.0,Current,0,,0.0,,REVIEW,0.8
LN003545,2,0.0,0.0,0.0,0.0,Current,0,,0.0,,REVIEW,0.8
LN003545,3,0.0,0.0,0.0,0.0,Current,0,,0.0,,REVIEW,0.8
LN003545,4,0.0,0.0,0.0,0.0,Current,0,,0.0,,REVIEW,0.8
LN003545,5,0.0,0.0,0.0,0.0,Current,0,,0.0,,REVIEW,0.8
LN003545,6,0.0,0.0,0.0,0.0,Current,0,,0.0,,REVIEW,0.8
LN003545,7,0.0,0.0,0.0,0.0,Current,0,,0.0,,REVIEW,0.8
LN003545,8,0.0,0.0,0.0,0.0,Current,0,,0.0,,REVIEW,0.8
LN003545,9,0.0,0.0,0.0,0.0,Current,0,,0.0,,REVIEW,0.8
LN003545,10,0.0,0.0,0.0,0.0,Current,0,,0.0,,REVIEW,0.8
LN003545,11,0.0,0.0,0.0,0.0,Current,0,,0.0,,REVIEW,0.8
LN003545,12,0.0,0.0,0.0,0.0,Current,0,,0.0,,REVIEW,0.8
LN003545,13,0.0,0.0,0.0,0.0,Current,0,,0.0,,REVIEW,0.8
LN003545,14,0.0,0.0,0.0,0.0,Current,0,,0.0,,REVIEW,0.8
LN003545,15,0.0,0.0,0.0,0.0,Current,0,,0.0,,REVIEW,0.8
LN003546,1,0.0,0.0,0.0,0.0,Current,0,,0.0,,REVIEW,0.8
LN003546,2,0.0,0.0,0.0,0.0,Current,0,,0.0,,REVIEW,0.8
LN003546,3,0.0,0.0,0.0,0.0,Current,0,,0.0,,REVIEW,0.8
LN003546,4,0.0,0.0,0.0,0.0,Current,0,,0.0,,REVIEW,0.8
LN003546,5,0.0,0.0,0.0,0.0,Current,0,,0.0,,REVIEW,0.8
LN003546,6,0.0,0.0,0.0,0.0,Current,0,,0.0,,REVIEW,0.8
LN003546,7,0.0,0.0,0.0,0.0,Current,0,,0.0,,REVIEW,0.8
LN003546,8,0.0,0.0,0.0,0.0,Current,0,,0.0,,REVIEW,0.8
LN003546,9,0.0,0.0,0.0,0.0,Current,0,,0.0,,REVIEW,0.8
LN003546,10,0.0,0.0,0.0,0.0,Current,0,,0.0,,REVIEW,0.8
LN003546,11,0.0,0.0,0.0,0.0,Current,0,,0.0,,REVIEW,0.8
LN003546,12,0.0,0.0,0.0,0.0,Current,0,,0.0,,REVIEW,0.8
LN003546,13,0.0,0.0,0.0,0.0,Current,0,,0.0,,REVIEW,0.8
LN003546,14,0.0,0.0,0.0,0.0,Current,0,,0.0,,REVIEW,0.8
LN003546,15,0.0,0.0,0.0,0.0,Current,0,,0.0,,REVIEW,0.8
LN003546,16,0.0,0.0,0.0,0.0,Current,0,,0.0,,REVIEW,0.8
LN003546,17,0.0,0.0,0.0,0.0,Current,0,,0.0,,REVIEW,0.8
LN003546,18,0.0,0.0,0.0,0.0,Current,0,,0.0,,REVIEW,0.8
LN003546,19,0.0,0.0,0.0,0.0,Current,0,,0.0,,REVIEW,0.8
LN003546,20,0.0,0.0,0.0,0.0,Current,0,,0.0,,REVIEW,0.8
LN003546,21,0.0,0.0,0.0,0.0,Current,0,,0.0,,REVIEW,0.8
LN003546,22,0.0,0.0,0.0,0.0,Current,0,,0.0,,REVIEW,0.8
LN003546,23,0.0,0.0,0.0,0.0,Current,0,,0.0,,REVIEW,0.8
LN003546,24,0.0,0.0,0.0,0.0,Current,0,,0.0,,REVIEW,0.8
LN003547,1,0.0,0.0,0.0,0.0,Current,0,,0.0,,REVIEW,0.8
LN003547,2,0.0,0.0,0.0,0.0,Current,0,,0.0,,REVIEW,0.8
LN003547,3,0.0,0.0,0.0,0.0,Current,0,,0.0,,REVIEW,0.8
LN003547,4,0.0,0.0,0.0,0.0,Current,0,,0.0,,REVIEW,0.8
LN003547,5,0.0,0.0,0.0,0.0,Current,0,,0.0,,REVIEW,0.8
LN003547,6,0.0,0.0,0.0,0.0,Current,0,,0.0,,REVIEW,0.8
LN003547,7,0.0,0.0,0.0,0.0,Current,0,,0.0,,REVIEW,0.8
LN003547,8,0.0,0.0,0.0,0.0,Current,0,,0.0,,REVIEW,0.8
LN003547,9,0.0,0.0,0.0,0.0,Current,0,,0.0,,REVIEW,0.8
LN003547,10,0.0,0.0,0.0,0.0,Current,0,,0.0,,REVIEW,0.8
LN003547,11,0.0,0.0,0.0,0.0,Current,0,,0.0,,REVIEW,0.8
LN003547,12,0.0,0.0,0.0,0.0,Current,0,,0.0,,REVIEW,0.8
LN003547,13,0.0,0.0,0.0,0.0,Current,0,,0.0,,REVIEW,0.8
LN003547,14,0.0,0.0,0.0,0.0,Current,0,,0.0,,REVIEW,0.8
LN003547,15,0.0,0.0,0.0,0.0,Current,0,,0.0,,REVIEW,0.8
LN003547,16,0.0,0.0,0.0,0.0,Current,0,,0.0,,REVIEW,0.8
LN003547,17,0.0,0.0,0.0,0.0,Current,0,,0.0,,REVIEW,0.8
LN003547,18,0.0,0.0,0.0,0.0,Current,0,,0.0,,REVIEW,0.8
LN003547,19,0.0,0.0,0.0,0.0,Current,0,,0.0,,REVIEW,0.8
LN003547,20,0.0,0.0,0.0,0.0,Current,0,,0.0,,REVIEW,0.8
LN003547,21,0.0,0.0,0.0,0.0,Current,0,,0.0,,REVIEW,0.8
LN003547,22,0.0,0.0,0.0,0.0,Current,0,,0.0,,REVIEW,0.8
LN003547,23,0.0,0.0,0.0,0.0,Current,0,,0.0,,REVIEW,0.8
LN003547,24,0.0,0.0,0.0,0.0,Current,0,,0.0,,REVIEW,0.8
LN003548,1,0.0,0.0,0.0,0.0,Current,0,,0.0,,REVIEW,0.8
LN003548,2,0.0,0.0,0.0,0.0,Current,0,,0.0,,REVIEW,0.8
LN003548,3,0.0,0.0,0.0,0.0,Current,0,,0.0,,REVIEW,0.8
LN003548,4,0.0,0.0,0.0,0.0,Current,0,,0.0,,REVIEW,0.8
LN003548,5,0.0,0.0,0.0,0.0,Current,0,,0.0,,REVIEW,0.8
LN003548,6,0.0,0.0,0.0,0.0,Current,0,,0.0,,REVIEW,0.8
LN003548,7,0.0,0.0,0.0,0.0,Current,0,,0.0,,REVIEW,0.8
LN003548,8,0.0,0.0,0.0,0.0,Current,0,,0.0,,REVIEW,0.8
LN003548,9,0.0,0.0,0.0,0.0,Current,0,,0.0,,REVIEW,0.8
LN003548,10,0.0,0.0,0.0,0.0,Current,0,,0.0,,REVIEW,0.8
LN003548,11,0.0,0.0,0.0,0.0,Current,0,,0.0,,REVIEW,0.8
LN003548,12,0.0,0.0,0.0,0.0,Current,0,,0.0,,REVIEW,0.8
LN003548,13,0.0,0.0,0.0,0.0,Current,0,,0.0,,REVIEW,0.8
LN003548,14,0.0,0.0,0.0,0.0,Current,0,,0.0,,REVIEW,0.8
LN003548,15,0.0,0.0,0.0,0.0,Current,0,,0.0,,REVIEW,0.8
LN003548,16,0.0,0.0,0.0,0.0,Current,0,,0.0,,REVIEW,0.8
LN003548,17,0.0,0.0,0.0,0.0,Current,0,,0.0,,REVIEW,0.8
LN003548,18,0.0,0.0,0.0,0.0,Current,0,,0.0,,REVIEW,0.8
LN003548,19,0.0,0.0,0.0,0.0,Current,0,,0.0,,REVIEW,0.8
LN003548,20,0.0,0.0,0.0,0.0,Current,0,,0.0,,REVIEW,0.8
LN003548,21,0.0,0.0,0.0,0.0,Current,0,,0.0,,REVIEW,0.8
LN003548,22,0.0,0.0,0.0,0.0,Current,0,,0.0,,REVIEW,0.8
LN003548,23,0.0,0.0,0.0,0.0,Current,0,,0.0,,REVIEW,0.8
LN003548,24,0.0,0.0,0.0,0.0,Current,0,,0.0,,REVIEW,0.8
LN003549,1,0.0,0.0,0.0,0.0,Current,0,,0.0,,REVIEW,0.8
LN003549,2,0.0,0.0,0.0,0.0,Current,0,,0.0,,REVIEW,0.8
LN003549,3,0.0,0.0,0.0,0.0,Current,0,,0.0,,REVIEW,0.8
LN003549,4,0.0,0.0,0.0,0.0,Current,0,,0.0,,REVIEW,0.8
LN003549,5,0.0,0.0,0.0,0.0,Current,0,,0.0,,REVIEW,0.8
LN003549,6,0.0,0.0,0.0,0.0,Current,0,,0.0,,REVIEW,0.8
LN003549,7,0.0,0.0,0.0,0.0,Current,0,,0.0,,REVIEW,0.8
LN003549,8,0.0,0.0,0.0,0.0,Current,0,,0.0,,REVIEW,0.8
LN003549,9,0.0,0.0,0.0,0.0,Current,0,,0.0,,REVIEW,0.8
LN003549,10,0.0,0.0,0.0,0.0,Current,0,,0.0,,REVIEW,0.8
LN003549,11,0.0,0.0,0.0,0.0,Current,0,,0.0,,REVIEW,0.8
LN003549,12,0.0,0.0,0.0,0.0,Current,0,,0.0,,REVIEW,0.8
LN003549,13,0.0,0.0,0.0,0.0,Current,0,,0.0,,REVIEW,0.8
LN003549,14,0.0,0.0,0.0,0.0,Current,0,,0.0,,REVIEW,0.8
LN003549,15,0.0,0.0,0.0,0.0,Current,0,,0.0,,REVIEW,0.8
LN003549,16,0.0,0.0,0.0,0.0,Current,0,,0.0,,REVIEW,0.8
LN003549,17,0.0,0.0,0.0,0.0,Current,0,,0.0,,REVIEW,0.8
LN003549,18,0.0,0.0,0.0,0.0,Current,0,,0.0,,REVIEW,0.8
LN003549,19,0.0,0.0,0.0,0.0,Current,0,,0.0,,REVIEW,0.8
LN003550,1,0.0,0.0,0.0,0.0,Current,0,,0.0,,REVIEW,0.8
LN003550,2,0.0,0.0,0.0,0.0,Current,0,,0.0,,REVIEW,0.8
LN003550,3,0.0,0.0,0.0,0.0,Current,0,,0.0,,REVIEW,0.8
LN003550,4,0.0,0.0,0.0,0.0,Current,0,,0.0,,REVIEW,0.8
LN003550,5,0.0,0.0,0.0,0.0,Current,0,,0.0,,REVIEW,0.8
LN003550,6,0.0,0.0,0.0,0.0,Current,0,,0.0,,REVIEW,0.8
LN003550,7,0.0,0.0,0.0,0.0,Current,0,,0.0,,REVIEW,0.8
LN003550,8,0.0,0.0,0.0,0.0,Current,0,,0.0,,REVIEW,0.8
LN003550,9,0.0,0.0,0.0,0.0,Current,0,,0.0,,REVIEW,0.8
LN003550,10,0.0,0.0,0.0,0.0,Current,0,,0.0,,REVIEW,0.8
LN003550,11,0.0,0.0,0.0,0.0,Current,0,,0.0,,REVIEW,0.8
LN003550,12,0.0,0.0,0.0,0.0,Current,0,,0.0,,REVIEW,0.8
LN003550,13,0.0,0.0,0.0,0.0,Current,0,,0.0,,REVIEW,0.8
LN003550,14,0.0,0.0,0.0,0.0,Current,0,,0.0,,REVIEW,0.8
LN003550,15,0.0,0.0,0.0,0.0,Current,0,,0.0,,REVIEW,0.8
LN003550,16,0.0,0.0,0.0,0.0,Current,0,,0.0,,REVIEW,0.8
LN003550,17,0.0,0.0,0.0,0.0,Current,0,,0.0,,REVIEW,0.8
LN003550,18,0.0,0.0,0.0,0.0,Current,0,,0.0,,REVIEW,0.8
LN003550,19,0.0,0.0,0.0,0.0,Current,0,,0.0,,REVIEW,0.8
LN003550,20,0.0,0.0,0.0,0.0,Current,0,,0.0,,REVIEW,0.8
LN003550,21,0.0,0.0,0.0,0.0,Current,0,,0.0,,REVIEW,0.8
LN003550,22,0.0,0.0,0.0,0.0,Current,0,,0.0,,REVIEW,0.8
LN003550,23,0.0,0.0,0.0,0.0,Current,0,,0.0,,REVIEW,0.8
LN003550,24,0.0,0.0,0.0,0.0,Current,0,,0.0,,REVIEW,0.8
LN003551,1,0.0,0.0,0.0,0.0,Current,0,,0.0,,REVIEW,0.8
LN003551,2,0.0,0.0,0.0,0.0,Current,0,,0.0,,REVIEW,0.8
LN003551,3,0.0,0.0,0.0,0.0,Current,0,,0.0,,REVIEW,0.8
LN003551,4,0.0,0.0,0.0,0.0,Current,0,,0.0,,REVIEW,0.8
LN003551,5,0.0,0.0,0.0,0.0,Current,0,,0.0,,REVIEW,0.8
LN003552,1,0.0,0.0,0.0,0.0,Current,0,,0.0,,REVIEW,0.8
LN003552,2,0.0,0.0,0.0,0.0,Current,0,,0.0,,REVIEW,0.8
LN003552,3,0.0,0.0,0.0,0.0,Current,0,,0.0,,REVIEW,0.8
LN003552,4,0.0,0.0,0.0,0.0,Current,0,,0.0,,REVIEW,0.8
LN003552,5,0.0,0.0,0.0,0.0,Current,0,,0.0,,REVIEW,0.8
LN003552,6,0.0,0.0,0.0,0.0,Current,0,,0.0,,REVIEW,0.8
LN003552,7,0.0,0.0,0.0,0.0,Current,0,,0.0,,REVIEW,0.8
LN003552,8,0.0,0.0,0.0,0.0,Current,0,,0.0,,REVIEW,0.8
LN003552,9,0.0,0.0,0.0,0.0,Current,0,,0.0,,REVIEW,0.8
LN003552,10,0.0,0.0,0.0,0.0,Current,0,,0.0,,REVIEW,0.8
LN003552,11,0.0,0.0,0.0,0.0,Current,0,,0.0,,REVIEW,0.8
LN003552,12,0.0,0.0,0.0,0.0,Current,0,,0.0,,REVIEW,0.8
LN003552,13,0.0,0.0,0.0,0.0,Current,0,,0.0,,REVIEW,0.8
LN003552,14,0.0,0.0,0.0,0.0,Current,0,,0.0,,REVIEW,0.8
LN003552,15,0.0,0.0,0.0,0.0,Current,0,,0.0,,REVIEW,0.8
LN003552,16,0.0,0.0,0.0,0.0,Current,0,,0.0,,REVIEW,0.8
LN003552,17,0.0,0.0,0.0,0.0,Current,0,,0.0,,REVIEW,0.8
LN003552,18,0.0,0.0,0.0,0.0,Current,0,,0.0,,REVIEW,0.8
LN003552,19,0.0,0.0,0.0,0.0,Current,0,,0.0,,REVIEW,0.8
LN003552,20,0.0,0.0,0.0,0.0,Current,0,,0.0,,REVIEW,0.8
LN003552,21,0.0,0.0,0.0,0.0,Current,0,,0.0,,REVIEW,0.8
LN003552,22,0.0,0.0,0.0,0.0,Current,0,,0.0,,REVIEW,0.8
LN003552,23,0.0,0.0,0.0,0.0,Current,0,,0.0,,REVIEW,0.8
LN003552,24,0.0,0.0,0.0,0.0,Current,0,,0.0,,REVIEW,0.8
LN003553,1,0.0,0.0,0.0,0.0,Current,0,,0.0,,REVIEW,0.8
LN003553,2,0.0,0.0,0.0,0.0,Current,0,,0.0,,REVIEW,0.8
LN003553,3,0.0,0.0,0.0,0.0,Current,0,,0.0,,REVIEW,0.8
LN003553,4,0.0,0.0,0.0,0.0,Current,0,,0.0,,REVIEW,0.8
LN003553,5,0.0,0.0,0.0,0.0,Current,0,,0.0,,REVIEW,0.8
LN003553,6,0.0,0.0,0.0,0.0,Current,0,,0.0,,REVIEW,0.8
LN003553,7,0.0,0.0,0.0,0.0,Current,0,,0.0,,REVIEW,0.8
LN003553,8,0.0,0.0,0.0,0.0,Current,0,,0.0,,REVIEW,0.8
LN003553,9,0.0,0.0,0.0,0.0,Current,0,,0.0,,REVIEW,0.8
LN003553,10,0.0,0.0,0.0,0.0,Current,0,,0.0,,REVIEW,0.8
LN003553,11,0.0,0.0,0.0,0.0,Current,0,,0.0,,REVIEW,0.8
LN003553,12,0.0,0.0,0.0,0.0,Current,0,,0.0,,REVIEW,0.8
LN003553,13,0.0,0.0,0.0,0.0,Current,0,,0.0,,REVIEW,0.8
LN003553,14,0.0,0.0,0.0,0.0,Current,0,,0.0,,REVIEW,0.8
LN003553,15,0.0,0.0,0.0,0.0,Current,0,,0.0,,REVIEW,0.8
LN003553,16,0.0,0.0,0.0,0.0,Current,0,,0.0,,REVIEW,0.8
LN003553,17,0.0,0.0,0.0,0.0,Current,0,,0.0,,REVIEW,0.8
LN003553,18,0.0,0.0,0.0,0.0,Current,0,,0.0,,REVIEW,0.8
LN003553,19,0.0,0.0,0.0,0.0,Current,0,,0.0,,REVIEW,0.8
LN003553,20,0.0,0.0,0.0,0.0,Current,0,,0.0,,REVIEW,0.8
LN003553,21,0.0,0.0,0.0,0.0,Current,0,,0.0,,REVIEW,0.8
LN003553,22,0.0,0.0,0.0,0.0,Current,0,,0.0,,REVIEW,0.8
LN003553,23,0.0,0.0,0.0,0.0,Current,0,,0.0,,REVIEW,0.8
LN003553,24,0.0,0.0,0.0,0.0,Current,0,,0.0,,REVIEW,0.8
LN003554,1,0.0,0.0,0.0,0.0,Current,0,,0.0,,REVIEW,0.8
LN003554,2,0.0,0.0,0.0,0.0,Current,0,,0.0,,REVIEW,0.8
LN003554,3,0.0,0.0,0.0,0.0,Current,0,,0.0,,REVIEW,0.8
LN003554,4,0.0,0.0,0.0,0.0,Current,0,,0.0,,REVIEW,0.8
LN003554,5,0.0,0.0,0.0,0.0,Current,0,,0.0,,REVIEW,0.8
LN003554,6,0.0,0.0,0.0,0.0,Current,0,,0.0,,REVIEW,0.8
LN003554,7,0.0,0.0,0.0,0.0,Current,0,,0.0,,REVIEW,0.8
LN003554,8,0.0,0.0,0.0,0.0,Current,0,,0.0,,REVIEW,0.8
LN003554,9,0.0,0.0,0.0,0.0,Current,0,,0.0,,REVIEW,0.8
LN003554,10,0.0,0.0,0.0,0.0,Current,0,,0.0,,REVIEW,0.8
LN003554,11,0.0,0.0,0.0,0.0,Current,0,,0.0,,REVIEW,0.8
LN003554,12,0.0,0.0,0.0,0.0,Current,0,,0.0,,REVIEW,0.8
LN003554,13,0.0,0.0,0.0,0.0,Current,0,,0.0,,REVIEW,0.8
LN003554,14,0.0,0.0,0.0,0.0,Current,0,,0.0,,REVIEW,0.8
LN003554,15,0.0,0.0,0.0,0.0,Current,0,,0.0,,REVIEW,0.8
LN003554,16,0.0,0.0,0.0,0.0,Current,0,,0.0,,REVIEW,0.8
LN003554,17,0.0,0.0,0.0,0.0,Current,0,,0.0,,REVIEW,0.8
LN003554,18,0.0,0.0,0.0,0.0,Current,0,,0.0,,REVIEW,0.8
LN003554,19,0.0,0.0,0.0,0.0,Current,0,,0.0,,REVIEW,0.8
LN003554,20,0.0,0.0,0.0,0.0,Current,0,,0.0,,REVIEW,0.8
LN003554,21,0.0,0.0,0.0,0.0,Current,0,,0.0,,REVIEW,0.8
LN003555,1,0.0,0.0,0.0,0.0,Current,0,,0.0,,REVIEW,0.8
LN003555,2,0.0,0.0,0.0,0.0,Current,0,,0.0,,REVIEW,0.8
LN003555,3,0.0,0.0,0.0,0.0,Current,0,,0.0,,REVIEW,0.8
LN003555,4,0.0,0.0,0.0,0.0,Current,0,,0.0,,REVIEW,0.8
LN003555,5,0.0,0.0,0.0,0.0,Current,0,,0.0,,REVIEW,0.8
LN003555,6,0.0,0.0,0.0,0.0,Current,0,,0.0,,REVIEW,0.8
LN003555,7,0.0,0.0,0.0,0.0,Current,0,,0.0,,REVIEW,0.8
LN003555,8,0.0,0.0,0.0,0.0,Current,0,,0.0,,REVIEW,0.8
LN003555,9,0.0,0.0,0.0,0.0,Current,0,,0.0,,REVIEW,0.8
LN003555,10,0.0,0.0,0.0,0.0,Current,0,,0.0,,REVIEW,0.8
LN003555,11,0.0,0.0,0.0,0.0,Current,0,,0.0,,REVIEW,0.8
LN003555,12,0.0,0.0,0.0,0.0,Current,0,,0.0,,REVIEW,0.8
LN003555,13,0.0,0.0,0.0,0.0,Current,0,,0.0,,REVIEW,0.8
LN003555,14,0.0,0.0,0.0,0.0,Current,0,,0.0,,REVIEW,0.8
LN003555,15,0.0,0.0,0.0,0.0,Current,0,,0.0,,REVIEW,0.8
LN003555,16,0.0,0.0,0.0,0.0,Current,0,,0.0,,REVIEW,0.8
LN003555,17,0.0,0.0,0.0,0.0,Current,0,,0.0,,REVIEW,0.8
LN003555,18,0.0,0.0,0.0,0.0,Current,0,,0.0,,REVIEW,0.8
LN003555,19,0.0,0.0,0.0,0.0,Current,0,,0.0,,REVIEW,0.8
LN003555,20,0.0,0.0,0.0,0.0,Current,0,,0.0,,REVIEW,0.8
LN003555,21,0.0,0.0,0.0,0.0,Current,0,,0.0,,REVIEW,0.8
LN003555,22,0.0,0.0,0.0,0.0,Current,0,,0.0,,REVIEW,0.8
LN003555,23,0.0,0.0,0.0,0.0,Current,0,,0.0,,REVIEW,0.8
LN003555,24,0.0,0.0,0.0,0.0,Current,0,,0.0,,REVIEW,0.8
LN003556,1,0.0,0.0,0.0,0.0,Current,0,,0.0,,REVIEW,0.8
LN003556,2,0.0,0.0,0.0,0.0,Current,0,,0.0,,REVIEW,0.8
LN003556,3,0.0,0.0,0.0,0.0,Current,0,,0.0,,REVIEW,0.8
LN003556,4,0.0,0.0,0.0,0.0,Current,0,,0.0,,REVIEW,0.8
LN003556,5,0.0,0.0,0.0,0.0,Current,0,,0.0,,REVIEW,0.8
LN003556,6,0.0,0.0,0.0,0.0,Current,0,,0.0,,REVIEW,0.8
LN003556,7,0.0,0.0,0.0,0.0,Current,0,,0.0,,REVIEW,0.8
LN003556,8,0.0,0.0,0.0,0.0,Current,0,,0.0,,REVIEW,0.8
LN003556,9,0.0,0.0,0.0,0.0,Current,0,,0.0,,REVIEW,0.8
LN003556,10,0.0,0.0,0.0,0.0,Current,0,,0.0,,REVIEW,0.8
LN003556,11,0.0,0.0,0.0,0.0,Current,0,,0.0,,REVIEW,0.8
LN003556,12,0.0,0.0,0.0,0.0,Current,0,,0.0,,REVIEW,0.8
LN003556,13,0.0,0.0,0.0,0.0,Current,0,,0.0,,REVIEW,0.8
LN003556,14,0.0,0.0,0.0,0.0,Current,0,,0.0,,REVIEW,0.8
LN003556,15,0.0,0.0,0.0,0.0,Current,0,,0.0,,REVIEW,0.8
LN003556,16,0.0,0.0,0.0,0.0,Current,0,,0.0,,REVIEW,0.8
LN003556,17,0.0,0.0,0.0,0.0,Current,0,,0.0,,REVIEW,0.8
LN003556,18,0.0,0.0,0.0,0.0,Current,0,,0.0,,REVIEW,0.8
LN003556,19,0.0,0.0,0.0,0.0,Current,0,,0.0,,REVIEW,0.8
LN003556,20,0.0,0.0,0.0,0.0,Current,0,,0.0,,REVIEW,0.8
LN003556,21,0.0,0.0,0.0,0.0,Current,0,,0.0,,REVIEW,0.8
LN003556,22,0.0,0.0,0.0,0.0,Current,0,,0.0,,REVIEW,0.8
LN003556,23,0.0,0.0,0.0,0.0,Current,0,,0.0,,REVIEW,0.8
LN003556,24,0.0,0.0,0.0,0.0,Current,0,,0.0,,REVIEW,0.8
LN003557,1,0.0,0.0,0.0,0.0,Current,0,,0.0,,REVIEW,0.8
LN003557,2,0.0,0.0,0.0,0.0,Current,0,,0.0,,REVIEW,0.8
LN003557,3,0.0,0.0,0.0,0.0,Current,0,,0.0,,REVIEW,0.8
LN003557,4,0.0,0.0,0.0,0.0,Current,0,,0.0,,REVIEW,0.8
LN003557,5,0.0,0.0,0.0,0.0,Current,0,,0.0,,REVIEW,0.8
LN003557,6,0.0,0.0,0.0,0.0,Current,0,,0.0,,REVIEW,0.8
LN003557,7,0.0,0.0,0.0,0.0,Current,0,,0.0,,REVIEW,0.8
LN003557,8,0.0,0.0,0.0,0.0,Current,0,,0.0,,REVIEW,0.8
LN003557,9,0.0,0.0,0.0,0.0,Current,0,,0.0,,REVIEW,0.8
LN003557,10,0.0,0.0,0.0,0.0,Current,0,,0.0,,REVIEW,0.8
LN003557,11,0.0,0.0,0.0,0.0,Current,0,,0.0,,REVIEW,0.8
LN003557,12,0.0,0.0,0.0,0.0,Current,0,,0.0,,REVIEW,0.8
LN003557,13,0.0,0.0,0.0,0.0,Current,0,,0.0,,REVIEW,0.8
LN003557,14,0.0,0.0,0.0,0.0,Current,0,,0.0,,REVIEW,0.8
LN003557,15,0.0,0.0,0.0,0.0,Current,0,,0.0,,REVIEW,0.8
LN003557,16,0.0,0.0,0.0,0.0,Current,0,,0.0,,REVIEW,0.8
LN003557,17,0.0,0.0,0.0,0.0,Current,0,,0.0,,REVIEW,0.8
LN003557,18,0.0,0.0,0.0,0.0,Current,0,,0.0,,REVIEW,0.8
LN003557,19,0.0,0.0,0.0,0.0,Current,0,,0.0,,REVIEW,0.8
LN003557,20,0.0,0.0,0.0,0.0,Current,0,,0.0,,REVIEW,0.8
LN003557,21,0.0,0.0,0.0,0.0,Current,0,,0.0,,REVIEW,0.8
LN003557,22,0.0,0.0,0.0,0.0,Current,0,,0.0,,REVIEW,0.8
LN003557,23,0.0,0.0,0.0,0.0,Current,0,,0.0,,REVIEW,0.8
LN003557,24,0.0,0.0,0.0,0.0,Current,0,,0.0,,REVIEW,0.8
LN003558,1,0.0,0.0,0.0,0.0,Current,0,,0.0,,REVIEW,0.8
LN003558,2,0.0,0.0,0.0,0.0,Current,0,,0.0,,REVIEW,0.8
LN003558,3,0.0,0.0,0.0,0.0,Current,0,,0.0,,REVIEW,0.8
LN003558,4,0.0,0.0,0.0,0.0,Current,0,,0.0,,REVIEW,0.8
LN003558,5,0.0,0.0,0.0,0.0,Current,0,,0.0,,REVIEW,0.8
LN003558,6,0.0,0.0,0.0,0.0,Current,0,,0.0,,REVIEW,0.8
LN003559,1,0.0,0.0,0.0,0.0,Current,0,,0.0,,REVIEW,0.8
LN003559,2,0.0,0.0,0.0,0.0,Current,0,,0.0,,REVIEW,0.8
LN003559,3,0.0,0.0,0.0,0.0,Current,0,,0.0,,REVIEW,0.8
LN003559,4,0.0,0.0,0.0,0.0,Current,0,,0.0,,REVIEW,0.8
LN003559,5,0.0,0.0,0.0,0.0,Current,0,,0.0,,REVIEW,0.8
LN003559,6,0.0,0.0,0.0,0.0,Current,0,,0.0,,REVIEW,0.8
LN003559,7,0.0,0.0,0.0,0.0,Current,0,,0.0,,REVIEW,0.8
LN003559,8,0.0,0.0,0.0,0.0,Current,0,,0.0,,REVIEW,0.8
LN003559,9,0.0,0.0,0.0,0.0,Current,0,,0.0,,REVIEW,0.8
LN003559,10,0.0,0.0,0.0,0.0,Current,0,,0.0,,REVIEW,0.8
LN003559,11,0.0,0.0,0.0,0.0,Current,0,,0.0,,REVIEW,0.8
LN003559,12,0.0,0.0,0.0,0.0,Current,0,,0.0,,REVIEW,0.8
LN003559,13,0.0,0.0,0.0,0.0,Current,0,,0.0,,REVIEW,0.8
LN003559,14,0.0,0.0,0.0,0.0,Current,0,,0.0,,REVIEW,0.8
LN003559,15,0.0,0.0,0.0,0.0,Current,0,,0.0,,REVIEW,0.8
LN003559,16,0.0,0.0,0.0,0.0,Current,0,,0.0,,REVIEW,0.8
LN003559,17,0.0,0.0,0.0,0.0,Current,0,,0.0,,REVIEW,0.8
LN003559,18,0.0,0.0,0.0,0.0,Current,0,,0.0,,REVIEW,0.8
LN003559,19,0.0,0.0,0.0,0.0,Current,0,,0.0,,REVIEW,0.8
LN003559,20,0.0,0.0,0.0,0.0,Current,0,,0.0,,REVIEW,0.8
LN003559,21,0.0,0.0,0.0,0.0,Current,0,,0.0,,REVIEW,0.8
LN003559,22,0.0,0.0,0.0,0.0,Current,0,,0.0,,REVIEW,0.8
LN003559,23,0.0,0.0,0.0,0.0,Current,0,,0.0,,REVIEW,0.8
LN003559,24,0.0,0.0,0.0,0.0,Current,0,,0.0,,REVIEW,0.8
LN003560,1,0.0,0.0,0.0,0.0,Current,0,,0.0,,REVIEW,0.8
LN003560,2,0.0,0.0,0.0,0.0,Current,0,,0.0,,REVIEW,0.8
LN003560,3,0.0,0.0,0.0,0.0,Current,0,,0.0,,REVIEW,0.8
LN003560,4,0.0,0.0,0.0,0.0,Current,0,,0.0,,REVIEW,0.8
LN003560,5,0.0,0.0,0.0,0.0,Current,0,,0.0,,REVIEW,0.8
LN003560,6,0.0,0.0,0.0,0.0,Current,0,,0.0,,REVIEW,0.8
LN003560,7,0.0,0.0,0.0,0.0,Current,0,,0.0,,REVIEW,0.8
LN003560,8,0.0,0.0,0.0,0.0,Current,0,,0.0,,REVIEW,0.8
LN003560,9,0.0,0.0,0.0,0.0,Current,0,,0.0,,REVIEW,0.8
LN003560,10,0.0,0.0,0.0,0.0,Current,0,,0.0,,REVIEW,0.8
LN003560,11,0.0,0.0,0.0,0.0,Current,0,,0.0,,REVIEW,0.8
LN003560,12,0.0,0.0,0.0,0.0,Current,0,,0.0,,REVIEW,0.8
LN003560,13,0.0,0.0,0.0,0.0,Current,0,,0.0,,REVIEW,0.8
LN003560,14,0.0,0.0,0.0,0.0,Current,0,,0.0,,REVIEW,0.8
LN003560,15,0.0,0.0,0.0,0.0,Current,0,,0.0,,REVIEW,0.8
LN003560,16,0.0,0.0,0.0,0.0,Current,0,,0.0,,REVIEW,0.8
LN003560,17,0.0,0.0,0.0,0.0,Current,0,,0.0,,REVIEW,0.8
LN003560,18,0.0,0.0,0.0,0.0,Current,0,,0.0,,REVIEW,0.8
LN003560,19,0.0,0.0,0.0,0.0,Current,0,,0.0,,REVIEW,0.8
LN003560,20,0.0,0.0,0.0,0.0,Current,0,,0.0,,REVIEW,0.8
LN003560,21,0.0,0.0,0.0,0.0,Current,0,,0.0,,REVIEW,0.8
LN003560,22,0.0,0.0,0.0,0.0,Current,0,,0.0,,REVIEW,0.8
LN003560,23,0.0,0.0,0.0,0.0,Current,0,,0.0,,REVIEW,0.8
LN003560,24,0.0,0.0,0.0,0.0,Current,0,,0.0,,REVIEW,0.8
LN003561,1,0.0,0.0,0.0,0.0,Current,0,,0.0,,REVIEW,0.8
LN003561,2,0.0,0.0,0.0,0.0,Current,0,,0.0,,REVIEW,0.8
LN003561,3,0.0,0.0,0.0,0.0,Current,0,,0.0,,REVIEW,0.8
LN003561,4,0.0,0.0,0.0,0.0,Current,0,,0.0,,REVIEW,0.8
LN003561,5,0.0,0.0,0.0,0.0,Current,0,,0.0,,REVIEW,0.8
LN003561,6,0.0,0.0,0.0,0.0,Current,0,,0.0,,REVIEW,0.8
LN003561,7,0.0,0.0,0.0,0.0,Current,0,,0.0,,REVIEW,0.8
LN003561,8,0.0,0.0,0.0,0.0,Current,0,,0.0,,REVIEW,0.8
LN003562,1,0.0,0.0,0.0,0.0,Current,0,,0.0,,REVIEW,0.8
LN003562,2,0.0,0.0,0.0,0.0,Current,0,,0.0,,REVIEW,0.8
LN003562,3,0.0,0.0,0.0,0.0,Current,0,,0.0,,REVIEW,0.8
LN003562,4,0.0,0.0,0.0,0.0,Current,0,,0.0,,REVIEW,0.8
LN003562,5,0.0,0.0,0.0,0.0,Current,0,,0.0,,REVIEW,0.8
LN003562,6,0.0,0.0,0.0,0.0,Current,0,,0.0,,REVIEW,0.8
LN003562,7,0.0,0.0,0.0,0.0,Current,0,,0.0,,REVIEW,0.8
LN003562,8,0.0,0.0,0.0,0.0,Current,0,,0.0,,REVIEW,0.8
LN003562,9,0.0,0.0,0.0,0.0,Current,0,,0.0,,REVIEW,0.8
LN003562,10,0.0,0.0,0.0,0.0,Current,0,,0.0,,REVIEW,0.8
LN003562,11,0.0,0.0,0.0,0.0,Current,0,,0.0,,REVIEW,0.8
LN003562,12,0.0,0.0,0.0,0.0,Current,0,,0.0,,REVIEW,0.8
LN003562,13,0.0,0.0,0.0,0.0,Current,0,,0.0,,REVIEW,0.8
LN003562,14,0.0,0.0,0.0,0.0,Current,0,,0.0,,REVIEW,0.8
LN003562,15,0.0,0.0,0.0,0.0,Current,0,,0.0,,REVIEW,0.8
LN003562,16,0.0,0.0,0.0,0.0,Current,0,,0.0,,REVIEW,0.8
LN003562,17,0.0,0.0,0.0,0.0,Current,0,,0.0,,REVIEW,0.8
LN003562,18,0.0,0.0,0.0,0.0,Current,0,,0.0,,REVIEW,0.8
LN003562,19,0.0,0.0,0.0,0.0,Current,0,,0.0,,REVIEW,0.8
LN003562,20,0.0,0.0,0.0,0.0,Current,0,,0.0,,REVIEW,0.8
LN003562,21,0.0,0.0,0.0,0.0,Current,0,,0.0,,REVIEW,0.8
LN003562,22,0.0,0.0,0.0,0.0,Current,0,,0.0,,REVIEW,0.8
LN003562,23,0.0,0.0,0.0,0.0,Current,0,,0.0,,REVIEW,0.8
LN003562,24,0.0,0.0,0.0,0.0,Current,0,,0.0,,REVIEW,0.8
LN003563,1,0.0,0.0,0.0,0.0,Current,0,,0.0,,REVIEW,0.8
LN003563,2,0.0,0.0,0.0,0.0,Current,0,,0.0,,REVIEW,0.8
LN003563,3,0.0,0.0,0.0,0.0,Current,0,,0.0,,REVIEW,0.8
LN003563,4,0.0,0.0,0.0,0.0,Current,0,,0.0,,REVIEW,0.8
LN003563,5,0.0,0.0,0.0,0.0,Current,0,,0.0,,REVIEW,0.8
LN003563,6,0.0,0.0,0.0,0.0,Current,0,,0.0,,REVIEW,0.8
LN003563,7,0.0,0.0,0.0,0.0,Current,0,,0.0,,REVIEW,0.8
LN003563,8,0.0,0.0,0.0,0.0,Current,0,,0.0,,REVIEW,0.8
LN003563,9,0.0,0.0,0.0,0.0,Current,0,,0.0,,REVIEW,0.8
LN003563,10,0.0,0.0,0.0,0.0,Current,0,,0.0,,REVIEW,0.8
LN003563,11,0.0,0.0,0.0,0.0,Current,0,,0.0,,REVIEW,0.8
LN003563,12,0.0,0.0,0.0,0.0,Current,0,,0.0,,REVIEW,0.8
LN003563,13,0.0,0.0,0.0,0.0,Current,0,,0.0,,REVIEW,0.8
LN003563,14,0.0,0.0,0.0,0.0,Current,0,,0.0,,REVIEW,0.8
LN003564,1,0.0,0.0,0.0,0.0,Current,0,,0.0,,REVIEW,0.8
LN003564,2,0.0,0.0,0.0,0.0,Current,0,,0.0,,REVIEW,0.8
LN003564,3,0.0,0.0,0.0,0.0,Current,0,,0.0,,REVIEW,0.8
LN003564,4,0.0,0.0,0.0,0.0,Current,0,,0.0,,REVIEW,0.8
LN003565,1,0.0,0.0,0.0,0.0,Current,0,,0.0,,REVIEW,0.8
LN003565,2,0.0,0.0,0.0,0.0,Current,0,,0.0,,REVIEW,0.8
LN003565,3,0.0,0.0,0.0,0.0,Current,0,,0.0,,REVIEW,0.8
LN003565,4,0.0,0.0,0.0,0.0,Current,0,,0.0,,REVIEW,0.8
LN003565,5,0.0,0.0,0.0,0.0,Current,0,,0.0,,REVIEW,0.8
LN003565,6,0.0,0.0,0.0,0.0,Current,0,,0.0,,REVIEW,0.8
LN003565,7,0.0,0.0,0.0,0.0,Current,0,,0.0,,REVIEW,0.8
LN003565,8,0.0,0.0,0.0,0.0,Current,0,,0.0,,REVIEW,0.8
LN003565,9,0.0,0.0,0.0,0.0,Current,0,,0.0,,REVIEW,0.8
LN003565,10,0.0,0.0,0.0,0.0,Current,0,,0.0,,REVIEW,0.8
LN003565,11,0.0,0.0,0.0,0.0,Current,0,,0.0,,REVIEW,0.8
LN003565,12,0.0,0.0,0.0,0.0,Current,0,,0.0,,REVIEW,0.8
LN003565,13,0.0,0.0,0.0,0.0,Current,0,,0.0,,REVIEW,0.8
LN003565,14,0.0,0.0,0.0,0.0,Current,0,,0.0,,REVIEW,0.8
LN003565,15,0.0,0.0,0.0,0.0,Current,0,,0.0,,REVIEW,0.8
LN003566,1,0.0,0.0,0.0,0.0,Current,0,,0.0,,REVIEW,0.8
LN003566,2,0.0,0.0,0.0,0.0,Current,0,,0.0,,REVIEW,0.8
LN003566,3,0.0,0.0,0.0,0.0,Current,0,,0.0,,REVIEW,0.8
LN003566,4,0.0,0.0,0.0,0.0,Current,0,,0.0,,REVIEW,0.8
LN003566,5,0.0,0.0,0.0,0.0,Current,0,,0.0,,REVIEW,0.8
LN003566,6,0.0,0.0,0.0,0.0,Current,0,,0.0,,REVIEW,0.8
LN003566,7,0.0,0.0,0.0,0.0,Current,0,,0.0,,REVIEW,0.8
LN003566,8,0.0,0.0,0.0,0.0,Current,0,,0.0,,REVIEW,0.8
LN003566,9,0.0,0.0,0.0,0.0,Current,0,,0.0,,REVIEW,0.8
LN003566,10,0.0,0.0,0.0,0.0,Current,0,,0.0,,REVIEW,0.8
LN003566,11,0.0,0.0,0.0,0.0,Current,0,,0.0,,REVIEW,0.8
LN003566,12,0.0,0.0,0.0,0.0,Current,0,,0.0,,REVIEW,0.8
LN003566,13,0.0,0.0,0.0,0.0,Current,0,,0.0,,REVIEW,0.8
LN003566,14,0.0,0.0,0.0,0.0,Current,0,,0.0,,REVIEW,0.8
LN003566,15,0.0,0.0,0.0,0.0,Current,0,,0.0,,REVIEW,0.8
LN003566,16,0.0,0.0,0.0,0.0,Current,0,,0.0,,REVIEW,0.8
LN003566,17,0.0,0.0,0.0,0.0,Current,0,,0.0,,REVIEW,0.8
LN003566,18,0.0,0.0,0.0,0.0,Current,0,,0.0,,REVIEW,0.8
LN003566,19,0.0,0.0,0.0,0.0,Current,0,,0.0,,REVIEW,0.8
LN003566,20,0.0,0.0,0.0,0.0,Current,0,,0.0,,REVIEW,0.8
LN003566,21,0.0,0.0,0.0,0.0,Current,0,,0.0,,REVIEW,0.8
LN003566,22,0.0,0.0,0.0,0.0,Current,0,,0.0,,REVIEW,0.8
LN003566,23,0.0,0.0,0.0,0.0,Current,0,,0.0,,REVIEW,0.8
LN003566,24,0.0,0.0,0.0,0.0,Current,0,,0.0,,REVIEW,0.8
LN003567,1,0.0,0.0,0.0,0.0,Current,0,,0.0,,REVIEW,0.8
LN003567,2,0.0,0.0,0.0,0.0,Current,0,,0.0,,REVIEW,0.8
LN003567,3,0.0,0.0,0.0,0.0,Current,0,,0.0,,REVIEW,0.8
LN003567,4,0.0,0.0,0.0,0.0,Current,0,,0.0,,REVIEW,0.8
LN003567,5,0.0,0.0,0.0,0.0,Current,0,,0.0,,REVIEW,0.8
LN003567,6,0.0,0.0,0.0,0.0,Current,0,,0.0,,REVIEW,0.8
LN003567,7,0.0,0.0,0.0,0.0,Current,0,,0.0,,REVIEW,0.8
LN003567,8,0.0,0.0,0.0,0.0,Current,0,,0.0,,REVIEW,0.8
LN003567,9,0.0,0.0,0.0,0.0,Current,0,,0.0,,REVIEW,0.8
LN003567,10,0.0,0.0,0.0,0.0,Current,0,,0.0,,REVIEW,0.8
LN003567,11,0.0,0.0,0.0,0.0,Current,0,,0.0,,REVIEW,0.8
LN003567,12,0.0,0.0,0.0,0.0,Current,0,,0.0,,REVIEW,0.8
LN003567,13,0.0,0.0,0.0,0.0,Current,0,,0.0,,REVIEW,0.8
LN003567,14,0.0,0.0,0.0,0.0,Current,0,,0.0,,REVIEW,0.8
LN003567,15,0.0,0.0,0.0,0.0,Current,0,,0.0,,REVIEW,0.8
LN003567,16,0.0,0.0,0.0,0.0,Current,0,,0.0,,REVIEW,0.8
LN003567,17,0.0,0.0,0.0,0.0,Current,0,,0.0,,REVIEW,0.8
LN003567,18,0.0,0.0,0.0,0.0,Current,0,,0.0,,REVIEW,0.8
LN003567,19,0.0,0.0,0.0,0.0,Current,0,,0.0,,REVIEW,0.8
LN003568,1,0.0,0.0,0.0,0.0,Current,0,,0.0,,REVIEW,0.8
LN003568,2,0.0,0.0,0.0,0.0,Current,0,,0.0,,REVIEW,0.8
LN003568,3,0.0,0.0,0.0,0.0,Current,0,,0.0,,REVIEW,0.8
LN003568,4,0.0,0.0,0.0,0.0,Current,0,,0.0,,REVIEW,0.8
LN003568,5,0.0,0.0,0.0,0.0,Current,0,,0.0,,REVIEW,0.8
LN003568,6,0.0,0.0,0.0,0.0,Current,0,,0.0,,REVIEW,0.8
LN003568,7,0.0,0.0,0.0,0.0,Current,0,,0.0,,REVIEW,0.8
LN003568,8,0.0,0.0,0.0,0.0,Current,0,,0.0,,REVIEW,0.8
LN003568,9,0.0,0.0,0.0,0.0,Current,0,,0.0,,REVIEW,0.8
LN003568,10,0.0,0.0,0.0,0.0,Current,0,,0.0,,REVIEW,0.8
LN003568,11,0.0,0.0,0.0,0.0,Current,0,,0.0,,REVIEW,0.8
LN003568,12,0.0,0.0,0.0,0.0,Current,0,,0.0,,REVIEW,0.8
LN003568,13,0.0,0.0,0.0,0.0,Current,0,,0.0,,REVIEW,0.8
LN003568,14,0.0,0.0,0.0,0.0,Current,0,,0.0,,REVIEW,0.8
LN003568,15,0.0,0.0,0.0,0.0,Current,0,,0.0,,REVIEW,0.8
LN003568,16,0.0,0.0,0.0,0.0,Current,0,,0.0,,REVIEW,0.8
LN003568,17,0.0,0.0,0.0,0.0,Current,0,,0.0,,REVIEW,0.8
LN003568,18,0.0,0.0,0.0,0.0,Current,0,,0.0,,REVIEW,0.8
LN003568,19,0.0,0.0,0.0,0.0,Current,0,,0.0,,REVIEW,0.8
LN003568,20,0.0,0.0,0.0,0.0,Current,0,,0.0,,REVIEW,0.8
LN003568,21,0.0,0.0,0.0,0.0,Current,0,,0.0,,REVIEW,0.8
LN003568,22,0.0,0.0,0.0,0.0,Current,0,,0.0,,REVIEW,0.8
LN003568,23,0.0,0.0,0.0,0.0,Current,0,,0.0,,REVIEW,0.8
LN003568,24,0.0,0.0,0.0,0.0,Current,0,,0.0,,REVIEW,0.8
LN003569,1,0.0,0.0,0.0,0.0,Current,0,,0.0,,REVIEW,0.8
LN003569,2,0.0,0.0,0.0,0.0,Current,0,,0.0,,REVIEW,0.8
LN003569,3,0.0,0.0,0.0,0.0,Current,0,,0.0,,REVIEW,0.8
LN003569,4,0.0,0.0,0.0,0.0,Current,0,,0.0,,REVIEW,0.8
LN003569,5,0.0,0.0,0.0,0.0,Current,0,,0.0,,REVIEW,0.8
LN003569,6,0.0,0.0,0.0,0.0,Current,0,,0.0,,REVIEW,0.8
LN003569,7,0.0,0.0,0.0,0.0,Current,0,,0.0,,REVIEW,0.8
LN003569,8,0.0,0.0,0.0,0.0,Current,0,,0.0,,REVIEW,0.8
LN003569,9,0.0,0.0,0.0,0.0,Current,0,,0.0,,REVIEW,0.8
LN003569,10,0.0,0.0,0.0,0.0,Current,0,,0.0,,REVIEW,0.8
LN003569,11,0.0,0.0,0.0,0.0,Current,0,,0.0,,REVIEW,0.8
LN003569,12,0.0,0.0,0.0,0.0,Current,0,,0.0,,REVIEW,0.8
LN003569,13,0.0,0.0,0.0,0.0,Current,0,,0.0,,REVIEW,0.8
LN003569,14,0.0,0.0,0.0,0.0,Current,0,,0.0,,REVIEW,0.8
LN003569,15,0.0,0.0,0.0,0.0,Current,0,,0.0,,REVIEW,0.8
LN003569,16,0.0,0.0,0.0,0.0,Current,0,,0.0,,REVIEW,0.8
LN003569,17,0.0,0.0,0.0,0.0,Current,0,,0.0,,REVIEW,0.8
LN003569,18,0.0,0.0,0.0,0.0,Current,0,,0.0,,REVIEW,0.8
LN003569,19,0.0,0.0,0.0,0.0,Current,0,,0.0,,REVIEW,0.8
LN003569,20,0.0,0.0,0.0,0.0,Current,0,,0.0,,REVIEW,0.8
LN003569,21,0.0,0.0,0.0,0.0,Current,0,,0.0,,REVIEW,0.8
LN003569,22,0.0,0.0,0.0,0.0,Current,0,,0.0,,REVIEW,0.8
LN003569,23,0.0,0.0,0.0,0.0,Current,0,,0.0,,REVIEW,0.8
LN003569,24,0.0,0.0,0.0,0.0,Current,0,,0.0,,REVIEW,0.8
LN003570,1,0.0,0.0,0.0,0.0,Current,0,,0.0,,REVIEW,0.8
LN003570,2,0.0,0.0,0.0,0.0,Current,0,,0.0,,REVIEW,0.8
LN003570,3,0.0,0.0,0.0,0.0,Current,0,,0.0,,REVIEW,0.8
LN003570,4,0.0,0.0,0.0,0.0,Current,0,,0.0,,REVIEW,0.8
LN003570,5,0.0,0.0,0.0,0.0,Current,0,,0.0,,REVIEW,0.8
LN003570,6,0.0,0.0,0.0,0.0,Current,0,,0.0,,REVIEW,0.8
LN003570,7,0.0,0.0,0.0,0.0,Current,0,,0.0,,REVIEW,0.8
LN003570,8,0.0,0.0,0.0,0.0,Current,0,,0.0,,REVIEW,0.8
LN003570,9,0.0,0.0,0.0,0.0,Current,0,,0.0,,REVIEW,0.8
LN003570,10,0.0,0.0,0.0,0.0,Current,0,,0.0,,REVIEW,0.8
LN003570,11,0.0,0.0,0.0,0.0,Current,0,,0.0,,REVIEW,0.8
LN003570,12,0.0,0.0,0.0,0.0,Current,0,,0.0,,REVIEW,0.8
LN003570,13,0.0,0.0,0.0,0.0,Current,0,,0.0,,REVIEW,0.8
LN003570,14,0.0,0.0,0.0,0.0,Current,0,,0.0,,REVIEW,0.8
LN003570,15,0.0,0.0,0.0,0.0,Current,0,,0.0,,REVIEW,0.8
LN003570,16,0.0,0.0,0.0,0.0,Current,0,,0.0,,REVIEW,0.8
LN003570,17,0.0,0.0,0.0,0.0,Current,0,,0.0,,REVIEW,0.8
LN003570,18,0.0,0.0,0.0,0.0,Current,0,,0.0,,REVIEW,0.8
LN003570,19,0.0,0.0,0.0,0.0,Current,0,,0.0,,REVIEW,0.8
LN003570,20,0.0,0.0,0.0,0.0,Current,0,,0.0,,REVIEW,0.8
LN003570,21,0.0,0.0,0.0,0.0,Current,0,,0.0,,REVIEW,0.8
LN003570,22,0.0,0.0,0.0,0.0,Current,0,,0.0,,REVIEW,0.8
LN003570,23,0.0,0.0,0.0,0.0,Current,0,,0.0,,REVIEW,0.8
LN003570,24,0.0,0.0,0.0,0.0,Current,0,,0.0,,REVIEW,0.8
LN003571,1,0.0,0.0,0.0,0.0,Current,0,,0.0,,REVIEW,0.8
LN003571,2,0.0,0.0,0.0,0.0,Current,0,,0.0,,REVIEW,0.8
LN003571,3,0.0,0.0,0.0,0.0,Current,0,,0.0,,REVIEW,0.8
LN003571,4,0.0,0.0,0.0,0.0,Current,0,,0.0,,REVIEW,0.8
LN003571,5,0.0,0.0,0.0,0.0,Current,0,,0.0,,REVIEW,0.8
LN003571,6,0.0,0.0,0.0,0.0,Current,0,,0.0,,REVIEW,0.8
LN003571,7,0.0,0.0,0.0,0.0,Current,0,,0.0,,REVIEW,0.8
LN003571,8,0.0,0.0,0.0,0.0,Current,0,,0.0,,REVIEW,0.8
LN003571,9,0.0,0.0,0.0,0.0,Current,0,,0.0,,REVIEW,0.8
LN003571,10,0.0,0.0,0.0,0.0,Current,0,,0.0,,REVIEW,0.8
LN003571,11,0.0,0.0,0.0,0.0,Current,0,,0.0,,REVIEW,0.8
LN003571,12,0.0,0.0,0.0,0.0,Current,0,,0.0,,REVIEW,0.8
LN003571,13,0.0,0.0,0.0,0.0,Current,0,,0.0,,REVIEW,0.8
LN003571,14,0.0,0.0,0.0,0.0,Current,0,,0.0,,REVIEW,0.8
LN003571,15,0.0,0.0,0.0,0.0,Current,0,,0.0,,REVIEW,0.8
LN003571,16,0.0,0.0,0.0,0.0,Current,0,,0.0,,REVIEW,0.8
LN003571,17,0.0,0.0,0.0,0.0,Current,0,,0.0,,REVIEW,0.8
LN003571,18,0.0,0.0,0.0,0.0,Current,0,,0.0,,REVIEW,0.8
LN003571,19,0.0,0.0,0.0,0.0,Current,0,,0.0,,REVIEW,0.8
LN003571,20,0.0,0.0,0.0,0.0,Current,0,,0.0,,REVIEW,0.8
LN003571,21,0.0,0.0,0.0,0.0,Current,0,,0.0,,REVIEW,0.8
LN003571,22,0.0,0.0,0.0,0.0,Current,0,,0.0,,REVIEW,0.8
LN003571,23,0.0,0.0,0.0,0.0,Current,0,,0.0,,REVIEW,0.8
LN003572,1,0.0,0.0,0.0,0.0,Current,0,,0.0,,REVIEW,0.8
LN003572,2,0.0,0.0,0.0,0.0,Current,0,,0.0,,REVIEW,0.8
LN003572,3,0.0,0.0,0.0,0.0,Current,0,,0.0,,REVIEW,0.8
LN003572,4,0.0,0.0,0.0,0.0,Current,0,,0.0,,REVIEW,0.8
LN003572,5,0.0,0.0,0.0,0.0,Current,0,,0.0,,REVIEW,0.8
LN003572,6,0.0,0.0,0.0,0.0,Current,0,,0.0,,REVIEW,0.8
LN003572,7,0.0,0.0,0.0,0.0,Current,0,,0.0,,REVIEW,0.8
LN003572,8,0.0,0.0,0.0,0.0,Current,0,,0.0,,REVIEW,0.8
LN003572,9,0.0,0.0,0.0,0.0,Current,0,,0.0,,REVIEW,0.8
LN003572,10,0.0,0.0,0.0,0.0,Current,0,,0.0,,REVIEW,0.8
LN003572,11,0.0,0.0,0.0,0.0,Current,0,,0.0,,REVIEW,0.8
LN003572,12,0.0,0.0,0.0,0.0,Current,0,,0.0,,REVIEW,0.8
LN003572,13,0.0,0.0,0.0,0.0,Current,0,,0.0,,REVIEW,0.8
LN003572,14,0.0,0.0,0.0,0.0,Current,0,,0.0,,REVIEW,0.8
LN003572,15,0.0,0.0,0.0,0.0,Current,0,,0.0,,REVIEW,0.8
LN003572,16,0.0,0.0,0.0,0.0,Current,0,,0.0,,REVIEW,0.8
LN003572,17,0.0,0.0,0.0,0.0,Current,0,,0.0,,REVIEW,0.8
LN003572,18,0.0,0.0,0.0,0.0,Current,0,,0.0,,REVIEW,0.8
LN003572,19,0.0,0.0,0.0,0.0,Current,0,,0.0,,REVIEW,0.8
LN003572,20,0.0,0.0,0.0,0.0,Current,0,,0.0,,REVIEW,0.8
LN003572,21,0.0,0.0,0.0,0.0,Current,0,,0.0,,REVIEW,0.8
LN003572,22,0.0,0.0,0.0,0.0,Current,0,,0.0,,REVIEW,0.8
LN003572,23,0.0,0.0,0.0,0.0,Current,0,,0.0,,REVIEW,0.8
LN003572,24,0.0,0.0,0.0,0.0,Current,0,,0.0,,REVIEW,0.8
LN003573,1,0.0,0.0,0.0,0.0,Current,0,,0.0,,REVIEW,0.8
LN003573,2,0.0,0.0,0.0,0.0,Current,0,,0.0,,REVIEW,0.8
LN003573,3,0.0,0.0,0.0,0.0,Current,0,,0.0,,REVIEW,0.8
LN003573,4,0.0,0.0,0.0,0.0,Current,0,,0.0,,REVIEW,0.8
LN003573,5,0.0,0.0,0.0,0.0,Current,0,,0.0,,REVIEW,0.8
LN003573,6,0.0,0.0,0.0,0.0,Current,0,,0.0,,REVIEW,0.8
LN003573,7,0.0,0.0,0.0,0.0,Current,0,,0.0,,REVIEW,0.8
LN003573,8,0.0,0.0,0.0,0.0,Current,0,,0.0,,REVIEW,0.8
LN003573,9,0.0,0.0,0.0,0.0,Current,0,,0.0,,REVIEW,0.8
LN003573,10,0.0,0.0,0.0,0.0,Current,0,,0.0,,REVIEW,0.8
LN003573,11,0.0,0.0,0.0,0.0,Current,0,,0.0,,REVIEW,0.8
LN003573,12,0.0,0.0,0.0,0.0,Current,0,,0.0,,REVIEW,0.8
LN003573,13,0.0,0.0,0.0,0.0,Current,0,,0.0,,REVIEW,0.8
LN003573,14,0.0,0.0,0.0,0.0,Current,0,,0.0,,REVIEW,0.8
LN003574,1,0.0,0.0,0.0,0.0,Current,0,,0.0,,REVIEW,0.8
LN003574,2,0.0,0.0,0.0,0.0,Current,0,,0.0,,REVIEW,0.8
LN003574,3,0.0,0.0,0.0,0.0,Current,0,,0.0,,REVIEW,0.8
LN003574,4,0.0,0.0,0.0,0.0,Current,0,,0.0,,REVIEW,0.8
LN003574,5,0.0,0.0,0.0,0.0,Current,0,,0.0,,REVIEW,0.8
LN003574,6,0.0,0.0,0.0,0.0,Current,0,,0.0,,REVIEW,0.8
LN003574,7,0.0,0.0,0.0,0.0,Current,0,,0.0,,REVIEW,0.8
LN003574,8,0.0,0.0,0.0,0.0,Current,0,,0.0,,REVIEW,0.8
LN003574,9,0.0,0.0,0.0,0.0,Current,0,,0.0,,REVIEW,0.8
LN003574,10,0.0,0.0,0.0,0.0,Current,0,,0.0,,REVIEW,0.8
LN003574,11,0.0,0.0,0.0,0.0,Current,0,,0.0,,REVIEW,0.8
LN003574,12,0.0,0.0,0.0,0.0,Current,0,,0.0,,REVIEW,0.8
LN003574,13,0.0,0.0,0.0,0.0,Current,0,,0.0,,REVIEW,0.8
LN003574,14,0.0,0.0,0.0,0.0,Current,0,,0.0,,REVIEW,0.8
LN003574,15,0.0,0.0,0.0,0.0,Current,0,,0.0,,REVIEW,0.8
LN003574,16,0.0,0.0,0.0,0.0,Current,0,,0.0,,REVIEW,0.8
LN003574,17,0.0,0.0,0.0,0.0,Current,0,,0.0,,REVIEW,0.8
LN003574,18,0.0,0.0,0.0,0.0,Current,0,,0.0,,REVIEW,0.8
LN003574,19,0.0,0.0,0.0,0.0,Current,0,,0.0,,REVIEW,0.8
LN003574,20,0.0,0.0,0.0,0.0,Current,0,,0.0,,REVIEW,0.8
LN003574,21,0.0,0.0,0.0,0.0,Current,0,,0.0,,REVIEW,0.8
LN003574,22,0.0,0.0,0.0,0.0,Current,0,,0.0,,REVIEW,0.8
LN003574,23,0.0,0.0,0.0,0.0,Current,0,,0.0,,REVIEW,0.8
LN003574,24,0.0,0.0,0.0,0.0,Current,0,,0.0,,REVIEW,0.8
LN003575,1,0.0,0.0,0.0,0.0,Current,0,,0.0,,REVIEW,0.8
LN003575,2,0.0,0.0,0.0,0.0,Current,0,,0.0,,REVIEW,0.8
LN003575,3,0.0,0.0,0.0,0.0,Current,0,,0.0,,REVIEW,0.8
LN003575,4,0.0,0.0,0.0,0.0,Current,0,,0.0,,REVIEW,0.8
LN003575,5,0.0,0.0,0.0,0.0,Current,0,,0.0,,REVIEW,0.8
LN003575,6,0.0,0.0,0.0,0.0,Current,0,,0.0,,REVIEW,0.8
LN003575,7,0.0,0.0,0.0,0.0,Current,0,,0.0,,REVIEW,0.8
LN003575,8,0.0,0.0,0.0,0.0,Current,0,,0.0,,REVIEW,0.8
LN003575,9,0.0,0.0,0.0,0.0,Current,0,,0.0,,REVIEW,0.8
LN003575,10,0.0,0.0,0.0,0.0,Current,0,,0.0,,REVIEW,0.8
LN003575,11,0.0,0.0,0.0,0.0,Current,0,,0.0,,REVIEW,0.8
LN003575,12,0.0,0.0,0.0,0.0,Current,0,,0.0,,REVIEW,0.8
LN003575,13,0.0,0.0,0.0,0.0,Current,0,,0.0,,REVIEW,0.8
LN003575,14,0.0,0.0,0.0,0.0,Current,0,,0.0,,REVIEW,0.8
LN003575,15,0.0,0.0,0.0,0.0,Current,0,,0.0,,REVIEW,0.8
LN003575,16,0.0,0.0,0.0,0.0,Current,0,,0.0,,REVIEW,0.8
LN003575,17,0.0,0.0,0.0,0.0,Current,0,,0.0,,REVIEW,0.8
LN003575,18,0.0,0.0,0.0,0.0,Current,0,,0.0,,REVIEW,0.8
LN003575,19,0.0,0.0,0.0,0.0,Current,0,,0.0,,REVIEW,0.8
LN003575,20,0.0,0.0,0.0,0.0,Current,0,,0.0,,REVIEW,0.8
LN003575,21,0.0,0.0,0.0,0.0,Current,0,,0.0,,REVIEW,0.8
LN003575,22,0.0,0.0,0.0,0.0,Current,0,,0.0,,REVIEW,0.8
LN003575,23,0.0,0.0,0.0,0.0,Current,0,,0.0,,REVIEW,0.8
LN003575,24,0.0,0.0,0.0,0.0,Current,0,,0.0,,REVIEW,0.8
LN003576,1,0.0,0.0,0.0,0.0,Current,0,,0.0,,REVIEW,0.8
LN003576,2,0.0,0.0,0.0,0.0,Current,0,,0.0,,REVIEW,0.8
LN003576,3,0.0,0.0,0.0,0.0,Current,0,,0.0,,REVIEW,0.8
LN003576,4,0.0,0.0,0.0,0.0,Current,0,,0.0,,REVIEW,0.8
LN003576,5,0.0,0.0,0.0,0.0,Current,0,,0.0,,REVIEW,0.8
LN003576,6,0.0,0.0,0.0,0.0,Current,0,,0.0,,REVIEW,0.8
LN003576,7,0.0,0.0,0.0,0.0,Current,0,,0.0,,REVIEW,0.8
LN003576,8,0.0,0.0,0.0,0.0,Current,0,,0.0,,REVIEW,0.8
LN003576,9,0.0,0.0,0.0,0.0,Current,0,,0.0,,REVIEW,0.8
LN003576,10,0.0,0.0,0.0,0.0,Current,0,,0.0,,REVIEW,0.8
LN003576,11,0.0,0.0,0.0,0.0,Current,0,,0.0,,REVIEW,0.8
LN003576,12,0.0,0.0,0.0,0.0,Current,0,,0.0,,REVIEW,0.8
LN003576,13,0.0,0.0,0.0,0.0,Current,0,,0.0,,REVIEW,0.8
LN003576,14,0.0,0.0,0.0,0.0,Current,0,,0.0,,REVIEW,0.8
LN003576,15,0.0,0.0,0.0,0.0,Current,0,,0.0,,REVIEW,0.8
LN003576,16,0.0,0.0,0.0,0.0,Current,0,,0.0,,REVIEW,0.8
LN003576,17,0.0,0.0,0.0,0.0,Current,0,,0.0,,REVIEW,0.8
LN003576,18,0.0,0.0,0.0,0.0,Current,0,,0.0,,REVIEW,0.8
LN003576,19,0.0,0.0,0.0,0.0,Current,0,,0.0,,REVIEW,0.8
LN003576,20,0.0,0.0,0.0,0.0,Current,0,,0.0,,REVIEW,0.8
LN003576,21,0.0,0.0,0.0,0.0,Current,0,,0.0,,REVIEW,0.8
LN003576,22,0.0,0.0,0.0,0.0,Current,0,,0.0,,REVIEW,0.8
LN003576,23,0.0,0.0,0.0,0.0,Current,0,,0.0,,REVIEW,0.8
LN003576,24,0.0,0.0,0.0,0.0,Current,0,,0.0,,REVIEW,0.8
LN003577,1,0.0,0.0,0.0,0.0,Current,0,,0.0,,REVIEW,0.8
LN003577,2,0.0,0.0,0.0,0.0,Current,0,,0.0,,REVIEW,0.8
LN003577,3,0.0,0.0,0.0,0.0,Current,0,,0.0,,REVIEW,0.8
LN003577,4,0.0,0.0,0.0,0.0,Current,0,,0.0,,REVIEW,0.8
LN003577,5,0.0,0.0,0.0,0.0,Current,0,,0.0,,REVIEW,0.8
LN003577,6,0.0,0.0,0.0,0.0,Current,0,,0.0,,REVIEW,0.8
LN003577,7,0.0,0.0,0.0,0.0,Current,0,,0.0,,REVIEW,0.8
LN003577,8,0.0,0.0,0.0,0.0,Current,0,,0.0,,REVIEW,0.8
LN003577,9,0.0,0.0,0.0,0.0,Current,0,,0.0,,REVIEW,0.8
LN003577,10,0.0,0.0,0.0,0.0,Current,0,,0.0,,REVIEW,0.8
LN003577,11,0.0,0.0,0.0,0.0,Current,0,,0.0,,REVIEW,0.8
LN003577,12,0.0,0.0,0.0,0.0,Current,0,,0.0,,REVIEW,0.8
LN003577,13,0.0,0.0,0.0,0.0,Current,0,,0.0,,REVIEW,0.8
LN003577,14,0.0,0.0,0.0,0.0,Current,0,,0.0,,REVIEW,0.8
LN003577,15,0.0,0.0,0.0,0.0,Current,0,,0.0,,REVIEW,0.8
LN003577,16,0.0,0.0,0.0,0.0,Current,0,,0.0,,REVIEW,0.8
LN003577,17,0.0,0.0,0.0,0.0,Current,0,,0.0,,REVIEW,0.8
LN003577,18,0.0,0.0,0.0,0.0,Current,0,,0.0,,REVIEW,0.8
LN003577,19,0.0,0.0,0.0,0.0,Current,0,,0.0,,REVIEW,0.8
LN003577,20,0.0,0.0,0.0,0.0,Current,0,,0.0,,REVIEW,0.8
LN003577,21,0.0,0.0,0.0,0.0,Current,0,,0.0,,REVIEW,0.8
LN003577,22,0.0,0.0,0.0,0.0,Current,0,,0.0,,REVIEW,0.8
LN003577,23,0.0,0.0,0.0,0.0,Current,0,,0.0,,REVIEW,0.8
LN003577,24,0.0,0.0,0.0,0.0,Current,0,,0.0,,REVIEW,0.8
LN003578,1,0.0,0.0,0.0,0.0,Current,0,,0.0,,REVIEW,0.8
LN003578,2,0.0,0.0,0.0,0.0,Current,0,,0.0,,REVIEW,0.8
LN003578,3,0.0,0.0,0.0,0.0,Current,0,,0.0,,REVIEW,0.8
LN003578,4,0.0,0.0,0.0,0.0,Current,0,,0.0,,REVIEW,0.8
LN003578,5,0.0,0.0,0.0,0.0,Current,0,,0.0,,REVIEW,0.8
LN003578,6,0.0,0.0,0.0,0.0,Current,0,,0.0,,REVIEW,0.8
LN003578,7,0.0,0.0,0.0,0.0,Current,0,,0.0,,REVIEW,0.8
LN003578,8,0.0,0.0,0.0,0.0,Current,0,,0.0,,REVIEW,0.8
LN003578,9,0.0,0.0,0.0,0.0,Current,0,,0.0,,REVIEW,0.8
LN003578,10,0.0,0.0,0.0,0.0,Current,0,,0.0,,REVIEW,0.8
LN003578,11,0.0,0.0,0.0,0.0,Current,0,,0.0,,REVIEW,0.8
LN003578,12,0.0,0.0,0.0,0.0,Current,0,,0.0,,REVIEW,0.8
LN003578,13,0.0,0.0,0.0,0.0,Current,0,,0.0,,REVIEW,0.8
LN003578,14,0.0,0.0,0.0,0.0,Current,0,,0.0,,REVIEW,0.8
LN003578,15,0.0,0.0,0.0,0.0,Current,0,,0.0,,REVIEW,0.8
LN003578,16,0.0,0.0,0.0,0.0,Current,0,,0.0,,REVIEW,0.8
LN003578,17,0.0,0.0,0.0,0.0,Current,0,,0.0,,REVIEW,0.8
LN003578,18,0.0,0.0,0.0,0.0,Current,0,,0.0,,REVIEW,0.8
LN003578,19,0.0,0.0,0.0,0.0,Current,0,,0.0,,REVIEW,0.8
LN003578,20,0.0,0.0,0.0,0.0,Current,0,,0.0,,REVIEW,0.8
LN003578,21,0.0,0.0,0.0,0.0,Current,0,,0.0,,REVIEW,0.8
LN003578,22,0.0,0.0,0.0,0.0,Current,0,,0.0,,REVIEW,0.8
LN003578,23,0.0,0.0,0.0,0.0,Current,0,,0.0,,REVIEW,0.8
LN003578,24,0.0,0.0,0.0,0.0,Current,0,,0.0,,REVIEW,0.8
LN003579,1,0.0,0.0,0.0,0.0,Current,0,,0.0,,REVIEW,0.8
LN003579,2,0.0,0.0,0.0,0.0,Current,0,,0.0,,REVIEW,0.8
LN003579,3,0.0,0.0,0.0,0.0,Current,0,,0.0,,REVIEW,0.8
LN003579,4,0.0,0.0,0.0,0.0,Current,0,,0.0,,REVIEW,0.8
LN003579,5,0.0,0.0,0.0,0.0,Current,0,,0.0,,REVIEW,0.8
LN003579,6,0.0,0.0,0.0,0.0,Current,0,,0.0,,REVIEW,0.8
LN003579,7,0.0,0.0,0.0,0.0,Current,0,,0.0,,REVIEW,0.8
LN003579,8,0.0,0.0,0.0,0.0,Current,0,,0.0,,REVIEW,0.8
LN003579,9,0.0,0.0,0.0,0.0,Current,0,,0.0,,REVIEW,0.8
LN003579,10,0.0,0.0,0.0,0.0,Current,0,,0.0,,REVIEW,0.8
LN003579,11,0.0,0.0,0.0,0.0,Current,0,,0.0,,REVIEW,0.8
LN003579,12,0.0,0.0,0.0,0.0,Current,0,,0.0,,REVIEW,0.8
LN003579,13,0.0,0.0,0.0,0.0,Current,0,,0.0,,REVIEW,0.8
LN003579,14,0.0,0.0,0.0,0.0,Current,0,,0.0,,REVIEW,0.8
LN003579,15,0.0,0.0,0.0,0.0,Current,0,,0.0,,REVIEW,0.8
LN003579,16,0.0,0.0,0.0,0.0,Current,0,,0.0,,REVIEW,0.8
LN003579,17,0.0,0.0,0.0,0.0,Current,0,,0.0,,REVIEW,0.8
LN003579,18,0.0,0.0,0.0,0.0,Current,0,,0.0,,REVIEW,0.8
LN003579,19,0.0,0.0,0.0,0.0,Current,0,,0.0,,REVIEW,0.8
LN003579,20,0.0,0.0,0.0,0.0,Current,0,,0.0,,REVIEW,0.8
LN003579,21,0.0,0.0,0.0,0.0,Current,0,,0.0,,REVIEW,0.8
LN003579,22,0.0,0.0,0.0,0.0,Current,0,,0.0,,REVIEW,0.8
LN003579,23,0.0,0.0,0.0,0.0,Current,0,,0.0,,REVIEW,0.8
LN003579,24,0.0,0.0,0.0,0.0,Current,0,,0.0,,REVIEW,0.8
LN003580,1,0.0,0.0,0.0,0.0,Current,0,,0.0,,REVIEW,0.8
LN003580,2,0.0,0.0,0.0,0.0,Current,0,,0.0,,REVIEW,0.8
LN003580,3,0.0,0.0,0.0,0.0,Current,0,,0.0,,REVIEW,0.8
LN003580,4,0.0,0.0,0.0,0.0,Current,0,,0.0,,REVIEW,0.8
LN003580,5,0.0,0.0,0.0,0.0,Current,0,,0.0,,REVIEW,0.8
LN003580,6,0.0,0.0,0.0,0.0,Current,0,,0.0,,REVIEW,0.8
LN003580,7,0.0,0.0,0.0,0.0,Current,0,,0.0,,REVIEW,0.8
LN003580,8,0.0,0.0,0.0,0.0,Current,0,,0.0,,REVIEW,0.8
LN003580,9,0.0,0.0,0.0,0.0,Current,0,,0.0,,REVIEW,0.8
LN003580,10,0.0,0.0,0.0,0.0,Current,0,,0.0,,REVIEW,0.8
LN003580,11,0.0,0.0,0.0,0.0,Current,0,,0.0,,REVIEW,0.8
LN003580,12,0.0,0.0,0.0,0.0,Current,0,,0.0,,REVIEW,0.8
LN003580,13,0.0,0.0,0.0,0.0,Current,0,,0.0,,REVIEW,0.8
LN003580,14,0.0,0.0,0.0,0.0,Current,0,,0.0,,REVIEW,0.8
LN003580,15,0.0,0.0,0.0,0.0,Current,0,,0.0,,REVIEW,0.8
LN003580,16,0.0,0.0,0.0,0.0,Current,0,,0.0,,REVIEW,0.8
LN003580,17,0.0,0.0,0.0,0.0,Current,0,,0.0,,REVIEW,0.8
LN003580,18,0.0,0.0,0.0,0.0,Current,0,,0.0,,REVIEW,0.8
LN003580,19,0.0,0.0,0.0,0.0,Current,0,,0.0,,REVIEW,0.8
LN003580,20,0.0,0.0,0.0,0.0,Current,0,,0.0,,REVIEW,0.8
LN003580,21,0.0,0.0,0.0,0.0,Current,0,,0.0,,REVIEW,0.8
LN003580,22,0.0,0.0,0.0,0.0,Current,0,,0.0,,REVIEW,0.8
LN003580,23,0.0,0.0,0.0,0.0,Current,0,,0.0,,REVIEW,0.8
LN003580,24,0.0,0.0,0.0,0.0,Current,0,,0.0,,REVIEW,0.8
LN003581,1,0.0,0.0,0.0,0.0,Current,0,,0.0,,REVIEW,0.8
LN003581,2,0.0,0.0,0.0,0.0,Current,0,,0.0,,REVIEW,0.8
LN003581,3,0.0,0.0,0.0,0.0,Current,0,,0.0,,REVIEW,0.8
LN003581,4,0.0,0.0,0.0,0.0,Current,0,,0.0,,REVIEW,0.8
LN003581,5,0.0,0.0,0.0,0.0,Current,0,,0.0,,REVIEW,0.8
LN003581,6,0.0,0.0,0.0,0.0,Current,0,,0.0,,REVIEW,0.8
LN003581,7,0.0,0.0,0.0,0.0,Current,0,,0.0,,REVIEW,0.8
LN003582,1,0.0,0.0,0.0,0.0,Current,0,,0.0,,REVIEW,0.8
LN003582,2,0.0,0.0,0.0,0.0,Current,0,,0.0,,REVIEW,0.8
LN003582,3,0.0,0.0,0.0,0.0,Current,0,,0.0,,REVIEW,0.8
LN003582,4,0.0,0.0,0.0,0.0,Current,0,,0.0,,REVIEW,0.8
LN003582,5,0.0,0.0,0.0,0.0,Current,0,,0.0,,REVIEW,0.8
LN003582,6,0.0,0.0,0.0,0.0,Current,0,,0.0,,REVIEW,0.8
LN003583,1,0.0,0.0,0.0,0.0,Current,0,,0.0,,REVIEW,0.8
LN003583,2,0.0,0.0,0.0,0.0,Current,0,,0.0,,REVIEW,0.8
LN003583,3,0.0,0.0,0.0,0.0,Current,0,,0.0,,REVIEW,0.8
LN003583,4,0.0,0.0,0.0,0.0,Current,0,,0.0,,REVIEW,0.8
LN003583,5,0.0,0.0,0.0,0.0,Current,0,,0.0,,REVIEW,0.8
LN003583,6,0.0,0.0,0.0,0.0,Current,0,,0.0,,REVIEW,0.8
LN003583,7,0.0,0.0,0.0,0.0,Current,0,,0.0,,REVIEW,0.8
LN003583,8,0.0,0.0,0.0,0.0,Current,0,,0.0,,REVIEW,0.8
LN003583,9,0.0,0.0,0.0,0.0,Current,0,,0.0,,REVIEW,0.8
LN003583,10,0.0,0.0,0.0,0.0,Current,0,,0.0,,REVIEW,0.8
LN003583,11,0.0,0.0,0.0,0.0,Current,0,,0.0,,REVIEW,0.8
LN003583,12,0.0,0.0,0.0,0.0,Current,0,,0.0,,REVIEW,0.8
LN003583,13,0.0,0.0,0.0,0.0,Current,0,,0.0,,REVIEW,0.8
LN003583,14,0.0,0.0,0.0,0.0,Current,0,,0.0,,REVIEW,0.8
LN003583,15,0.0,0.0,0.0,0.0,Current,0,,0.0,,REVIEW,0.8
LN003583,16,0.0,0.0,0.0,0.0,Current,0,,0.0,,REVIEW,0.8
LN003583,17,0.0,0.0,0.0,0.0,Current,0,,0.0,,REVIEW,0.8
LN003583,18,0.0,0.0,0.0,0.0,Current,0,,0.0,,REVIEW,0.8
LN003583,19,0.0,0.0,0.0,0.0,Current,0,,0.0,,REVIEW,0.8
LN003583,20,0.0,0.0,0.0,0.0,Current,0,,0.0,,REVIEW,0.8
LN003583,21,0.0,0.0,0.0,0.0,Current,0,,0.0,,REVIEW,0.8
LN003583,22,0.0,0.0,0.0,0.0,Current,0,,0.0,,REVIEW,0.8
LN003583,23,0.0,0.0,0.0,0.0,Current,0,,0.0,,REVIEW,0.8
LN003583,24,0.0,0.0,0.0,0.0,Current,0,,0.0,,REVIEW,0.8
LN003584,1,0.0,0.0,0.0,0.0,Current,0,,0.0,,REVIEW,0.8
LN003584,2,0.0,0.0,0.0,0.0,Current,0,,0.0,,REVIEW,0.8
LN003584,3,0.0,0.0,0.0,0.0,Current,0,,0.0,,REVIEW,0.8
LN003584,4,0.0,0.0,0.0,0.0,Current,0,,0.0,,REVIEW,0.8
LN003584,5,0.0,0.0,0.0,0.0,Current,0,,0.0,,REVIEW,0.8
LN003584,6,0.0,0.0,0.0,0.0,Current,0,,0.0,,REVIEW,0.8
LN003584,7,0.0,0.0,0.0,0.0,Current,0,,0.0,,REVIEW,0.8
LN003584,8,0.0,0.0,0.0,0.0,Current,0,,0.0,,REVIEW,0.8
LN003584,9,0.0,0.0,0.0,0.0,Current,0,,0.0,,REVIEW,0.8
LN003584,10,0.0,0.0,0.0,0.0,Current,0,,0.0,,REVIEW,0.8
LN003584,11,0.0,0.0,0.0,0.0,Current,0,,0.0,,REVIEW,0.8
LN003584,12,0.0,0.0,0.0,0.0,Current,0,,0.0,,REVIEW,0.8
LN003584,13,0.0,0.0,0.0,0.0,Current,0,,0.0,,REVIEW,0.8
LN003584,14,0.0,0.0,0.0,0.0,Current,0,,0.0,,REVIEW,0.8
LN003584,15,0.0,0.0,0.0,0.0,Current,0,,0.0,,REVIEW,0.8
LN003584,16,0.0,0.0,0.0,0.0,Current,0,,0.0,,REVIEW,0.8
LN003584,17,0.0,0.0,0.0,0.0,Current,0,,0.0,,REVIEW,0.8
LN003584,18,0.0,0.0,0.0,0.0,Current,0,,0.0,,REVIEW,0.8
LN003584,19,0.0,0.0,0.0,0.0,Current,0,,0.0,,REVIEW,0.8
LN003584,20,0.0,0.0,0.0,0.0,Current,0,,0.0,,REVIEW,0.8
LN003584,21,0.0,0.0,0.0,0.0,Current,0,,0.0,,REVIEW,0.8
LN003584,22,0.0,0.0,0.0,0.0,Current,0,,0.0,,REVIEW,0.8
LN003584,23,0.0,0.0,0.0,0.0,Current,0,,0.0,,REVIEW,0.8
LN003584,24,0.0,0.0,0.0,0.0,Current,0,,0.0,,REVIEW,0.8
LN003585,1,0.0,0.0,0.0,0.0,Current,0,,0.0,,REVIEW,0.8
LN003585,2,0.0,0.0,0.0,0.0,Current,0,,0.0,,REVIEW,0.8
LN003585,3,0.0,0.0,0.0,0.0,Current,0,,0.0,,REVIEW,0.8
LN003585,4,0.0,0.0,0.0,0.0,Current,0,,0.0,,REVIEW,0.8
LN003585,5,0.0,0.0,0.0,0.0,Current,0,,0.0,,REVIEW,0.8
LN003585,6,0.0,0.0,0.0,0.0,Current,0,,0.0,,REVIEW,0.8
LN003585,7,0.0,0.0,0.0,0.0,Current,0,,0.0,,REVIEW,0.8
LN003585,8,0.0,0.0,0.0,0.0,Current,0,,0.0,,REVIEW,0.8
LN003585,9,0.0,0.0,0.0,0.0,Current,0,,0.0,,REVIEW,0.8
LN003585,10,0.0,0.0,0.0,0.0,Current,0,,0.0,,REVIEW,0.8
LN003585,11,0.0,0.0,0.0,0.0,Current,0,,0.0,,REVIEW,0.8
LN003585,12,0.0,0.0,0.0,0.0,Current,0,,0.0,,REVIEW,0.8
LN003585,13,0.0,0.0,0.0,0.0,Current,0,,0.0,,REVIEW,0.8
LN003586,1,0.0,0.0,0.0,0.0,Current,0,,0.0,,REVIEW,0.8
LN003586,2,0.0,0.0,0.0,0.0,Current,0,,0.0,,REVIEW,0.8
LN003586,3,0.0,0.0,0.0,0.0,Current,0,,0.0,,REVIEW,0.8
LN003586,4,0.0,0.0,0.0,0.0,Current,0,,0.0,,REVIEW,0.8
LN003586,5,0.0,0.0,0.0,0.0,Current,0,,0.0,,REVIEW,0.8
LN003586,6,0.0,0.0,0.0,0.0,Current,0,,0.0,,REVIEW,0.8
LN003586,7,0.0,0.0,0.0,0.0,Current,0,,0.0,,REVIEW,0.8
LN003586,8,0.0,0.0,0.0,0.0,Current,0,,0.0,,REVIEW,0.8
LN003586,9,0.0,0.0,0.0,0.0,Current,0,,0.0,,REVIEW,0.8
LN003586,10,0.0,0.0,0.0,0.0,Current,0,,0.0,,REVIEW,0.8
LN003586,11,0.0,0.0,0.0,0.0,Current,0,,0.0,,REVIEW,0.8
LN003586,12,0.0,0.0,0.0,0.0,Current,0,,0.0,,REVIEW,0.8
LN003586,13,0.0,0.0,0.0,0.0,Current,0,,0.0,,REVIEW,0.8
LN003586,14,0.0,0.0,0.0,0.0,Current,0,,0.0,,REVIEW,0.8
LN003586,15,0.0,0.0,0.0,0.0,Current,0,,0.0,,REVIEW,0.8
LN003586,16,0.0,0.0,0.0,0.0,Current,0,,0.0,,REVIEW,0.8
LN003586,17,0.0,0.0,0.0,0.0,Current,0,,0.0,,REVIEW,0.8
LN003586,18,0.0,0.0,0.0,0.0,Current,0,,0.0,,REVIEW,0.8
LN003586,19,0.0,0.0,0.0,0.0,Current,0,,0.0,,REVIEW,0.8
LN003586,20,0.0,0.0,0.0,0.0,Current,0,,0.0,,REVIEW,0.8
LN003586,21,0.0,0.0,0.0,0.0,Current,0,,0.0,,REVIEW,0.8
LN003586,22,0.0,0.0,0.0,0.0,Current,0,,0.0,,REVIEW,0.8
LN003586,23,0.0,0.0,0.0,0.0,Current,0,,0.0,,REVIEW,0.8
LN003586,24,0.0,0.0,0.0,0.0,Current,0,,0.0,,REVIEW,0.8
LN003587,1,0.0,0.0,0.0,0.0,Current,0,,0.0,,REVIEW,0.8
LN003587,2,0.0,0.0,0.0,0.0,Current,0,,0.0,,REVIEW,0.8
LN003587,3,0.0,0.0,0.0,0.0,Current,0,,0.0,,REVIEW,0.8
LN003587,4,0.0,0.0,0.0,0.0,Current,0,,0.0,,REVIEW,0.8
LN003587,5,0.0,0.0,0.0,0.0,Current,0,,0.0,,REVIEW,0.8
LN003587,6,0.0,0.0,0.0,0.0,Current,0,,0.0,,REVIEW,0.8
LN003587,7,0.0,0.0,0.0,0.0,Current,0,,0.0,,REVIEW,0.8
LN003587,8,0.0,0.0,0.0,0.0,Current,0,,0.0,,REVIEW,0.8
LN003587,9,0.0,0.0,0.0,0.0,Current,0,,0.0,,REVIEW,0.8
LN003587,10,0.0,0.0,0.0,0.0,Current,0,,0.0,,REVIEW,0.8
LN003587,11,0.0,0.0,0.0,0.0,Current,0,,0.0,,REVIEW,0.8
LN003587,12,0.0,0.0,0.0,0.0,Current,0,,0.0,,REVIEW,0.8
LN003587,13,0.0,0.0,0.0,0.0,Current,0,,0.0,,REVIEW,0.8
LN003587,14,0.0,0.0,0.0,0.0,Current,0,,0.0,,REVIEW,0.8
LN003588,1,0.0,0.0,0.0,0.0,Current,0,,0.0,,REVIEW,0.8
LN003588,2,0.0,0.0,0.0,0.0,Current,0,,0.0,,REVIEW,0.8
LN003588,3,0.0,0.0,0.0,0.0,Current,0,,0.0,,REVIEW,0.8
LN003588,4,0.0,0.0,0.0,0.0,Current,0,,0.0,,REVIEW,0.8
LN003588,5,0.0,0.0,0.0,0.0,Current,0,,0.0,,REVIEW,0.8
LN003588,6,0.0,0.0,0.0,0.0,Current,0,,0.0,,REVIEW,0.8
LN003588,7,0.0,0.0,0.0,0.0,Current,0,,0.0,,REVIEW,0.8
LN003588,8,0.0,0.0,0.0,0.0,Current,0,,0.0,,REVIEW,0.8
LN003588,9,0.0,0.0,0.0,0.0,Current,0,,0.0,,REVIEW,0.8
LN003588,10,0.0,0.0,0.0,0.0,Current,0,,0.0,,REVIEW,0.8
LN003588,11,0.0,0.0,0.0,0.0,Current,0,,0.0,,REVIEW,0.8
LN003588,12,0.0,0.0,0.0,0.0,Current,0,,0.0,,REVIEW,0.8
LN003588,13,0.0,0.0,0.0,0.0,Current,0,,0.0,,REVIEW,0.8
LN003588,14,0.0,0.0,0.0,0.0,Current,0,,0.0,,REVIEW,0.8
LN003588,15,0.0,0.0,0.0,0.0,Current,0,,0.0,,REVIEW,0.8
LN003588,16,0.0,0.0,0.0,0.0,Current,0,,0.0,,REVIEW,0.8
LN003588,17,0.0,0.0,0.0,0.0,Current,0,,0.0,,REVIEW,0.8
LN003588,18,0.0,0.0,0.0,0.0,Current,0,,0.0,,REVIEW,0.8
LN003588,19,0.0,0.0,0.0,0.0,Current,0,,0.0,,REVIEW,0.8
LN003588,20,0.0,0.0,0.0,0.0,Current,0,,0.0,,REVIEW,0.8
LN003588,21,0.0,0.0,0.0,0.0,Current,0,,0.0,,REVIEW,0.8
LN003588,22,0.0,0.0,0.0,0.0,Current,0,,0.0,,REVIEW,0.8
LN003588,23,0.0,0.0,0.0,0.0,Current,0,,0.0,,REVIEW,0.8
LN003588,24,0.0,0.0,0.0,0.0,Current,0,,0.0,,REVIEW,0.8
LN003589,1,0.0,0.0,0.0,0.0,Current,0,,0.0,,REVIEW,0.8
LN003589,2,0.0,0.0,0.0,0.0,Current,0,,0.0,,REVIEW,0.8
LN003589,3,0.0,0.0,0.0,0.0,Current,0,,0.0,,REVIEW,0.8
LN003589,4,0.0,0.0,0.0,0.0,Current,0,,0.0,,REVIEW,0.8
LN003589,5,0.0,0.0,0.0,0.0,Current,0,,0.0,,REVIEW,0.8
LN003589,6,0.0,0.0,0.0,0.0,Current,0,,0.0,,REVIEW,0.8
LN003589,7,0.0,0.0,0.0,0.0,Current,0,,0.0,,REVIEW,0.8
LN003589,8,0.0,0.0,0.0,0.0,Current,0,,0.0,,REVIEW,0.8
LN003589,9,0.0,0.0,0.0,0.0,Current,0,,0.0,,REVIEW,0.8
LN003589,10,0.0,0.0,0.0,0.0,Current,0,,0.0,,REVIEW,0.8
LN003589,11,0.0,0.0,0.0,0.0,Current,0,,0.0,,REVIEW,0.8
LN003589,12,0.0,0.0,0.0,0.0,Current,0,,0.0,,REVIEW,0.8
LN003589,13,0.0,0.0,0.0,0.0,Current,0,,0.0,,REVIEW,0.8
LN003589,14,0.0,0.0,0.0,0.0,Current,0,,0.0,,REVIEW,0.8
LN003589,15,0.0,0.0,0.0,0.0,Current,0,,0.0,,REVIEW,0.8
LN003589,16,0.0,0.0,0.0,0.0,Current,0,,0.0,,REVIEW,0.8
LN003589,17,0.0,0.0,0.0,0.0,Current,0,,0.0,,REVIEW,0.8
LN003589,18,0.0,0.0,0.0,0.0,Current,0,,0.0,,REVIEW,0.8
LN003589,19,0.0,0.0,0.0,0.0,Current,0,,0.0,,REVIEW,0.8
LN003589,20,0.0,0.0,0.0,0.0,Current,0,,0.0,,REVIEW,0.8
LN003589,21,0.0,0.0,0.0,0.0,Current,0,,0.0,,REVIEW,0.8
LN003589,22,0.0,0.0,0.0,0.0,Current,0,,0.0,,REVIEW,0.8
LN003589,23,0.0,0.0,0.0,0.0,Current,0,,0.0,,REVIEW,0.8
LN003589,24,0.0,0.0,0.0,0.0,Current,0,,0.0,,REVIEW,0.8
LN003590,1,0.0,0.0,0.0,0.0,Current,0,,0.0,,REVIEW,0.8
LN003590,2,0.0,0.0,0.0,0.0,Current,0,,0.0,,REVIEW,0.8
LN003590,3,0.0,0.0,0.0,0.0,Current,0,,0.0,,REVIEW,0.8
LN003590,4,0.0,0.0,0.0,0.0,Current,0,,0.0,,REVIEW,0.8
LN003590,5,0.0,0.0,0.0,0.0,Current,0,,0.0,,REVIEW,0.8
LN003590,6,0.0,0.0,0.0,0.0,Current,0,,0.0,,REVIEW,0.8
LN003590,7,0.0,0.0,0.0,0.0,Current,0,,0.0,,REVIEW,0.8
LN003590,8,0.0,0.0,0.0,0.0,Current,0,,0.0,,REVIEW,0.8
LN003590,9,0.0,0.0,0.0,0.0,Current,0,,0.0,,REVIEW,0.8
LN003590,10,0.0,0.0,0.0,0.0,Current,0,,0.0,,REVIEW,0.8
LN003590,11,0.0,0.0,0.0,0.0,Current,0,,0.0,,REVIEW,0.8
LN003590,12,0.0,0.0,0.0,0.0,Current,0,,0.0,,REVIEW,0.8
LN003590,13,0.0,0.0,0.0,0.0,Current,0,,0.0,,REVIEW,0.8
LN003590,14,0.0,0.0,0.0,0.0,Current,0,,0.0,,REVIEW,0.8
LN003590,15,0.0,0.0,0.0,0.0,Current,0,,0.0,,REVIEW,0.8
LN003590,16,0.0,0.0,0.0,0.0,Current,0,,0.0,,REVIEW,0.8
LN003590,17,0.0,0.0,0.0,0.0,Current,0,,0.0,,REVIEW,0.8
LN003590,18,0.0,0.0,0.0,0.0,Current,0,,0.0,,REVIEW,0.8
LN003590,19,0.0,0.0,0.0,0.0,Current,0,,0.0,,REVIEW,0.8
LN003591,1,0.0,0.0,0.0,0.0,Current,0,,0.0,,REVIEW,0.8
LN003591,2,0.0,0.0,0.0,0.0,Current,0,,0.0,,REVIEW,0.8
LN003591,3,0.0,0.0,0.0,0.0,Current,0,,0.0,,REVIEW,0.8
LN003591,4,0.0,0.0,0.0,0.0,Current,0,,0.0,,REVIEW,0.8
LN003591,5,0.0,0.0,0.0,0.0,Current,0,,0.0,,REVIEW,0.8
LN003591,6,0.0,0.0,0.0,0.0,Current,0,,0.0,,REVIEW,0.8
LN003591,7,0.0,0.0,0.0,0.0,Current,0,,0.0,,REVIEW,0.8
LN003591,8,0.0,0.0,0.0,0.0,Current,0,,0.0,,REVIEW,0.8
LN003591,9,0.0,0.0,0.0,0.0,Current,0,,0.0,,REVIEW,0.8
LN003591,10,0.0,0.0,0.0,0.0,Current,0,,0.0,,REVIEW,0.8
LN003591,11,0.0,0.0,0.0,0.0,Current,0,,0.0,,REVIEW,0.8
LN003591,12,0.0,0.0,0.0,0.0,Current,0,,0.0,,REVIEW,0.8
LN003591,13,0.0,0.0,0.0,0.0,Current,0,,0.0,,REVIEW,0.8
LN003591,14,0.0,0.0,0.0,0.0,Current,0,,0.0,,REVIEW,0.8
LN003591,15,0.0,0.0,0.0,0.0,Current,0,,0.0,,REVIEW,0.8
LN003591,16,0.0,0.0,0.0,0.0,Current,0,,0.0,,REVIEW,0.8
LN003591,17,0.0,0.0,0.0,0.0,Current,0,,0.0,,REVIEW,0.8
LN003591,18,0.0,0.0,0.0,0.0,Current,0,,0.0,,REVIEW,0.8
LN003591,19,0.0,0.0,0.0,0.0,Current,0,,0.0,,REVIEW,0.8
LN003591,20,0.0,0.0,0.0,0.0,Current,0,,0.0,,REVIEW,0.8
LN003591,21,0.0,0.0,0.0,0.0,Current,0,,0.0,,REVIEW,0.8
LN003591,22,0.0,0.0,0.0,0.0,Current,0,,0.0,,REVIEW,0.8
LN003591,23,0.0,0.0,0.0,0.0,Current,0,,0.0,,REVIEW,0.8
LN003591,24,0.0,0.0,0.0,0.0,Current,0,,0.0,,REVIEW,0.8
LN003592,1,0.0,0.0,0.0,0.0,Current,0,,0.0,,REVIEW,0.8
LN003592,2,0.0,0.0,0.0,0.0,Current,0,,0.0,,REVIEW,0.8
LN003592,3,0.0,0.0,0.0,0.0,Current,0,,0.0,,REVIEW,0.8
LN003592,4,0.0,0.0,0.0,0.0,Current,0,,0.0,,REVIEW,0.8
LN003592,5,0.0,0.0,0.0,0.0,Current,0,,0.0,,REVIEW,0.8
LN003592,6,0.0,0.0,0.0,0.0,Current,0,,0.0,,REVIEW,0.8
LN003592,7,0.0,0.0,0.0,0.0,Current,0,,0.0,,REVIEW,0.8
LN003592,8,0.0,0.0,0.0,0.0,Current,0,,0.0,,REVIEW,0.8
LN003592,9,0.0,0.0,0.0,0.0,Current,0,,0.0,,REVIEW,0.8
LN003592,10,0.0,0.0,0.0,0.0,Current,0,,0.0,,REVIEW,0.8
LN003592,11,0.0,0.0,0.0,0.0,Current,0,,0.0,,REVIEW,0.8
LN003592,12,0.0,0.0,0.0,0.0,Current,0,,0.0,,REVIEW,0.8
LN003592,13,0.0,0.0,0.0,0.0,Current,0,,0.0,,REVIEW,0.8
LN003592,14,0.0,0.0,0.0,0.0,Current,0,,0.0,,REVIEW,0.8
LN003592,15,0.0,0.0,0.0,0.0,Current,0,,0.0,,REVIEW,0.8
LN003592,16,0.0,0.0,0.0,0.0,Current,0,,0.0,,REVIEW,0.8
LN003592,17,0.0,0.0,0.0,0.0,Current,0,,0.0,,REVIEW,0.8
LN003592,18,0.0,0.0,0.0,0.0,Current,0,,0.0,,REVIEW,0.8
LN003592,19,0.0,0.0,0.0,0.0,Current,0,,0.0,,REVIEW,0.8
LN003592,20,0.0,0.0,0.0,0.0,Current,0,,0.0,,REVIEW,0.8
LN003592,21,0.0,0.0,0.0,0.0,Current,0,,0.0,,REVIEW,0.8
LN003592,22,0.0,0.0,0.0,0.0,Current,0,,0.0,,REVIEW,0.8
LN003592,23,0.0,0.0,0.0,0.0,Current,0,,0.0,,REVIEW,0.8
LN003592,24,0.0,0.0,0.0,0.0,Current,0,,0.0,,REVIEW,0.8
LN003593,1,0.0,0.0,0.0,0.0,Current,0,,0.0,,REVIEW,0.8
LN003593,2,0.0,0.0,0.0,0.0,Current,0,,0.0,,REVIEW,0.8
LN003593,3,0.0,0.0,0.0,0.0,Current,0,,0.0,,REVIEW,0.8
LN003593,4,0.0,0.0,0.0,0.0,Current,0,,0.0,,REVIEW,0.8
LN003593,5,0.0,0.0,0.0,0.0,Current,0,,0.0,,REVIEW,0.8
LN003593,6,0.0,0.0,0.0,0.0,Current,0,,0.0,,REVIEW,0.8
LN003593,7,0.0,0.0,0.0,0.0,Current,0,,0.0,,REVIEW,0.8
LN003593,8,0.0,0.0,0.0,0.0,Current,0,,0.0,,REVIEW,0.8
LN003593,9,0.0,0.0,0.0,0.0,Current,0,,0.0,,REVIEW,0.8
LN003593,10,0.0,0.0,0.0,0.0,Current,0,,0.0,,REVIEW,0.8
LN003593,11,0.0,0.0,0.0,0.0,Current,0,,0.0,,REVIEW,0.8
LN003593,12,0.0,0.0,0.0,0.0,Current,0,,0.0,,REVIEW,0.8
LN003593,13,0.0,0.0,0.0,0.0,Current,0,,0.0,,REVIEW,0.8
LN003593,14,0.0,0.0,0.0,0.0,Current,0,,0.0,,REVIEW,0.8
LN003593,15,0.0,0.0,0.0,0.0,Current,0,,0.0,,REVIEW,0.8
LN003593,16,0.0,0.0,0.0,0.0,Current,0,,0.0,,REVIEW,0.8
LN003593,17,0.0,0.0,0.0,0.0,Current,0,,0.0,,REVIEW,0.8
LN003593,18,0.0,0.0,0.0,0.0,Current,0,,0.0,,REVIEW,0.8
LN003593,19,0.0,0.0,0.0,0.0,Current,0,,0.0,,REVIEW,0.8
LN003593,20,0.0,0.0,0.0,0.0,Current,0,,0.0,,REVIEW,0.8
LN003593,21,0.0,0.0,0.0,0.0,Current,0,,0.0,,REVIEW,0.8
LN003593,22,0.0,0.0,0.0,0.0,Current,0,,0.0,,REVIEW,0.8
LN003593,23,0.0,0.0,0.0,0.0,Current,0,,0.0,,REVIEW,0.8
LN003593,24,0.0,0.0,0.0,0.0,Current,0,,0.0,,REVIEW,0.8
LN003594,1,0.0,0.0,0.0,0.0,Current,0,,0.0,,REVIEW,0.8
LN003594,2,0.0,0.0,0.0,0.0,Current,0,,0.0,,REVIEW,0.8
LN003594,3,0.0,0.0,0.0,0.0,Current,0,,0.0,,REVIEW,0.8
LN003594,4,0.0,0.0,0.0,0.0,Current,0,,0.0,,REVIEW,0.8
LN003594,5,0.0,0.0,0.0,0.0,Current,0,,0.0,,REVIEW,0.8
LN003594,6,0.0,0.0,0.0,0.0,Current,0,,0.0,,REVIEW,0.8
LN003594,7,0.0,0.0,0.0,0.0,Current,0,,0.0,,REVIEW,0.8
LN003594,8,0.0,0.0,0.0,0.0,Current,0,,0.0,,REVIEW,0.8
LN003594,9,0.0,0.0,0.0,0.0,Current,0,,0.0,,REVIEW,0.8
LN003594,10,0.0,0.0,0.0,0.0,Current,0,,0.0,,REVIEW,0.8
LN003594,11,0.0,0.0,0.0,0.0,Current,0,,0.0,,REVIEW,0.8
LN003594,12,0.0,0.0,0.0,0.0,Current,0,,0.0,,REVIEW,0.8
LN003594,13,0.0,0.0,0.0,0.0,Current,0,,0.0,,REVIEW,0.8
LN003594,14,0.0,0.0,0.0,0.0,Current,0,,0.0,,REVIEW,0.8
LN003594,15,0.0,0.0,0.0,0.0,Current,0,,0.0,,REVIEW,0.8
LN003594,16,0.0,0.0,0.0,0.0,Current,0,,0.0,,REVIEW,0.8
LN003594,17,0.0,0.0,0.0,0.0,Current,0,,0.0,,REVIEW,0.8
LN003594,18,0.0,0.0,0.0,0.0,Current,0,,0.0,,REVIEW,0.8
LN003594,19,0.0,0.0,0.0,0.0,Current,0,,0.0,,REVIEW,0.8
LN003594,20,0.0,0.0,0.0,0.0,Current,0,,0.0,,REVIEW,0.8
LN003594,21,0.0,0.0,0.0,0.0,Current,0,,0.0,,REVIEW,0.8
LN003594,22,0.0,0.0,0.0,0.0,Current,0,,0.0,,REVIEW,0.8
LN003594,23,0.0,0.0,0.0,0.0,Current,0,,0.0,,REVIEW,0.8
LN003594,24,0.0,0.0,0.0,0.0,Current,0,,0.0,,REVIEW,0.8
LN003595,1,0.0,0.0,0.0,0.0,Current,0,,0.0,,REVIEW,0.8
LN003595,2,0.0,0.0,0.0,0.0,Current,0,,0.0,,REVIEW,0.8
LN003595,3,0.0,0.0,0.0,0.0,Current,0,,0.0,,REVIEW,0.8
LN003595,4,0.0,0.0,0.0,0.0,Current,0,,0.0,,REVIEW,0.8
LN003595,5,0.0,0.0,0.0,0.0,Current,0,,0.0,,REVIEW,0.8
LN003595,6,0.0,0.0,0.0,0.0,Current,0,,0.0,,REVIEW,0.8
LN003595,7,0.0,0.0,0.0,0.0,Current,0,,0.0,,REVIEW,0.8
LN003595,8,0.0,0.0,0.0,0.0,Current,0,,0.0,,REVIEW,0.8
LN003595,9,0.0,0.0,0.0,0.0,Current,0,,0.0,,REVIEW,0.8
LN003595,10,0.0,0.0,0.0,0.0,Current,0,,0.0,,REVIEW,0.8
LN003595,11,0.0,0.0,0.0,0.0,Current,0,,0.0,,REVIEW,0.8
LN003595,12,0.0,0.0,0.0,0.0,Current,0,,0.0,,REVIEW,0.8
LN003595,13,0.0,0.0,0.0,0.0,Current,0,,0.0,,REVIEW,0.8
LN003595,14,0.0,0.0,0.0,0.0,Current,0,,0.0,,REVIEW,0.8
LN003595,15,0.0,0.0,0.0,0.0,Current,0,,0.0,,REVIEW,0.8
LN003595,16,0.0,0.0,0.0,0.0,Current,0,,0.0,,REVIEW,0.8
LN003595,17,0.0,0.0,0.0,0.0,Current,0,,0.0,,REVIEW,0.8
LN003595,18,0.0,0.0,0.0,0.0,Current,0,,0.0,,REVIEW,0.8
LN003595,19,0.0,0.0,0.0,0.0,Current,0,,0.0,,REVIEW,0.8
LN003595,20,0.0,0.0,0.0,0.0,Current,0,,0.0,,REVIEW,0.8
LN003595,21,0.0,0.0,0.0,0.0,Current,0,,0.0,,REVIEW,0.8
LN003596,1,0.0,0.0,0.0,0.0,Current,0,,0.0,,REVIEW,0.8
LN003596,2,0.0,0.0,0.0,0.0,Current,0,,0.0,,REVIEW,0.8
LN003596,3,0.0,0.0,0.0,0.0,Current,0,,0.0,,REVIEW,0.8
LN003596,4,0.0,0.0,0.0,0.0,Current,0,,0.0,,REVIEW,0.8
LN003596,5,0.0,0.0,0.0,0.0,Current,0,,0.0,,REVIEW,0.8
LN003596,6,0.0,0.0,0.0,0.0,Current,0,,0.0,,REVIEW,0.8
LN003596,7,0.0,0.0,0.0,0.0,Current,0,,0.0,,REVIEW,0.8
LN003596,8,0.0,0.0,0.0,0.0,Current,0,,0.0,,REVIEW,0.8
LN003596,9,0.0,0.0,0.0,0.0,Current,0,,0.0,,REVIEW,0.8
LN003596,10,0.0,0.0,0.0,0.0,Current,0,,0.0,,REVIEW,0.8
LN003596,11,0.0,0.0,0.0,0.0,Current,0,,0.0,,REVIEW,0.8
LN003596,12,0.0,0.0,0.0,0.0,Current,0,,0.0,,REVIEW,0.8
LN003596,13,0.0,0.0,0.0,0.0,Current,0,,0.0,,REVIEW,0.8
LN003596,14,0.0,0.0,0.0,0.0,Current,0,,0.0,,REVIEW,0.8
LN003596,15,0.0,0.0,0.0,0.0,Current,0,,0.0,,REVIEW,0.8
LN003596,16,0.0,0.0,0.0,0.0,Current,0,,0.0,,REVIEW,0.8
LN003596,17,0.0,0.0,0.0,0.0,Current,0,,0.0,,REVIEW,0.8
LN003596,18,0.0,0.0,0.0,0.0,Current,0,,0.0,,REVIEW,0.8
LN003596,19,0.0,0.0,0.0,0.0,Current,0,,0.0,,REVIEW,0.8
LN003596,20,0.0,0.0,0.0,0.0,Current,0,,0.0,,REVIEW,0.8
LN003596,21,0.0,0.0,0.0,0.0,Current,0,,0.0,,REVIEW,0.8
LN003596,22,0.0,0.0,0.0,0.0,Current,0,,0.0,,REVIEW,0.8
LN003596,23,0.0,0.0,0.0,0.0,Current,0,,0.0,,REVIEW,0.8
LN003596,24,0.0,0.0,0.0,0.0,Current,0,,0.0,,REVIEW,0.8
LN003597,1,0.0,0.0,0.0,0.0,Current,0,,0.0,,REVIEW,0.8
LN003597,2,0.0,0.0,0.0,0.0,Current,0,,0.0,,REVIEW,0.8
LN003597,3,0.0,0.0,0.0,0.0,Current,0,,0.0,,REVIEW,0.8
LN003597,4,0.0,0.0,0.0,0.0,Current,0,,0.0,,REVIEW,0.8
LN003597,5,0.0,0.0,0.0,0.0,Current,0,,0.0,,REVIEW,0.8
LN003597,6,0.0,0.0,0.0,0.0,Current,0,,0.0,,REVIEW,0.8
LN003597,7,0.0,0.0,0.0,0.0,Current,0,,0.0,,REVIEW,0.8
LN003597,8,0.0,0.0,0.0,0.0,Current,0,,0.0,,REVIEW,0.8
LN003597,9,0.0,0.0,0.0,0.0,Current,0,,0.0,,REVIEW,0.8
LN003597,10,0.0,0.0,0.0,0.0,Current,0,,0.0,,REVIEW,0.8
LN003597,11,0.0,0.0,0.0,0.0,Current,0,,0.0,,REVIEW,0.8
LN003597,12,0.0,0.0,0.0,0.0,Current,0,,0.0,,REVIEW,0.8
LN003597,13,0.0,0.0,0.0,0.0,Current,0,,0.0,,REVIEW,0.8
LN003597,14,0.0,0.0,0.0,0.0,Current,0,,0.0,,REVIEW,0.8
LN003597,15,0.0,0.0,0.0,0.0,Current,0,,0.0,,REVIEW,0.8
LN003597,16,0.0,0.0,0.0,0.0,Current,0,,0.0,,REVIEW,0.8
LN003597,17,0.0,0.0,0.0,0.0,Current,0,,0.0,,REVIEW,0.8
LN003597,18,0.0,0.0,0.0,0.0,Current,0,,0.0,,REVIEW,0.8
LN003597,19,0.0,0.0,0.0,0.0,Current,0,,0.0,,REVIEW,0.8
LN003597,20,0.0,0.0,0.0,0.0,Current,0,,0.0,,REVIEW,0.8
LN003597,21,0.0,0.0,0.0,0.0,Current,0,,0.0,,REVIEW,0.8
LN003597,22,0.0,0.0,0.0,0.0,Current,0,,0.0,,REVIEW,0.8
LN003597,23,0.0,0.0,0.0,0.0,Current,0,,0.0,,REVIEW,0.8
LN003597,24,0.0,0.0,0.0,0.0,Current,0,,0.0,,REVIEW,0.8
LN003598,1,0.0,0.0,0.0,0.0,Current,0,,0.0,,REVIEW,0.8
LN003599,1,0.0,0.0,0.0,0.0,Current,0,,0.0,,REVIEW,0.8
LN003599,2,0.0,0.0,0.0,0.0,Current,0,,0.0,,REVIEW,0.8
LN003599,3,0.0,0.0,0.0,0.0,Current,0,,0.0,,REVIEW,0.8
LN003599,4,0.0,0.0,0.0,0.0,Current,0,,0.0,,REVIEW,0.8
LN003599,5,0.0,0.0,0.0,0.0,Current,0,,0.0,,REVIEW,0.8
LN003599,6,0.0,0.0,0.0,0.0,Current,0,,0.0,,REVIEW,0.8
LN003599,7,0.0,0.0,0.0,0.0,Current,0,,0.0,,REVIEW,0.8
LN003599,8,0.0,0.0,0.0,0.0,Current,0,,0.0,,REVIEW,0.8
LN003599,9,0.0,0.0,0.0,0.0,Current,0,,0.0,,REVIEW,0.8
LN003599,10,0.0,0.0,0.0,0.0,Current,0,,0.0,,REVIEW,0.8
LN003599,11,0.0,0.0,0.0,0.0,Current,0,,0.0,,REVIEW,0.8
LN003599,12,0.0,0.0,0.0,0.0,Current,0,,0.0,,REVIEW,0.8
LN003599,13,0.0,0.0,0.0,0.0,Current,0,,0.0,,REVIEW,0.8
LN003599,14,0.0,0.0,0.0,0.0,Current,0,,0.0,,REVIEW,0.8
LN003599,15,0.0,0.0,0.0,0.0,Current,0,,0.0,,REVIEW,0.8
LN003599,16,0.0,0.0,0.0,0.0,Current,0,,0.0,,REVIEW,0.8
LN003599,17,0.0,0.0,0.0,0.0,Current,0,,0.0,,REVIEW,0.8
LN003599,18,0.0,0.0,0.0,0.0,Current,0,,0.0,,REVIEW,0.8
LN003599,19,0.0,0.0,0.0,0.0,Current,0,,0.0,,REVIEW,0.8
LN003599,20,0.0,0.0,0.0,0.0,Current,0,,0.0,,REVIEW,0.8
LN003599,21,0.0,0.0,0.0,0.0,Current,0,,0.0,,REVIEW,0.8
LN003599,22,0.0,0.0,0.0,0.0,Current,0,,0.0,,REVIEW,0.8
LN003599,23,0.0,0.0,0.0,0.0,Current,0,,0.0,,REVIEW,0.8
LN003599,24,0.0,0.0,0.0,0.0,Current,0,,0.0,,REVIEW,0.8
LN003600,1,0.0,0.0,0.0,0.0,Current,0,,0.0,,REVIEW,0.8
LN003600,2,0.0,0.0,0.0,0.0,Current,0,,0.0,,REVIEW,0.8
LN003600,3,0.0,0.0,0.0,0.0,Current,0,,0.0,,REVIEW,0.8
LN003600,4,0.0,0.0,0.0,0.0,Current,0,,0.0,,REVIEW,0.8
LN003600,5,0.0,0.0,0.0,0.0,Current,0,,0.0,,REVIEW,0.8
LN003600,6,0.0,0.0,0.0,0.0,Current,0,,0.0,,REVIEW,0.8
LN003600,7,0.0,0.0,0.0,0.0,Current,0,,0.0,,REVIEW,0.8
LN003600,8,0.0,0.0,0.0,0.0,Current,0,,0.0,,REVIEW,0.8
LN003600,9,0.0,0.0,0.0,0.0,Current,0,,0.0,,REVIEW,0.8
LN003600,10,0.0,0.0,0.0,0.0,Current,0,,0.0,,REVIEW,0.8
LN003600,11,0.0,0.0,0.0,0.0,Current,0,,0.0,,REVIEW,0.8
LN003600,12,0.0,0.0,0.0,0.0,Current,0,,0.0,,REVIEW,0.8
LN003600,13,0.0,0.0,0.0,0.0,Current,0,,0.0,,REVIEW,0.8
LN003600,14,0.0,0.0,0.0,0.0,Current,0,,0.0,,REVIEW,0.8
LN003600,15,0.0,0.0,0.0,0.0,Current,0,,0.0,,REVIEW,0.8
LN003600,16,0.0,0.0,0.0,0.0,Current,0,,0.0,,REVIEW,0.8
LN003600,17,0.0,0.0,0.0,0.0,Current,0,,0.0,,REVIEW,0.8
LN003600,18,0.0,0.0,0.0,0.0,Current,0,,0.0,,REVIEW,0.8
LN003600,19,0.0,0.0,0.0,0.0,Current,0,,0.0,,REVIEW,0.8
LN003600,20,0.0,0.0,0.0,0.0,Current,0,,0.0,,REVIEW,0.8
LN003600,21,0.0,0.0,0.0,0.0,Current,0,,0.0,,REVIEW,0.8
LN003600,22,0.0,0.0,0.0,0.0,Current,0,,0.0,,REVIEW,0.8
LN003600,23,0.0,0.0,0.0,0.0,Current,0,,0.0,,REVIEW,0.8
LN003600,24,0.0,0.0,0.0,0.0,Current,0,,0.0,,REVIEW,0.8
